{"type": "Feature","bbox": [166.4261,-47.29,169.2785,-44.2551],"geometry": {"type": "MultiPolygon","coordinates": [[[[168.0936,-46.9735,0.0],[168.1108,-46.9694,36.8394],[168.1171,-46.9694,14.7317],[168.1196,-46.9675,0.0],[168.1192,-46.966,21.711],[168.124,-46.9662,11.8457],[168.1244,-46.9628,28.354],[168.1276,-46.9626,0.0],[168.126,-46.9615,14.7918],[168.1262,-46.9594,16.8132],[168.1314,-46.9592,0.0],[168.121,-46.9559,0.0],[168.1188,-46.9561,0.0],[168.1164,-46.9593,0.0],[168.1071,-46.9577,0.0],[168.099,-46.9603,8.4528],[168.0882,-46.956,0.0],[168.0879,-46.9546,0.0],[168.0858,-46.9564,63.1409],[168.0799,-46.9546,12.2034],[168.076,-46.9564,23.7454],[168.0714,-46.955,7.7496],[168.0713,-46.9513,27.9519],[168.0648,-46.9503,34.5158],[168.062,-46.9463,8.5056],[168.06,-46.9467,6.2976],[168.0612,-46.9478,8.5056],[168.0601,-46.9488,18.0029],[168.0561,-46.9493,3.6116],[168.0483,-46.9458,0.0],[168.0467,-46.9471,9.2835],[168.0342,-46.9461,0.0],[168.0265,-46.9515,18.2428],[168.0226,-46.9512,0.0742],[168.0205,-46.9494,11.5184],[168.0235,-46.9481,0.9893],[168.0227,-46.944,0.0],[168.028,-46.9394,18.2504],[168.0237,-46.934,4.4386],[168.0246,-46.9321,0.0],[168.0175,-46.9322,8.5637],[168.0132,-46.9273,33.9197],[168.0148,-46.9245,0.0],[168.0115,-46.9263,59.3505],[168.0052,-46.9242,0.0],[167.9997,-46.9287,18.1657],[167.9963,-46.927,3.216],[167.9958,-46.9285,20.4084],[167.9867,-46.929,0.0],[167.9868,-46.9331,0.0],[167.9835,-46.9356,2.1222],[167.9834,-46.9393,10.2438],[167.9795,-46.9418,14.5089],[167.9715,-46.9445,0.0],[167.9696,-46.9434,26.1136],[167.9705,-46.9419,0.0],[167.9669,-46.9408,3.6699],[167.9654,-46.9428,2.6119],[167.9659,-46.9467,6.6151],[167.9629,-46.9518,42.4336],[167.9639,-46.9539,8.2145],[167.9581,-46.9555,0.0],[167.9572,-46.9577,1.4612],[167.952,-46.9564,5.8049],[167.9501,-46.958,15.0059],[167.9418,-46.9592,1.6746],[167.9351,-46.9657,4.3706],[167.9251,-46.9662,0.0],[167.9189,-46.9695,0.6537],[167.9174,-46.973,33.7939],[167.9114,-46.9756,11.4416],[167.899,-46.9768,3.3765],[167.8972,-46.98,3.2153],[167.8933,-46.9786,3.0031],[167.8947,-46.9803,3.0139],[167.8903,-46.9827,4.0484],[167.8864067590988,-46.982600173310225,3.359],[167.8863,-46.9824,3.359],[167.889,-46.9823,3.7854],[167.8901,-46.9826,3.7854],[167.8922,-46.9801,3.7755],[167.8943,-46.98,3.1663],[167.8929,-46.9784,3.0031],[167.8964,-46.9786,3.2538],[167.8968,-46.9798,3.2153],[167.8985,-46.9765,3.3765],[167.9148,-46.9717,4.9487],[167.9158,-46.9656,19.4086],[167.9203,-46.9648,0.0],[167.924,-46.9599,5.5891],[167.9285,-46.9595,4.9165],[167.9297,-46.9566,0.0],[167.9402,-46.9514,0.0],[167.9435,-46.9454,35.5605],[167.9497,-46.9424,15.7627],[167.9502,-46.9383,1.5831],[167.9617,-46.9346,2.5017],[167.9621,-46.9333,34.1962],[167.9738,-46.9338,16.0858],[167.9787,-46.9294,51.5334],[167.9753,-46.9208,10.9236],[167.978,-46.9174,5.8519],[167.9716,-46.9152,3.7391],[167.9742,-46.9122,18.6532],[167.9732,-46.9084,2.864],[167.965,-46.909,2.8683],[167.97,-46.9055,2.4358],[167.9714,-46.9015,0.0],[167.9644,-46.8985,1.1093],[167.9626,-46.8995,1.1661],[167.9592,-46.8973,2.7091],[167.9543,-46.8962,2.511],[167.95404,-46.89672,3.8885],[167.9542,-46.896,2.511],[167.9606,-46.8974,1.2254],[167.963,-46.8948,1.9806],[167.9586,-46.8942,1.4747],[167.9544,-46.8911,3.6979],[167.9537,-46.892,1.998],[167.952,-46.8919,1.998],[167.9527,-46.89,3.7496],[167.9495,-46.8903,2.0769],[167.9496,-46.8884,2.8802],[167.9471,-46.8887,3.5606],[167.9404,-46.8825,5.2715],[167.9455,-46.8863,3.7676],[167.9469,-46.8883,3.5606],[167.9498,-46.8882,2.8802],[167.9504,-46.8889,3.266],[167.9496,-46.89,2.0769],[167.9517,-46.8895,3.266],[167.9529,-46.8897,3.7496],[167.9533,-46.8904,3.7496],[167.9524,-46.8918,1.998],[167.9532,-46.8918,1.998],[167.9539,-46.8912,3.7496],[167.9548,-46.891,3.6979],[167.9587,-46.8926,2.568],[167.9592,-46.894,1.4747],[167.9617,-46.8935,1.9765],[167.9633,-46.894,2.4823],[167.9636,-46.8951,1.9806],[167.9612,-46.8973,1.2254],[167.9628,-46.8991,1.1661],[167.9642,-46.8983,1.1661],[167.9784,-46.8984,2.5216],[167.9802,-46.8955,1.0264],[167.9758,-46.8908,14.3687],[167.993,-46.8906,23.3104],[168.0023,-46.8949,0.0],[168.0044,-46.8944,33.1759],[168.0052,-46.8924,17.5067],[167.9985,-46.8905,9.8558],[167.9961,-46.8866,22.8768],[167.9977,-46.8834,0.0],[167.9997,-46.8828,0.0],[167.999,-46.8784,8.5119],[168.002,-46.8766,0.0],[168.003,-46.8737,10.931],[167.9908,-46.8707,14.0111],[167.9989,-46.8678,30.0904],[168.0002,-46.8682,16.3224],[167.9985,-46.8692,3.7112],[167.9992,-46.8704,4.3617],[168.0076,-46.8695,64.8822],[168.0104,-46.8713,29.6654],[168.009,-46.8724,0.0],[168.0091,-46.877,0.0],[168.0145,-46.8779,62.4852],[168.0184,-46.8824,23.1917],[168.0135,-46.8838,0.0],[168.0146,-46.8855,35.1486],[168.0129,-46.8865,0.0],[168.0169,-46.888,18.7328],[168.0154,-46.8898,0.0],[168.0203,-46.8901,5.0681],[168.0187,-46.8939,5.0856],[168.0291,-46.8956,13.9113],[168.0322,-46.8978,0.0],[168.0311,-46.9005,5.5485],[168.0251,-46.9038,14.9709],[168.0119,-46.9026,0.0],[168.0168,-46.9035,17.0414],[168.0169,-46.9058,2.4908],[168.0218,-46.9076,9.6491],[168.0215,-46.91,0.0],[168.0233,-46.9125,26.3969],[168.0309,-46.9135,9.4246],[168.0355,-46.9123,22.1642],[168.0418,-46.9152,11.1807],[168.0441,-46.917,10.1668],[168.0429,-46.9185,9.0084],[168.0465,-46.9196,0.0],[168.0485,-46.9194,37.0446],[168.0491,-46.9163,12.002],[168.0492,-46.9178,12.002],[168.0513,-46.9165,19.1221],[168.0511,-46.9182,2.5518],[168.0542,-46.9196,0.0],[168.0631,-46.9175,0.0],[168.057,-46.9176,5.2103],[168.0544,-46.9158,14.8883],[168.0544,-46.9142,10.0354],[168.0494,-46.9115,8.8755],[168.0459,-46.9132,26.1801],[168.0437,-46.9104,8.7939],[168.0387,-46.9103,22.2835],[168.044,-46.9072,16.4036],[168.0483,-46.9078,4.9237],[168.0421,-46.9023,19.1165],[168.0464,-46.9018,6.1329],[168.0473,-46.9024,18.821],[168.045,-46.9032,3.6203],[168.048,-46.9041,13.7835],[168.0536,-46.9008,18.7967],[168.0489,-46.9061,6.1232],[168.0561,-46.9041,18.4461],[168.0525,-46.9071,0.0],[168.0592,-46.9059,24.3594],[168.0569,-46.9078,3.0594],[168.0593,-46.909,6.6597],[168.064,-46.9074,10.7204],[168.0609,-46.9045,27.3517],[168.0639,-46.9036,7.8094],[168.0671,-46.9071,4.8931],[168.0687,-46.9058,8.6687],[168.068,-46.904,0.0],[168.0608,-46.9012,24.0479],[168.0635,-46.9002,16.4501],[168.0634,-46.9014,3.0143],[168.0666,-46.9023,12.2382],[168.0695,-46.9015,0.0],[168.0692,-46.8994,3.1999],[168.0656,-46.8982,2.4467],[168.0655,-46.8996,32.8897],[168.058,-46.8991,19.0378],[168.0684,-46.8951,22.9716],[168.0675,-46.8968,14.129],[168.0713,-46.8974,8.4793],[168.07,-46.8987,2.0453],[168.0737,-46.898,13.2099],[168.074,-46.8998,0.0],[168.0781,-46.901,29.4339],[168.0694,-46.9033,4.8135],[168.0716,-46.9043,32.2653],[168.0715,-46.908,0.0],[168.0745,-46.9068,13.3112],[168.0736,-46.9048,15.3351],[168.0748,-46.9037,27.1341],[168.0796,-46.9053,0.0],[168.081,-46.903,13.3918],[168.0823,-46.9054,6.4727],[168.0855,-46.9061,13.2612],[168.0887,-46.9038,9.1665],[168.0892,-46.9011,33.7559],[168.0906,-46.9017,15.7436],[168.0891,-46.9029,15.1325],[168.0894,-46.9057,0.0],[168.0933,-46.9081,0.0],[168.1027,-46.9076,8.8512],[168.1057,-46.9059,21.0413],[168.1067,-46.9029,35.3906],[168.1125,-46.9033,25.9236],[168.1149,-46.9059,3.5128],[168.1178,-46.9032,7.2753],[168.1224,-46.9031,2.1876],[168.1297,-46.9082,0.0],[168.1375,-46.9059,15.0466],[168.1326,-46.9093,0.0],[168.1409,-46.9094,38.879],[168.1421,-46.9106,3.6012],[168.1404,-46.9122,4.4889],[168.1429,-46.9119,6.7053],[168.1426,-46.9096,3.6012],[168.144,-46.909,3.4191],[168.1434,-46.9024,12.8851],[168.1479,-46.8998,3.3406],[168.1519,-46.9007,7.5603],[168.1534,-46.8985,35.3597],[168.1583,-46.8985,2.9619],[168.1639,-46.8958,12.1323],[168.1562,-46.8942,0.0],[168.1544,-46.8961,20.5258],[168.1452,-46.897,0.0],[168.1456,-46.8984,34.2558],[168.141,-46.9,9.0532],[168.1307,-46.9002,23.8402],[168.1285,-46.8974,19.1026],[168.1316,-46.8947,0.0],[168.1232,-46.8932,18.2202],[168.1317,-46.893,0.0],[168.1321,-46.8903,4.1435],[168.1349,-46.8906,9.9658],[168.1373,-46.8887,7.574],[168.1398,-46.89,2.1557],[168.1457,-46.8887,0.0],[168.1474,-46.8859,11.5542],[168.1447,-46.8841,46.3723],[168.1492,-46.8818,10.9721],[168.1501,-46.8797,3.7733],[168.1491,-46.8777,0.0],[168.1435,-46.8781,40.8681],[168.1337,-46.8802,4.221],[168.1313,-46.8819,5.7739],[168.127,-46.8791,2.5377],[168.126,-46.8753,9.6269],[168.1303,-46.8717,2.6042],[168.1344,-46.8739,12.7265],[168.1387,-46.8711,28.2912],[168.142,-46.872,1.7297],[168.1445,-46.8693,13.6237],[168.1427,-46.8629,16.3608],[168.1412,-46.8623,29.3784],[168.1447,-46.8611,2.2399],[168.1398,-46.8604,0.0],[168.1317,-46.8546,2.7274],[168.1261,-46.8552,0.0],[168.1286,-46.8595,8.0229],[168.1241,-46.8628,0.0],[168.1113,-46.8608,2.3421],[168.1098,-46.8632,20.8955],[168.1097,-46.8591,18.1464],[168.1026,-46.8541,0.0],[168.0981,-46.8534,17.9132],[168.0973,-46.8515,4.8596],[168.0938,-46.8525,3.9234],[168.0939,-46.8546,39.1528],[168.0895,-46.8573,10.3461],[168.0806,-46.8529,25.3066],[168.0764,-46.8541,3.0741],[168.0766,-46.8525,18.6885],[168.0836,-46.852,4.263],[168.0827,-46.8503,11.6443],[168.0841,-46.8478,0.0],[168.08,-46.8425,8.9271],[168.082,-46.8381,2.3714],[168.0873,-46.8361,15.9202],[168.0897,-46.8387,0.0],[168.0935,-46.8385,2.8308],[168.0909,-46.832,9.6692],[168.0872,-46.8299,5.0226],[168.084,-46.8316,24.847],[168.0797,-46.8299,2.2639],[168.0777,-46.8308,2.9796],[168.0717,-46.8246,12.4518],[168.0641,-46.8221,2.6594],[168.0598,-46.8234,12.5695],[168.0537,-46.8226,2.8173],[168.0484,-46.8163,19.4979],[168.0459,-46.8171,0.0],[168.0457,-46.8191,0.0],[168.0393,-46.818,8.1441],[168.0409,-46.8157,0.0],[168.0372,-46.8153,13.4935],[168.0336,-46.8109,0.0],[168.0352,-46.8078,18.4414],[168.0374,-46.8076,0.0],[168.0329,-46.8033,0.0],[168.0346,-46.8011,0.0],[168.0335,-46.7998,9.7238],[168.0265,-46.8021,14.406],[168.0192,-46.8015,17.1991],[168.0162,-46.7979,0.0],[168.0103,-46.7954,12.145],[168.0045,-46.7904,8.3821],[168.0012,-46.7858,7.6641],[168.0,-46.7807,10.8351],[168.0027,-46.7796,2.5975],[168.0046,-46.7758,15.1381],[168.0037,-46.7724,1.3751],[168.0007,-46.7703,9.2031],[167.991,-46.7703,18.9555],[167.9875,-46.7653,0.0],[167.9896,-46.7638,0.0],[167.9845,-46.7604,24.8545],[167.9838,-46.7555,15.6067],[167.9855,-46.7545,0.0],[167.9819,-46.7519,3.7128],[167.9816,-46.7496,0.0],[167.9837,-46.7492,1.551],[167.9795,-46.7458,0.0],[167.9805,-46.7425,3.7801],[167.9789,-46.74,0.0],[167.9792,-46.7361,0.0],[167.9764,-46.7316,27.6277],[167.9774,-46.7209,3.1689],[167.9754,-46.7207,2.4867],[167.9727,-46.7229,0.0],[167.9594,-46.7207,9.0813],[167.9523,-46.7168,2.4428],[167.9454,-46.7085,4.5528],[167.9419,-46.7081,14.443],[167.937,-46.71,15.2082],[167.9339,-46.7088,8.6362],[167.9303,-46.7058,4.3808],[167.9308,-46.7035,5.8973],[167.9254,-46.7001,13.203],[167.912,-46.6987,6.7354],[167.9069,-46.7003,19.2264],[167.8974,-46.6943,0.0],[167.8886,-46.6943,5.4015],[167.8891,-46.6922,2.1486],[167.8865,-46.6932,15.7701],[167.8829,-46.6919,5.7313],[167.878,-46.6855,0.0],[167.8709,-46.6854,20.4456],[167.869,-46.6835,10.8258],[167.8624,-46.6858,3.9018],[167.8583,-46.6895,0.5077],[167.857,-46.6918,2.3306],[167.8598,-46.6935,25.0586],[167.8564,-46.6947,49.6815],[167.855,-46.6971,0.0],[167.8356,-46.703,7.2293],[167.8266,-46.7024,0.0],[167.8242,-46.7009,16.0266],[167.8242,-46.6986,11.0201],[167.8214,-46.6954,1.4544],[167.8135,-46.6929,0.0],[167.808,-46.692,5.4945],[167.8067,-46.694,12.8654],[167.8028,-46.695,49.7361],[167.7937,-46.6933,25.7298],[167.7922,-46.691,0.0],[167.7891,-46.6903,13.1679],[167.7892,-46.6874,1.2275],[167.7846,-46.688,5.4119],[167.7669,-46.6962,0.0],[167.7546,-46.6947,23.7265],[167.7517,-46.6964,26.6093],[167.7505,-46.6994,56.6648],[167.7474,-46.7006,0.7809],[167.7432,-46.7083,39.9726],[167.7391,-46.7097,0.4901],[167.7388,-46.7114,2.9884],[167.7425,-46.715,3.1579],[167.7406,-46.7144,2.1449],[167.7397,-46.7137,2.8768],[167.739,-46.7118,2.9884],[167.7317,-46.7133,33.964],[167.7267,-46.7099,27.8371],[167.7238,-46.7104,34.5982],[167.7252,-46.7124,45.6945],[167.724,-46.714,54.6615],[167.7196,-46.7144,0.0],[167.7202,-46.7165,2.6201],[167.7225,-46.7174,15.2909],[167.7213,-46.7181,1.0236],[167.7222,-46.7189,25.4646],[167.7197,-46.7192,1.0236],[167.7223,-46.7201,24.0626],[167.7211,-46.723,0.0],[167.7237,-46.7239,88.9123],[167.7251,-46.7281,10.7933],[167.719,-46.7427,0.0],[167.7162,-46.745,12.5748],[167.7076,-46.745,17.8731],[167.7082,-46.7473,36.4419],[167.7069,-46.7485,0.0],[167.7099,-46.7488,25.194],[167.7072,-46.7497,10.2281],[167.709,-46.7503,10.2281],[167.7078,-46.7528,27.8523],[167.7039,-46.7545,0.6366],[167.7091,-46.7646,0.0],[167.7093,-46.7686,37.1907],[167.7171,-46.7789,17.4909],[167.7191,-46.7853,2.7265],[167.7168,-46.7891,1.3351],[167.7062,-46.7898,42.412],[167.703,-46.7887,8.2607],[167.7028,-46.7902,0.0],[167.7061,-46.7929,4.971],[167.7002,-46.7956,4.4597],[167.7074,-46.7994,105.4068],[167.7095,-46.805,0.5305],[167.7159,-46.8046,26.1465],[167.7164,-46.8062,26.1465],[167.7197,-46.8071,25.7234],[167.7182,-46.8085,0.2504],[167.7228,-46.8098,0.8349],[167.721,-46.8117,0.0],[167.7242,-46.8118,36.5437],[167.7228,-46.8128,1.1961],[167.7257,-46.8145,36.7185],[167.7279,-46.8186,8.0281],[167.7264,-46.8202,0.0922],[167.728,-46.8215,52.953],[167.7262,-46.8231,2.7623],[167.7289,-46.8248,0.2266],[167.73,-46.8277,36.8192],[167.7249,-46.8314,0.0],[167.7273,-46.8325,4.721],[167.7333,-46.8315,0.0],[167.7343,-46.8352,37.4711],[167.7376,-46.8371,12.0827],[167.7352,-46.8391,0.4521],[167.7404,-46.8391,39.6024],[167.7418,-46.8408,0.5701],[167.7389,-46.8431,0.1087],[167.7509,-46.8483,20.7319],[167.7496,-46.8543,0.0],[167.7539,-46.8563,0.3825],[167.7581,-46.8685,0.0],[167.7572,-46.8707,6.7302],[167.7512,-46.8729,1.4844],[167.751,-46.8751,27.7124],[167.7537,-46.8778,23.1405],[167.7631,-46.8815,26.5394],[167.7662,-46.8863,0.0],[167.7685,-46.9044,0.0],[167.766,-46.9211,0.0],[167.7708,-46.9228,8.8382],[167.7651,-46.9229,0.0],[167.758,-46.936,0.0],[167.759,-46.9374,4.3054],[167.7453,-46.95,4.7616],[167.7333,-46.9574,0.0],[167.7216,-46.9626,1.8938],[167.6985,-46.9663,5.3278],[167.6938,-46.9683,4.074],[167.6938,-46.9678,0.7722],[167.6952,-46.9671,0.7272],[167.679,-46.9647,2.854],[167.6795,-46.9693,0.0],[167.676,-46.969,0.0],[167.6733,-46.9762,10.6923],[167.6692,-46.9773,0.0],[167.6767,-46.9788,11.2921],[167.6815,-46.9766,16.1119],[167.6855,-46.9788,19.1968],[167.6844,-46.9821,0.3751],[167.6847,-46.9853,9.506],[167.6864,-46.9866,2.6635],[167.6848,-46.9886,14.0775],[167.6865,-46.9894,14.0775],[167.686,-46.9919,10.2615],[167.68,-46.9952,0.0],[167.6802,-46.9977,0.0],[167.6817,-46.9975,1.8042],[167.6818,-46.9961,45.4534],[167.6899,-46.9969,13.992],[167.6919,-47.0012,16.4557],[167.6969,-47.0005,22.2023],[167.7004,-47.0033,10.9984],[167.694,-47.0099,34.2272],[167.6865,-47.0145,0.0],[167.6878,-47.0169,0.0],[167.69,-47.017,22.1854],[167.6934,-47.0205,1.3079],[167.6951,-47.0202,14.8083],[167.698,-47.0261,5.9843],[167.6948,-47.0299,25.878],[167.6918,-47.0308,3.342],[167.6931,-47.0322,25.9047],[167.6919,-47.0338,7.4125],[167.6936,-47.0357,2.7262],[167.6952,-47.0342,26.4564],[167.701,-47.0343,1.8436],[167.7042,-47.0321,0.0],[167.7104,-47.0368,1.4787],[167.7147,-47.0448,0.0],[167.7135,-47.0487,6.6908],[167.7212,-47.0499,14.7877],[167.7258,-47.0476,35.9208],[167.7287,-47.0491,24.019],[167.7284,-47.0528,37.1006],[167.7272,-47.0523,15.2239],[167.7271,-47.0512,19.4211],[167.7233,-47.0525,38.0672],[167.724,-47.0543,47.6992],[167.7223,-47.056399999999996,21.405],[167.7238,-47.0542,47.6992],[167.7225,-47.0531,31.5015],[167.7225,-47.0528,38.0672],[167.7237,-47.0521,23.4184],[167.7271,-47.0508,19.4211],[167.7277,-47.0491,24.019],[167.7254,-47.0479,39.25],[167.7234,-47.0494,10.1963],[167.7214,-47.0501,14.7877],[167.7189,-47.0502,26.0508],[167.7133,-47.0488,6.6908],[167.7126,-47.0474,0.0],[167.7142,-47.0451,0.0],[167.7133,-47.0438,0.0],[167.7061,-47.049,0.6933],[167.6983,-47.0477,0.0],[167.6924,-47.0506,6.5555],[167.6902,-47.0495,0.0],[167.6901,-47.0468,2.0141],[167.6498,-47.0365,36.9315],[167.6457,-47.039,40.3529],[167.6349,-47.0385,4.3885],[167.634,-47.0404,36.3234],[167.6254,-47.0428,0.0],[167.6204,-47.0418,9.9195],[167.6204,-47.045,38.3595],[167.6123,-47.0488,2.3733],[167.6112,-47.0525,32.9387],[167.6081,-47.0523,0.0],[167.6075,-47.0559,3.7753],[167.6004,-47.0582,27.551],[167.5993,-47.0598,0.0],[167.6004,-47.0608,23.6787],[167.5988,-47.0617,0.0],[167.6,-47.0635,2.9573],[167.5981,-47.0644,2.9573],[167.5992,-47.0655,3.9837],[167.5983,-47.0698,72.5533],[167.5952,-47.0713,28.5137],[167.5949,-47.0732,40.7163],[167.5852,-47.0753,0.6743],[167.5863,-47.0768,66.1672],[167.5833,-47.0782,0.8839],[167.5841,-47.0799,119.7469],[167.5793,-47.0853,18.0711],[167.5738,-47.085,15.0471],[167.5594,-47.0913,69.1411],[167.5606,-47.094,11.1733],[167.5587,-47.0962,0.0],[167.5607,-47.0959,20.0995],[167.5607,-47.0994,13.6832],[167.5635,-47.1003,39.2736],[167.5679,-47.1069,47.4533],[167.5662,-47.1097,0.0],[167.5677,-47.1131,6.9051],[167.5786,-47.1099,8.8722],[167.5814,-47.1126,6.2989],[167.5903,-47.1139,29.5042],[167.5775,-47.1179,0.0],[167.5804,-47.1193,26.1075],[167.5779,-47.1207,22.5358],[167.581,-47.1247,42.5247],[167.5766,-47.1247,37.423],[167.5732,-47.1289,0.0],[167.5737,-47.1338,3.702],[167.5826,-47.1346,36.5109],[167.5734,-47.1364,22.7748],[167.5735,-47.1404,8.1309],[167.5762,-47.1409,42.2848],[167.5736,-47.1415,12.3413],[167.5729,-47.1436,7.8404],[167.5669,-47.1441,0.0],[167.5613,-47.1514,12.3052],[167.557,-47.1522,2.6371],[167.5549,-47.1556,3.7436],[167.5625,-47.1528,12.3052],[167.5641,-47.1528,14.8917],[167.5634,-47.1549,15.4654],[167.5676,-47.1538,1.484],[167.5727,-47.1477,10.1113],[167.5756,-47.1541,37.6716],[167.5726,-47.1556,0.0],[167.574,-47.1601,9.6089],[167.5714,-47.1638,17.523],[167.576,-47.1662,56.1689],[167.573,-47.1674,0.0],[167.5675,-47.1771,28.2983],[167.5552,-47.1748,16.3665],[167.5446,-47.1767,15.792],[167.5391,-47.184,7.6478],[167.5267,-47.1859,0.2802],[167.5217,-47.189,0.0],[167.5282,-47.1934,19.7858],[167.5227,-47.1958,7.1607],[167.5283,-47.1961,22.3222],[167.5193,-47.1976,0.0],[167.5185,-47.1986,1.5177],[167.5206,-47.1991,19.5322],[167.5195,-47.2012,0.0],[167.5212,-47.2014,16.2561],[167.5183,-47.2024,0.0],[167.5185,-47.2039,13.0064],[167.5148,-47.1991,0.0],[167.5107,-47.1985,7.1233],[167.5025,-47.2027,14.4725],[167.503,-47.2011,10.5203],[167.501,-47.1984,11.9676],[167.4984,-47.1976,0.6319],[167.4989,-47.2007,2.2935],[167.4968,-47.2019,13.9377],[167.4963,-47.2,4.1638],[167.4932,-47.2006,0.9488],[167.4936,-47.2018,5.1575],[167.4897,-47.2028,0.5636],[167.4938,-47.2028,5.1575],[167.4861,-47.2066,0.0],[167.4859,-47.2079,0.0],[167.4886,-47.2072,13.0739],[167.4882,-47.2087,7.201],[167.4943,-47.2071,13.3516],[167.4919,-47.2093,6.9196],[167.4838,-47.21,2.3171],[167.4847,-47.2113,20.1187],[167.4834,-47.212,20.1187],[167.4758,-47.2126,0.0],[167.4666,-47.2163,15.0027],[167.4677,-47.2177,15.0027],[167.4656,-47.2221,3.4724],[167.4706,-47.2237,37.3643],[167.464,-47.2265,0.0],[167.4659,-47.2281,24.3837],[167.4634,-47.2299,4.0096],[167.4682,-47.2323,8.5413],[167.4621,-47.2335,0.0],[167.4594,-47.2356,0.0],[167.461,-47.2383,9.2464],[167.4587,-47.2419,6.4777],[167.4593,-47.2442,0.0],[167.4633,-47.2481,23.8315],[167.4604,-47.2509,5.2781],[167.4618,-47.2533,3.9018],[167.4601,-47.2551,7.7714],[167.4567,-47.2545,0.0],[167.4571,-47.256,0.0],[167.4485,-47.2582,9.6359],[167.4512,-47.2629,5.7477],[167.4472,-47.2671,4.6943],[167.4491,-47.2681,0.0],[167.4549,-47.2668,23.2915],[167.4529,-47.273,12.7404],[167.4552,-47.2746,11.8997],[167.4541,-47.2774,13.0311],[167.4553,-47.2767,13.0311],[167.4572,-47.2795,6.5557],[167.4584,-47.2788,17.6175],[167.4661,-47.2829,2.1678],[167.4759,-47.281,33.8965],[167.4801,-47.2777,2.0858],[167.4761,-47.2767,15.0953],[167.4856,-47.2704,20.4313],[167.4917,-47.2701,17.2536],[167.4909,-47.2748,0.0],[167.4922,-47.2761,6.6001],[167.4903,-47.2794,2.2095],[167.4949,-47.2816,0.0],[167.4894,-47.2844,1.9819],[167.4904,-47.2853,1.8204],[167.501,-47.2843,57.6812],[167.5072,-47.2854,14.9265],[167.516,-47.2822,53.3475],[167.517,-47.2842,3.7592],[167.5247,-47.2866,11.3535],[167.5244,-47.2876,11.3535],[167.5278,-47.2861,99.7796],[167.5354,-47.2871,33.0111],[167.5377,-47.29,0.0],[167.5449,-47.2862,0.0],[167.5412,-47.2855,16.8213],[167.5414,-47.2832,0.0],[167.5495,-47.2804,9.5058],[167.5595,-47.2774,41.6083],[167.565,-47.279,0.0],[167.5675,-47.2778,19.9021],[167.5729,-47.2787,6.4941],[167.5731,-47.2759,18.212],[167.5652,-47.2727,26.6305],[167.5786,-47.2701,4.4884],[167.5739,-47.2675,24.1963],[167.5776,-47.2635,2.4896],[167.5901,-47.2609,1.1915],[167.5835,-47.2601,31.1654],[167.5836,-47.2586,31.7451],[167.5869,-47.2575,3.9937],[167.5862,-47.2565,3.9937],[167.578,-47.2575,25.0743],[167.5876,-47.2503,23.1347],[167.589,-47.2515,13.8246],[167.5855,-47.2534,0.0],[167.59,-47.2538,3.2998],[167.5907,-47.2503,22.6078],[167.5932,-47.2485,22.4101],[167.5922,-47.247,19.8875],[167.5932,-47.2453,18.5038],[167.5961,-47.2452,6.2932],[167.5974,-47.2469,4.2099],[167.5957,-47.2478,0.0],[167.6002,-47.2493,10.9999],[167.6021,-47.2488,10.9999],[167.601,-47.2478,35.0872],[167.6116,-47.2481,0.0],[167.6142,-47.2463,6.3029],[167.6173,-47.2479,8.7877],[167.6147,-47.25,19.6391],[167.6156,-47.2519,23.3405],[167.6123,-47.252,3.7238],[167.6091,-47.2559,2.0999],[167.6111,-47.2611,39.5104],[167.6093,-47.2623,0.0],[167.6143,-47.2652,11.9037],[167.6123,-47.2655,1.9253],[167.612,-47.2674,8.3163],[167.6091,-47.2669,1.2928],[167.6105,-47.2693,38.1151],[167.6097,-47.2713,0.0],[167.6188,-47.2696,0.0],[167.6187,-47.2678,0.0],[167.6165,-47.2667,24.1225],[167.6205,-47.2658,13.9154],[167.6257,-47.2649,3.464],[167.6257,-47.266,3.464],[167.6282,-47.266,28.4264],[167.6297,-47.2644,45.5112],[167.6329,-47.2647,0.0],[167.6342,-47.2669,2.6372],[167.6459,-47.2638,0.0],[167.6467,-47.2615,0.0],[167.6451,-47.2604,38.9973],[167.6481,-47.2579,0.0],[167.6466,-47.2564,4.7824],[167.647,-47.2542,9.8079],[167.6481,-47.2527,37.8831],[167.6516,-47.2538,1.1554],[167.6549,-47.2529,0.0],[167.6534,-47.2494,43.6666],[167.6567,-47.2442,0.0],[167.6542,-47.2433,6.6356],[167.6464,-47.2446,31.4429],[167.6367,-47.2494,20.4346],[167.6408,-47.2458,33.5233],[167.6455,-47.2438,0.0],[167.6441,-47.2435,17.5708],[167.6488,-47.2423,8.5364],[167.6513,-47.2389,26.4593],[167.6579,-47.237,0.0],[167.6582,-47.2343,26.6713],[167.6597,-47.2344,26.6713],[167.6624,-47.2292,0.0],[167.6598,-47.2305,4.698],[167.6552,-47.2286,9.6618],[167.6507,-47.2292,17.1004],[167.655,-47.2281,9.6618],[167.6551,-47.2264,4.6157],[167.6576,-47.2251,15.1777],[167.6511,-47.2214,17.6023],[167.6385,-47.2213,4.6143],[167.6388,-47.2226,4.6143],[167.6335,-47.2259,2.3078],[167.6355,-47.2268,11.7093],[167.6349,-47.2285,8.5729],[167.6308,-47.2305,2.0549],[167.6324,-47.232,5.6325],[167.6362,-47.2319,7.2043],[167.6306,-47.2344,0.0],[167.6372,-47.2328,22.8913],[167.6407,-47.2343,17.4752],[167.6266,-47.2363,2.5206],[167.625,-47.2389,11.3577],[167.6265,-47.2397,10.7722],[167.6248,-47.2399,10.7722],[167.6259,-47.2409,10.7722],[167.6206,-47.2448,23.1576],[167.6178,-47.2431,22.988],[167.6215,-47.2413,0.0],[167.6213,-47.2381,0.0],[167.616,-47.2388,16.6709],[167.6114,-47.2358,0.0],[167.6095,-47.2367,25.2288],[167.6079,-47.2346,13.6887],[167.5975,-47.2348,13.9466],[167.5833,-47.2401,45.8677],[167.582,-47.2386,8.3852],[167.5696,-47.2414,13.1639],[167.5678,-47.2433,19.8252],[167.5609,-47.2417,32.0652],[167.5611,-47.2373,0.0],[167.5529,-47.2348,20.9008],[167.5528,-47.2337,3.2784],[167.5564,-47.2341,4.8931],[167.5529,-47.2329,13.4976],[167.5559,-47.2325,1.6903],[167.5546,-47.2317,13.4976],[167.5569,-47.2297,0.0],[167.5611,-47.2293,20.1964],[167.5671,-47.233,2.9167],[167.5651,-47.2343,0.0],[167.5682,-47.2378,25.1522],[167.5738,-47.2375,0.0],[167.5728,-47.2368,14.2899],[167.5726,-47.2363,14.2899],[167.5729,-47.236,26.0882],[167.5776,-47.2371,0.0],[167.5833,-47.2325,4.8494],[167.5818,-47.2324,4.8494],[167.5822,-47.2297,5.8441],[167.5861,-47.2267,22.2369],[167.5853,-47.2283,0.0],[167.5872,-47.229,14.8989],[167.5957,-47.2294,22.8043],[167.5972,-47.228,1.9723],[167.603,-47.2284,0.0],[167.6043,-47.2262,20.4348],[167.6091,-47.2251,4.7444],[167.6074,-47.2237,11.7604],[167.6079,-47.2231,11.7604],[167.6112,-47.2224,0.0],[167.6108,-47.2206,0.0],[167.597,-47.218,33.7557],[167.5977,-47.216,42.2338],[167.606,-47.2101,7.5897],[167.6081,-47.2109,11.7177],[167.6069,-47.2122,0.9333],[167.6099,-47.2115,2.5445],[167.6135,-47.214,5.2493],[167.6167,-47.2139,0.0],[167.6158,-47.2122,20.0908],[167.6181,-47.212,7.1354],[167.6187,-47.2102,0.0],[167.6167,-47.2069,4.7865],[167.6178,-47.2053,17.3467],[167.6194,-47.2075,24.8321],[167.6222,-47.2077,32.7067],[167.6254,-47.2062,3.3638],[167.624,-47.2032,12.7105],[167.6261,-47.2022,11.7028],[167.6256,-47.2042,2.7455],[167.6292,-47.2033,6.7252],[167.6288,-47.2043,8.382],[167.6316,-47.2049,21.8538],[167.6267,-47.2067,0.0],[167.6294,-47.2085,22.5474],[167.6267,-47.208,0.0],[167.6231,-47.2105,0.9585],[167.6315,-47.2126,16.0451],[167.6364,-47.2101,7.1237],[167.634,-47.208,25.874],[167.6391,-47.2047,2.5923],[167.635,-47.2025,21.4887],[167.6387,-47.2014,0.0],[167.6384,-47.199,5.3182],[167.6348,-47.1983,3.5314],[167.6318,-47.2013,19.7844],[167.6319,-47.1996,4.2978],[167.6363,-47.1954,5.2826],[167.6229,-47.1968,11.7479],[167.6285,-47.1956,6.4446],[167.6253,-47.1943,0.0],[167.6179,-47.1947,7.5333],[167.6124,-47.1967,4.973],[167.6057,-47.1967,2.9242],[167.6044,-47.1984,6.473],[167.598,-47.1961,14.0118],[167.6076,-47.1959,0.0],[167.6056,-47.1944,4.1448],[167.6065,-47.1938,4.1463],[167.6108,-47.196,7.0197],[167.618,-47.1937,4.9034],[167.623,-47.1937,0.0],[167.6213,-47.1919,7.8268],[167.6315,-47.1948,3.0375],[167.6299,-47.1956,2.1375],[167.631,-47.1957,3.0375],[167.6344,-47.1952,5.4948],[167.6326,-47.1944,20.8834],[167.6383,-47.1922,0.0],[167.6371,-47.1916,18.9344],[167.6405,-47.1912,39.6517],[167.6372,-47.1942,3.2003],[167.6386,-47.1947,0.0],[167.6515,-47.188,3.5354],[167.6556,-47.1875,7.669],[167.6559,-47.189,25.6031],[167.6483,-47.1906,8.7307],[167.6364,-47.1975,3.3535],[167.6404,-47.1989,4.2308],[167.6421,-47.1964,4.4548],[167.645,-47.1956,21.4621],[167.6463,-47.1975,31.5432],[167.6449,-47.1984,0.0],[167.6485,-47.1986,25.9294],[167.6447,-47.1996,0.0],[167.6478,-47.2013,37.7825],[167.6444,-47.2019,0.0],[167.645,-47.2042,1.3269],[167.6509,-47.2034,3.8257],[167.6518,-47.2045,15.1589],[167.6605,-47.2017,0.0],[167.6689,-47.1953,13.4464],[167.6746,-47.1943,4.8785],[167.6754,-47.1931,4.8785],[167.6722,-47.1898,0.0],[167.6733,-47.1878,0.0],[167.6714,-47.187,22.4685],[167.6739,-47.1833,1.8827],[167.6699,-47.1833,22.1718],[167.6739,-47.182,1.9791],[167.6729,-47.1805,0.0],[167.6694,-47.1799,20.3361],[167.6611,-47.1821,35.2583],[167.6745,-47.1761,4.4912],[167.6755,-47.1741,3.9955],[167.6735,-47.1725,0.0],[167.671,-47.1735,22.9993],[167.6713,-47.1719,22.0059],[167.668,-47.1681,41.5707],[167.6606,-47.1656,35.8893],[167.6662,-47.1654,12.996],[167.6667,-47.16,17.3856],[167.6683,-47.1635,19.5179],[167.6667,-47.1657,12.996],[167.6697,-47.1689,3.7364],[167.6709,-47.1669,12.9767],[167.6791,-47.1704,7.3823],[167.6864,-47.171,10.3369],[167.686,-47.1687,22.4988],[167.6983,-47.1633,25.6721],[167.6992,-47.161,8.6609],[167.6968,-47.1594,62.8785],[167.6993,-47.1538,0.0],[167.6974,-47.1512,50.4859],[167.7016,-47.152,23.9838],[167.703,-47.1552,12.4679],[167.7051,-47.1556,28.8626],[167.7033,-47.1568,8.9936],[167.705,-47.1584,0.0],[167.7105,-47.1566,16.7491],[167.7106,-47.1604,4.0067],[167.7144,-47.1608,33.2379],[167.7121,-47.1622,0.0],[167.7145,-47.1628,16.5555],[167.7171,-47.1668,5.5116],[167.7196,-47.1664,48.5193],[167.7146,-47.1692,0.0],[167.7184,-47.1692,24.7722],[167.7182,-47.1712,24.0844],[167.7162,-47.1716,2.2222],[167.719,-47.1717,12.8194],[167.717,-47.1736,2.7237],[167.7201,-47.1766,22.5403],[167.7164,-47.1784,7.7336],[167.7177,-47.1786,25.0401],[167.7175,-47.1805,25.8723],[167.7218,-47.1822,14.8123],[167.7271,-47.1832,0.0],[167.7293,-47.1801,14.5077],[167.7333,-47.182,5.977],[167.7356,-47.179,31.3848],[167.7387,-47.1779,40.8625],[167.7405,-47.1793,28.3851],[167.7423,-47.1782,5.6574],[167.7428,-47.1795,5.6574],[167.751,-47.1758,0.0],[167.7507,-47.1743,33.9163],[167.7564,-47.1742,36.5922],[167.7579,-47.1708,29.6425],[167.7617,-47.1732,22.7084],[167.7617,-47.1759,21.3612],[167.7681,-47.179,8.2344],[167.7648,-47.1815,11.3449],[167.7673,-47.1838,13.6452],[167.7715,-47.18,9.7166],[167.7764,-47.1843,0.7824],[167.7805,-47.1847,0.0],[167.7824,-47.1837,5.8266],[167.7809,-47.182,53.2235],[167.7862,-47.1824,6.2008],[167.791,-47.1792,42.9967],[167.7936,-47.1869,10.715],[167.7954,-47.1882,0.0],[167.799,-47.1861,68.786],[167.8111,-47.191,22.3685],[167.8138,-47.1905,29.8615],[167.8129,-47.192,6.4721],[167.8174,-47.1911,31.7967],[167.8203,-47.1924,3.7859],[167.8266,-47.1915,0.0],[167.8237,-47.1885,30.6008],[167.8287,-47.1899,0.0],[167.8302,-47.1883,53.5003],[167.8343,-47.1899,0.0],[167.8362,-47.1871,18.0623],[167.8354,-47.1852,9.8282],[167.8465,-47.1787,76.3821],[167.8498,-47.179,25.0308],[167.8503,-47.1819,7.0328],[167.8548,-47.1823,22.7221],[167.8566,-47.1805,23.1803],[167.86,-47.1825,26.2305],[167.8658,-47.1813,0.0],[167.8643,-47.1786,36.1235],[167.8654,-47.1762,81.1247],[167.8672,-47.1769,1.774],[167.8636,-47.1721,38.6574],[167.8662,-47.1681,12.867],[167.8712,-47.1696,0.1173],[167.8746,-47.1742,47.5706],[167.8776,-47.1752,4.6326],[167.8872,-47.1718,11.6698],[167.8898,-47.1677,53.0414],[167.8947,-47.1703,1.3743],[167.8946,-47.1686,24.2185],[167.8963,-47.1688,24.2185],[167.8973,-47.1704,0.4636],[167.8981,-47.169,17.7652],[167.8966,-47.167,37.3491],[167.8988,-47.1676,27.4601],[167.9005,-47.1653,56.5257],[167.9027,-47.1668,0.0],[167.903,-47.1629,0.0],[167.9012,-47.1618,5.7841],[167.9054,-47.1598,4.4953],[167.9051,-47.1585,30.135],[167.9102,-47.1547,0.0],[167.9125,-47.1498,20.5501],[167.9153,-47.1525,29.5773],[167.9176,-47.1515,25.8593],[167.9195,-47.1546,0.0],[167.9196,-47.1511,66.7326],[167.9221,-47.1532,1.6057],[167.9242,-47.1518,39.3825],[167.9276,-47.1525,2.5344],[167.9302,-47.1501,2.5975],[167.932,-47.1414,16.4889],[167.9348,-47.1398,7.5066],[167.9338,-47.1378,29.9502],[167.9358,-47.1373,6.7778],[167.9354,-47.1361,28.93],[167.9373,-47.1373,6.7778],[167.9378,-47.1361,20.36],[167.9358,-47.1346,17.8972],[167.9435,-47.1359,53.5721],[167.9463,-47.1315,11.3058],[167.9498,-47.1321,14.3212],[167.9498,-47.1282,18.6113],[167.9567,-47.1313,10.7508],[167.961,-47.1396,0.0],[167.9663,-47.1396,0.0],[167.9663,-47.1377,60.129],[167.9707,-47.1363,0.0],[167.9739,-47.1319,19.9405],[167.9818,-47.1345,15.0754],[167.985,-47.1279,57.8872],[167.9915,-47.1283,0.5812],[167.9968,-47.1247,23.1475],[167.9917,-47.1138,14.2346],[167.993,-47.1125,23.4694],[167.9879,-47.112,35.2954],[167.9911,-47.112,23.4694],[167.9934,-47.1124,34.518],[167.9932,-47.1143,30.0316],[168.0022,-47.1196,2.9904],[168.0034,-47.1222,0.0],[168.0115,-47.1196,0.0],[168.0115,-47.1182,38.1174],[168.0176,-47.1208,10.9332],[168.0161,-47.1236,21.3344],[168.0184,-47.1257,22.2909],[168.0211,-47.1269,1.0746],[168.0283,-47.126,67.2035],[168.0314,-47.1284,5.5492],[168.0369,-47.1269,35.378],[168.043,-47.1288,24.8547],[168.0458,-47.1261,61.6738],[168.0463,-47.1271,34.9833],[168.0464,-47.1239,39.8226],[168.0423,-47.1212,15.6327],[168.043,-47.118899999999996,0.5495],[168.0408,-47.1176,0.0],[168.0412,-47.1142,0.0],[168.0391,-47.1124,26.4999],[168.0435,-47.1119,26.3453],[168.0518,-47.1206,40.5743],[168.0607,-47.121,27.7047],[168.0646,-47.1178,21.8522],[168.0618,-47.115,13.082],[168.0633,-47.1108,5.3359],[168.06,-47.1095,0.0],[168.0592,-47.1056,26.8815],[168.0628,-47.1089,4.2842],[168.0645,-47.1082,2.1275],[168.0682,-47.1102,5.918],[168.0705,-47.1078,41.1102],[168.0727,-47.1088,11.8044],[168.0698,-47.1037,8.4123],[168.071,-47.103,8.4123],[168.0815,-47.1079,34.3843],[168.0829,-47.1092,6.2332],[168.0812,-47.1097,0.0],[168.0836,-47.1119,0.0],[168.0877,-47.1083,6.9723],[168.0875,-47.1119,4.3105],[168.089,-47.1141,19.6748],[168.0908,-47.1121,15.3998],[168.0948,-47.1145,21.5655],[168.1045,-47.115,18.9623],[168.1066,-47.1172,5.7915],[168.1097,-47.1158,23.0589],[168.1092,-47.12,1.7337],[168.1104,-47.1204,1.7337],[168.1123,-47.1178,15.0855],[168.1221,-47.1227,17.0103],[168.1241,-47.1193,18.2424],[168.1292,-47.1227,18.8794],[168.1347,-47.1187,49.8529],[168.1347,-47.1171,35.5759],[168.1301,-47.1178,0.0],[168.1236,-47.115,10.3766],[168.1232,-47.1135,10.155],[168.1247,-47.1131,10.155],[168.1217,-47.1094,0.0],[168.1184,-47.1088,30.2769],[168.1186,-47.1062,0.0],[168.1128,-47.1078,4.8435],[168.1142,-47.1101,26.0416],[168.1084,-47.1103,20.6195],[168.1118,-47.1089,0.0],[168.1105,-47.1078,0.0],[168.1125,-47.1058,0.0],[168.1116,-47.1043,0.0],[168.1017,-47.1051,38.9854],[168.101,-47.1017,20.4383],[168.0979,-47.1018,20.5475],[168.1012,-47.1002,7.0793],[168.0935,-47.0998,23.9789],[168.0877,-47.0976,0.0],[168.0852,-47.0985,26.5823],[168.0856,-47.0972,5.6674],[168.0783,-47.0966,25.5653],[168.0728,-47.093,15.7233],[168.0715,-47.0939,15.7233],[168.0738,-47.0886,3.0595],[168.0674,-47.0859,3.5665],[168.0651,-47.0828,17.4254],[168.0635,-47.0834,18.2272],[168.066,-47.0804,5.3982],[168.0576,-47.0798,27.6094],[168.0553,-47.0762,13.9094],[168.0564,-47.0763,20.9991],[168.0581,-47.0794,15.4763],[168.0641,-47.0799,16.5488],[168.0663,-47.0795,24.9728],[168.0668,-47.0776,42.0451],[168.069,-47.0763,16.5147],[168.0671,-47.0778,42.0451],[168.0669,-47.0839,21.9355],[168.0715,-47.0848,15.5546],[168.073,-47.0876,7.3329],[168.0753,-47.087,12.9541],[168.0736,-47.0906,5.8081],[168.0747,-47.0942,7.4307],[168.0792,-47.0952,8.6659],[168.0822,-47.0942,31.1308],[168.0867,-47.0966,0.0],[168.0904,-47.0928,20.4524],[168.0911,-47.0931,15.9645],[168.0882,-47.0955,17.8212],[168.0896,-47.0971,4.6419],[168.0914,-47.0974,17.5785],[168.092,-47.0959,24.9778],[168.0928,-47.0977,17.9411],[168.0978,-47.0988,6.7247],[168.1005,-47.0978,27.2112],[168.1035,-47.1008,14.3148],[168.1048,-47.0988,25.3397],[168.1044,-47.1008,13.5279],[168.1025,-47.1011,14.3148],[168.1039,-47.1034,2.2283],[168.1067,-47.0999,7.4381],[168.1105,-47.0994,45.2432],[168.1119,-47.1005,25.9846],[168.1095,-47.1028,0.0],[168.1115,-47.1016,13.264],[168.1159,-47.1047,0.0],[168.1177,-47.1041,5.1003],[168.1164,-47.1038,18.9528],[168.1182,-47.1017,25.2764],[168.1178,-47.1035,5.1003],[168.1209,-47.1031,31.7102],[168.1203,-47.1058,9.2021],[168.1239,-47.107,3.1042],[168.1316,-47.103,25.9367],[168.1302,-47.1053,6.7908],[168.1312,-47.1063,29.7301],[168.1289,-47.1084,0.0],[168.1333,-47.1087,19.1057],[168.1333,-47.1105,14.9575],[168.1352,-47.1113,0.0],[168.1362,-47.1097,20.9573],[168.1404,-47.1093,14.4525],[168.1387,-47.1116,1.8379],[168.1417,-47.1118,19.881],[168.1441,-47.1146,0.0],[168.1479,-47.1142,29.6727],[168.1461,-47.1177,6.3223],[168.1533,-47.1155,29.8396],[168.1499,-47.1072,11.9127],[168.1533,-47.1051,6.8485],[168.1558,-47.1084,3.3581],[168.1571,-47.1071,6.8063],[168.1556,-47.106,22.2974],[168.1565,-47.1042,1.7486],[168.1521,-47.1016,19.1967],[168.1549,-47.099,2.2144],[168.1507,-47.0946,31.8148],[168.1425,-47.092,9.7267],[168.1427,-47.0877,19.2273],[168.146,-47.0879,0.0],[168.1461,-47.0855,0.0],[168.1414,-47.0841,0.0],[168.141,-47.0803,5.5498],[168.1389,-47.0811,15.0723],[168.1409,-47.0782,2.9167],[168.1443,-47.079,18.9071],[168.1427,-47.0798,0.0],[168.1436,-47.0823,8.2143],[168.1496,-47.0831,12.0287],[168.1524,-47.085,4.3697],[168.1509,-47.0862,0.0],[168.1531,-47.0868,6.2],[168.1535,-47.0833,22.4098],[168.1562,-47.0828,39.2754],[168.1579,-47.0846,0.6649],[168.1628,-47.0833,3.278],[168.1607,-47.0821,41.8155],[168.1662,-47.0821,0.0],[168.1682,-47.0786,6.3826],[168.1703,-47.0781,3.977],[168.1725,-47.079,29.8512],[168.1718,-47.0818,0.7196],[168.174,-47.0822,26.6561],[168.1727,-47.0837,9.6884],[168.1792,-47.0863,3.4774],[168.1819,-47.0864,0.0],[168.1842,-47.0843,21.0032],[168.1881,-47.0851,9.5472],[168.1918,-47.083,10.3321],[168.192,-47.0851,3.9803],[168.1943,-47.0846,0.9528],[168.1955,-47.0862,18.3345],[168.193,-47.0878,4.1658],[168.1939,-47.0887,9.5277],[168.1917,-47.089,3.1978],[168.1913,-47.0912,10.1378],[168.1968,-47.0934,3.8413],[168.1977,-47.0962,0.0],[168.2028,-47.0971,3.4],[168.1987,-47.0986,0.0],[168.1995,-47.0993,6.9219],[168.2041,-47.0983,1.299],[168.2045,-47.0966,6.4135],[168.207,-47.0961,9.904],[168.2062,-47.0946,9.904],[168.2103,-47.0961,4.3007],[168.2107,-47.0941,14.7182],[168.2162,-47.0942,13.5283],[168.2203,-47.097,0.6341],[168.2176,-47.0937,1.53],[168.2188,-47.0927,0.7872],[168.213,-47.0928,9.8272],[168.2136,-47.0915,2.3185],[168.2117,-47.0913,9.8272],[168.2128,-47.0897,12.2262],[168.209,-47.088,21.2187],[168.2116,-47.0861,0.0],[168.2112,-47.0841,9.0065],[168.2059,-47.082,27.9378],[168.207,-47.0788,0.0],[168.2031,-47.0819,27.6092],[168.196,-47.083,15.6631],[168.1882,-47.0788,0.6448],[168.1865,-47.0818,3.0945],[168.1847,-47.082,3.0945],[168.1818,-47.0785,8.3709],[168.1717,-47.0737,24.3209],[168.1694,-47.0702,57.8083],[168.1718,-47.0693,35.4181],[168.1704,-47.0673,10.8559],[168.1585,-47.0682,21.5567],[168.158,-47.0694,21.5567],[168.1512,-47.0673,37.8209],[168.1529,-47.0665,11.1964],[168.1521,-47.0656,15.2726],[168.1566,-47.0666,0.0],[168.1689,-47.0657,6.5564],[168.1643,-47.0608,7.349],[168.1703,-47.0599,0.0],[168.1716,-47.061,0.0],[168.1698,-47.0623,0.0],[168.1724,-47.0623,0.0],[168.1756,-47.0584,1.8408],[168.1756,-47.0568,3.11],[168.1718,-47.0568,22.3185],[168.1763,-47.0531,0.0],[168.1721,-47.0497,26.7486],[168.1727,-47.047,0.0],[168.164,-47.0466,16.8216],[168.1623,-47.044,16.0368],[168.1643,-47.0432,13.4167],[168.1616,-47.0417,16.0032],[168.1649,-47.043,13.4167],[168.1634,-47.0447,32.0069],[168.1669,-47.046,19.5095],[168.175,-47.0447,18.3304],[168.1717,-47.0454,0.0],[168.1752,-47.0465,12.1909],[168.1743,-47.0496,0.0],[168.1954,-47.0621,11.9913],[168.1949,-47.0638,2.8436],[168.204,-47.0664,0.0],[168.2106,-47.0663,0.0],[168.2111,-47.0648,26.822],[168.2087,-47.0636,18.5371],[168.2103,-47.0614,6.9018],[168.2002,-47.0578,0.0],[168.1977,-47.0517,20.8377],[168.204,-47.049,23.5005],[168.2063,-47.0506,0.0],[168.2058,-47.0486,11.9736],[168.2089,-47.0481,0.0],[168.2046,-47.0454,27.8501],[168.2067,-47.0437,28.2369],[168.2114,-47.0433,0.0],[168.2081,-47.039,1.3107],[168.2094,-47.0363,0.0],[168.2133,-47.037,3.5644],[168.2188,-47.0351,0.9193],[168.2075,-47.0323,0.0],[168.2044,-47.033,38.1828],[168.2016,-47.028,0.0],[168.2047,-47.0255,13.7466],[168.21,-47.0272,0.0],[168.2102,-47.0256,19.8992],[168.218,-47.0246,0.0],[168.2189,-47.0214,12.949],[168.2259,-47.0207,0.0],[168.2246,-47.019,4.2448],[168.2261,-47.0184,0.0],[168.2256,-47.0167,9.6485],[168.2293,-47.016,7.9795],[168.2287,-47.0136,1.8034],[168.2229,-47.0129,0.0],[168.2147,-47.0173,0.0],[168.209,-47.015,22.613],[168.207,-47.0102,12.1799],[168.2029,-47.0082,4.3592],[168.2028,-47.0047,11.6847],[168.2039,-47.0032,5.7065],[168.2115,-47.0034,0.0],[168.2104,-47.0025,20.4912],[168.2133,-46.9999,6.2818],[168.212,-46.9994,30.5366],[168.2139,-46.9984,2.6543],[168.213,-46.997,21.7665],[168.2148,-46.9972,7.2213],[168.216,-46.9956,0.0],[168.2147,-46.9941,11.4212],[168.2162,-46.9937,0.0],[168.212,-46.9928,0.0],[168.2083,-46.9949,32.0548],[168.2047,-46.9946,19.5945],[168.2057,-46.9903,0.8878],[168.1998,-46.987,0.0],[168.1947,-46.9868,59.1134],[168.1938,-46.9835,5.7281],[168.1903,-46.9835,29.4754],[168.1911,-46.9806,0.0],[168.1833,-46.9793,7.4916],[168.1844,-46.9769,19.368],[168.1775,-46.9729,5.5722],[168.1783,-46.9675,31.3452],[168.1837,-46.966,4.4604],[168.1836,-46.9639,1.2086],[168.1819,-46.963,31.5166],[168.1859,-46.9604,13.7015],[168.1843,-46.9582,29.8184],[168.1766,-46.9563,15.8344],[168.1774,-46.9556,1.7617],[168.174,-46.953,10.9847],[168.1757,-46.9518,0.7586],[168.175,-46.9501,0.0],[168.1775,-46.9488,0.0],[168.1764,-46.9467,0.0],[168.1788,-46.9445,0.0],[168.1767,-46.9423,14.5209],[168.1792,-46.9423,0.4648],[168.1833,-46.9387,9.9384],[168.1899,-46.9379,25.5988],[168.192,-46.939,6.1085],[168.1908,-46.9381,6.1085],[168.1929,-46.9361,0.0],[168.1876,-46.9343,6.847],[168.1877,-46.9305,6.744],[168.1905,-46.9291,5.1385],[168.1908,-46.9258,16.0855],[168.1991,-46.9272,2.686],[168.1996,-46.9254,1.0561],[168.1939,-46.925,7.1676],[168.1952,-46.9226,4.9837],[168.1927,-46.9213,2.9562],[168.1916,-46.9244,16.4353],[168.1885,-46.925,0.0],[168.1875,-46.9293,0.0],[168.1812,-46.9273,2.2506],[168.1725,-46.9293,23.843],[168.1733,-46.9308,31.2311],[168.1713,-46.9321,7.2286],[168.1736,-46.9342,31.2055],[168.1712,-46.935,6.3527],[168.1725,-46.9378,35.2222],[168.1681,-46.9381,16.1515],[168.1679,-46.9397,6.1136],[168.172,-46.9414,5.5491],[168.1715,-46.9437,12.1481],[168.1747,-46.9465,2.6118],[168.1722,-46.9521,5.1025],[168.169,-46.9529,0.0],[168.1724,-46.9548,15.3239],[168.171,-46.9575,3.7702],[168.1674,-46.9582,0.0],[168.1753,-46.9661,23.2381],[168.1747,-46.969,14.9654],[168.1728,-46.9697,11.3135],[168.1738,-46.9709,11.3135],[168.168,-46.9735,15.8746],[168.1545,-46.9741,6.0263],[168.1538,-46.9709,11.0542],[168.159,-46.9702,3.1964],[168.1583,-46.9678,6.5914],[168.1617,-46.9667,8.8523],[168.1601,-46.9656,3.9648],[168.1563,-46.9678,1.0887],[168.1504,-46.9665,3.9712],[168.1503,-46.9682,40.8448],[168.1457,-46.9706,11.7408],[168.1479,-46.9705,24.601],[168.1466,-46.9713,14.6256],[168.1477,-46.9724,23.4745],[168.1442,-46.9713,10.5275],[168.1452,-46.9691,3.6058],[168.1433,-46.9694,0.0],[168.1416,-46.9763,6.6065],[168.1442,-46.9786,7.9056],[168.1417,-46.9843,11.3298],[168.1397,-46.9835,8.8974],[168.1379,-46.9856,2.6389],[168.1394,-46.9906,37.6881],[168.1376,-46.9895,10.6713],[168.1315,-46.9905,22.058],[168.134,-46.9885,0.0],[168.1325,-46.9865,7.192],[168.1274,-46.9883,4.1974],[168.1251,-46.9927,11.93],[168.1194,-46.9914,11.7348],[168.1096,-46.992,6.512],[168.1055,-46.9938,12.7794],[168.1039,-46.9897,10.6652],[168.094,-46.991,12.8011],[168.097,-46.9892,2.3916],[168.0962,-46.9883,2.3916],[168.0924,-46.9884,14.6027],[168.0911,-46.9892,0.0],[168.092,-46.9904,27.8754],[168.0888,-46.9905,11.9175],[168.0884,-46.9889,0.0],[168.0855,-46.9884,5.6839],[168.0865,-46.9907,21.2464],[168.0749,-46.9913,45.6859],[168.0782,-46.9856,0.0],[168.0731,-46.9866,13.0574],[168.0727,-46.9836,10.1085],[168.0873,-46.9792,14.0711],[168.0936,-46.9735,0.0]],
[[167.95404,-46.89672,3.8885],[167.954,-46.8969,3.5289],[167.9539596153846,-46.896880769230769,3.5289],[167.95404,-46.89672,3.8885]],
[[167.9539596153846,-46.896880769230769,3.5289],[167.9539,-46.897,3.5289],[167.9499,-46.8964,5.4985],[167.9503,-46.8961,2.8672],[167.9519,-46.8959,2.8672],[167.9539596153846,-46.896880769230769,3.5289]],
[[167.8864067590988,-46.982600173310225,3.359],[167.8871,-46.9839,3.0197],[167.8864,-46.9826,3.359],[167.8864067590988,-46.982600173310225,3.359]],
[[168.0221,-46.9038,8.2908],[168.0222,-46.904,8.2908],[168.0213,-46.904,5.364],[168.0215,-46.9038,5.364],[168.0221,-46.9038,8.2908]],
[[168.0946,-46.9727,19.5775],[168.0947,-46.9728,19.5775],[168.0943,-46.9729,19.5775],[168.0945,-46.9726,19.5775],[168.0946,-46.9727,19.5775]]],
[[[167.3904,-47.2677,2.0208],[167.3903,-47.2669,2.0208],[167.3884,-47.2672,0.2041],[167.3892,-47.2682,0.0],[167.3904,-47.2677,2.0208]]],
[[[167.3961,-47.2641,8.3933],[167.3911,-47.2645,0.0],[167.3913,-47.2692,0.0],[167.3935,-47.2705,7.5774],[167.3991,-47.2691,3.5595],[167.3995,-47.2654,13.2744],[167.3961,-47.2641,8.3933]]],
[[[167.4247,-47.2466,0.0],[167.4242,-47.2468,0.0],[167.4252,-47.2472,0.0],[167.4253,-47.2467,0.0],[167.4247,-47.2466,0.0]]],
[[[167.438,-47.2416,0.9647],[167.4387,-47.2418,0.9647],[167.4393,-47.2403,0.0],[167.4382,-47.241,0.0],[167.438,-47.2416,0.9647]]],
[[[167.4198,-47.2502,0.0],[167.4185,-47.2495,8.9203],[167.4168,-47.2499,0.0],[167.4181,-47.2505,4.6004],[167.4198,-47.2502,0.0]]],
[[[167.4167,-47.251,0.0],[167.417,-47.2515,0.0],[167.4176,-47.2513,0.0],[167.417,-47.251,4.6004],[167.4167,-47.251,0.0]]],
[[[167.3495,-47.2321,0.0],[167.3471,-47.2311,0.0],[167.3463,-47.2333,0.0],[167.3484,-47.2335,2.2712],[167.3495,-47.2321,0.0]]],
[[[167.3506,-47.231,0.0],[167.3512,-47.2314,0.0],[167.3516,-47.23,0.0],[167.3504,-47.2304,0.0],[167.3506,-47.231,0.0]]],
[[[167.3599,-47.2293,15.7853],[167.3594,-47.2294,15.7853],[167.3593,-47.2296,0.0],[167.3597,-47.2296,2.7757],[167.3599,-47.2293,15.7853]]],
[[[167.36,-47.2305,2.7757],[167.3607,-47.2305,2.7757],[167.3605,-47.2299,2.7757],[167.3599,-47.23,2.7757],[167.36,-47.2305,2.7757]]],
[[[167.3563,-47.2303,0.0],[167.3568,-47.2295,0.0],[167.3552,-47.23,0.0],[167.3555,-47.2306,0.0],[167.3563,-47.2303,0.0]]],
[[[167.3536,-47.2292,0.0],[167.3531,-47.2297,0.0],[167.3542,-47.2302,0.0],[167.3543,-47.2295,0.0],[167.3536,-47.2292,0.0]]],
[[[167.4378,-47.2356,7.5388],[167.438,-47.2367,4.5095],[167.4395,-47.2368,4.5095],[167.4389,-47.2357,7.5388],[167.4378,-47.2356,7.5388]]],
[[[167.3723,-47.2242,0.0],[167.3724,-47.224,0.0],[167.3722,-47.2239,0.0],[167.3721,-47.2241,0.0],[167.3723,-47.2242,0.0]]],
[[[167.33,-47.223,21.3091],[167.3266,-47.2208,2.4915],[167.3202,-47.2245,0.0],[167.3222,-47.2277,30.4547],[167.3264,-47.2288,24.711],[167.33,-47.223,21.3091]]],
[[[167.3314,-47.2184,11.4322],[167.3317,-47.217,0.6492],[167.326,-47.2184,0.0],[167.3296,-47.22,24.9088],[167.3283,-47.2207,2.4915],[167.3302,-47.222,30.7594],[167.332,-47.2207,5.3151],[167.3313,-47.2196,5.3151],[167.3342,-47.2185,2.8257],[167.3314,-47.2184,11.4322]]],
[[[167.4385,-47.2152,0.0],[167.4383,-47.2154,0.0],[167.4384,-47.216,0.0],[167.4387,-47.2159,0.0],[167.4385,-47.2152,0.0]]],
[[[167.3754,-47.2229,0.211],[167.3754,-47.2227,0.211],[167.3752,-47.2229,0.211],[167.3754,-47.2229,0.211]]],
[[[167.4361,-47.2187,7.0277],[167.4335,-47.2186,4.7402],[167.4289,-47.2214,0.2327],[167.4362,-47.2229,41.7551],[167.4407,-47.2219,5.5697],[167.4402,-47.2198,11.8033],[167.4361,-47.2187,7.0277]]],
[[[167.3774,-47.2212,6.4427],[167.3767,-47.2212,6.4427],[167.3766,-47.2214,8.781],[167.3772,-47.2214,8.781],[167.3774,-47.2212,6.4427]]],
[[[167.3775,-47.2205,6.4427],[167.3771,-47.2208,6.4427],[167.3779,-47.221,12.1639],[167.3779,-47.2207,12.1639],[167.3775,-47.2205,6.4427]]],
[[[167.3752,-47.2224,0.211],[167.3759,-47.2229,8.781],[167.3762,-47.2226,8.781],[167.3755,-47.2221,0.211],[167.3752,-47.2224,0.211]]],
[[[167.3825,-47.2225,0.0],[167.3824,-47.2224,0.0],[167.3824,-47.2225,0.0],[167.3825,-47.2225,0.0]]],
[[[167.3785,-47.2224,0.5059],[167.3788,-47.2232,0.0],[167.3793,-47.2232,0.0],[167.3787,-47.2224,0.5059],[167.3785,-47.2224,0.5059]]],
[[[167.3764,-47.2222,8.781],[167.3775,-47.223,0.0],[167.3781,-47.2229,0.5059],[167.3773,-47.2217,8.781],[167.3764,-47.2222,8.781]]],
[[[167.3754,-47.2189,10.3891],[167.3754,-47.2194,10.3891],[167.3763,-47.2198,6.4427],[167.3759,-47.2187,47.8843],[167.3754,-47.2189,10.3891]]],
[[[167.4334,-47.2181,0.0],[167.4337,-47.218,4.7402],[167.4336,-47.2179,1.0792],[167.4332,-47.2179,0.0],[167.4334,-47.2181,0.0]]],
[[[167.4371,-47.2165,0.7745],[167.436,-47.2153,2.0877],[167.4345,-47.217,1.0792],[167.4369,-47.2168,0.7745],[167.4371,-47.2165,0.7745]]],
[[[167.4313,-47.2177,0.0],[167.4315,-47.2178,0.0],[167.4316,-47.2177,0.0],[167.4314,-47.2176,0.0],[167.4313,-47.2177,0.0]]],
[[[167.4342,-47.2177,1.0792],[167.4347,-47.2172,1.0792],[167.4334,-47.2172,0.0],[167.4336,-47.2176,1.0792],[167.4342,-47.2177,1.0792]]],
[[[167.4319,-47.2173,0.0],[167.4315,-47.2172,0.0],[167.4314,-47.2173,0.0],[167.4318,-47.2176,0.0],[167.4319,-47.2173,0.0]]],
[[[167.3724,-47.2251,7.9122],[167.3727,-47.2251,7.9122],[167.3727,-47.225,7.9122],[167.3723,-47.225,7.9122],[167.3724,-47.2251,7.9122]]],
[[[167.3718,-47.2275,33.244],[167.3734,-47.2276,33.244],[167.3741,-47.2265,0.0],[167.3713,-47.2255,0.0],[167.3718,-47.2275,33.244]]],
[[[167.3679,-47.2261,0.0],[167.3686,-47.2271,0.0433],[167.3691,-47.2268,0.0433],[167.3686,-47.2259,0.0],[167.3679,-47.2261,0.0]]],
[[[167.3667,-47.229,2.7488],[167.368,-47.2285,0.0],[167.3679,-47.2275,0.0433],[167.3652,-47.2287,5.3428],[167.3667,-47.229,2.7488]]],
[[[167.3641,-47.2279,4.9776],[167.3633,-47.2262,0.0],[167.3629,-47.228,37.9933],[167.3603,-47.2275,1.118],[167.3602,-47.2289,15.7853],[167.3615,-47.2302,2.5356],[167.3641,-47.2279,4.9776]]],
[[[167.4343,-47.2246,41.2038],[167.4225,-47.2244,0.0],[167.414,-47.2279,0.0],[167.4122,-47.2266,8.9317],[167.4069,-47.2282,21.8115],[167.4045,-47.2301,25.3204],[167.4015,-47.2301,17.9294],[167.4,-47.2324,5.4026],[167.3967,-47.2326,3.4128],[167.3957,-47.2353,21.4887],[167.3921,-47.2355,0.0],[167.3917,-47.2389,5.2255],[167.3835,-47.2431,23.8385],[167.3816,-47.247,14.7283],[167.3785,-47.2478,1.1608],[167.3774,-47.2498,2.3568],[167.3794,-47.2559,0.0],[167.3875,-47.2519,9.8565],[167.3899,-47.253,12.3659],[167.3871,-47.2551,0.4748],[167.3886,-47.2551,12.5776],[167.3897,-47.2585,0.166],[167.3925,-47.2586,37.6526],[167.3953,-47.2612,42.4725],[167.4002,-47.2612,52.4554],[167.4012,-47.2542,13.731],[167.4027,-47.2531,0.0],[167.4123,-47.2486,14.3429],[167.4191,-47.2492,0.0],[167.4199,-47.2465,0.0],[167.4153,-47.245,10.5156],[167.4217,-47.2416,10.154],[167.4275,-47.2433,0.0],[167.4272,-47.2405,61.5625],[167.4324,-47.2341,41.113],[167.4394,-47.2348,7.5388],[167.4386,-47.2327,28.4392],[167.4407,-47.2323,21.2982],[167.4415,-47.2301,40.9994],[167.4343,-47.2246,41.2038]]],
[[[167.3716,-47.224,0.0],[167.3716,-47.2236,0.0],[167.3708,-47.2237,0.0],[167.3714,-47.2244,0.0],[167.3716,-47.224,0.0]]],
[[[167.4394,-47.2249,3.6221],[167.4363,-47.2237,4.0308],[167.4346,-47.2238,0.0],[167.4375,-47.2252,6.4459],[167.4394,-47.2249,3.6221]]],
[[[167.4175,-47.1389,0.0],[167.4173,-47.1373,0.0],[167.4149,-47.1378,0.0],[167.4138,-47.1402,1.6936],[167.4157,-47.1421,1.8546],[167.418,-47.1402,0.0],[167.4175,-47.1389,0.0]]],
[[[167.4068,-47.1402,1.5163],[167.4073,-47.1367,7.2008],[167.4034,-47.1398,16.8878],[167.4029,-47.1428,26.7231],[167.3987,-47.1444,0.0],[167.3985,-47.1456,0.9051],[167.4006,-47.145,54.6575],[167.399,-47.1509,11.0827],[167.4027,-47.1523,79.3464],[167.4025,-47.1559,6.4428],[167.3988,-47.1569,0.8811],[167.3988,-47.1584,0.8203],[167.4041,-47.1586,5.2528],[167.4044,-47.1573,20.1244],[167.4032,-47.1575,20.1244],[167.4054,-47.156,0.2905],[167.4039,-47.1555,27.6474],[167.4069,-47.1524,8.0622],[167.4067,-47.1501,13.1915],[167.4102,-47.149,1.9022],[167.4091,-47.1455,0.0],[167.4066,-47.1458,42.9272],[167.4095,-47.1436,0.0],[167.4067,-47.143,24.5589],[167.4068,-47.1402,1.5163]]],
[[[167.4009,-47.1406,10.4297],[167.4028,-47.1402,16.8878],[167.4029,-47.1387,0.0],[167.4009,-47.1382,14.1401],[167.3987,-47.1418,0.0],[167.4009,-47.1406,10.4297]]],
[[[167.3923,-47.2105,0.0],[167.3885,-47.2091,0.0],[167.3878,-47.2112,7.7496],[167.3859,-47.2095,0.0],[167.3842,-47.2122,24.4546],[167.3792,-47.2125,0.0],[167.3794,-47.2164,36.9233],[167.3755,-47.2152,4.2661],[167.3751,-47.2172,44.4227],[167.3773,-47.2199,6.4427],[167.3874,-47.2218,8.7006],[167.3912,-47.2197,15.6049],[167.3898,-47.2178,56.282],[167.3942,-47.2189,24.0998],[167.3961,-47.2166,45.1749],[167.399,-47.217,7.3761],[167.3996,-47.215,27.9307],[167.3968,-47.2149,30.4031],[167.3923,-47.2105,0.0]]],
[[[167.4467,-47.2125,4.6954],[167.4471,-47.2109,0.0],[167.4452,-47.2116,0.8735],[167.4453,-47.2121,0.8735],[167.4467,-47.2125,4.6954]]],
[[[168.1318,-46.986,0.0],[168.1317,-46.986,0.0],[168.1315,-46.9862,0.0],[168.1319,-46.9861,0.0],[168.1318,-46.986,0.0]]],
[[[168.1369,-46.9853,0.0],[168.137,-46.9853,0.0],[168.1373,-46.9852,2.6389],[168.1371,-46.9851,0.0],[168.1369,-46.9853,0.0]]],
[[[168.1068,-46.9924,0.0],[168.1069,-46.9925,0.0],[168.1073,-46.9924,0.0],[168.1071,-46.9923,0.0],[168.1068,-46.9924,0.0]]],
[[[168.1246,-46.9916,0.0],[168.125,-46.9916,11.93],[168.125,-46.9915,11.93],[168.1248,-46.9914,0.0],[168.1246,-46.9916,0.0]]],
[[[168.083,-46.9898,0.0],[168.0836,-46.9901,0.0],[168.084,-46.9897,4.3137],[168.0831,-46.9897,0.0],[168.083,-46.9898,0.0]]],
[[[168.1252,-46.9898,6.0945],[168.1254,-46.9897,6.0945],[168.1249,-46.9897,6.0945],[168.1249,-46.9898,6.0945],[168.1252,-46.9898,6.0945]]],
[[[168.138,-46.9849,2.6389],[168.1379,-46.9849,2.6389],[168.1378,-46.985,2.6389],[168.1382,-46.985,2.6389],[168.138,-46.9849,2.6389]]],
[[[168.0762,-46.9829,16.4331],[168.0764,-46.9829,16.4331],[168.0764,-46.9827,16.4331],[168.0762,-46.9826,16.4331],[168.0762,-46.9829,16.4331]]],
[[[168.1407,-46.9769,0.0],[168.141,-46.9769,0.0],[168.1409,-46.9766,0.0],[168.1407,-46.9767,0.0],[168.1407,-46.9769,0.0]]],
[[[168.1386,-46.9824,0.0],[168.138,-46.982,0.0],[168.135,-46.9819,0.0],[168.1375,-46.9847,2.6389],[168.1386,-46.9824,0.0]]],
[[[168.1097,-46.9705,2.866],[168.1099,-46.9704,2.866],[168.1099,-46.9702,2.866],[168.1096,-46.9702,2.866],[168.1097,-46.9705,2.866]]],
[[[168.1189,-46.9689,0.0],[168.1189,-46.9691,0.0],[168.1191,-46.9689,0.0],[168.1191,-46.9688,0.0],[168.1189,-46.9689,0.0]]],
[[[168.1646,-46.966,0.0],[168.1646,-46.9657,0.0],[168.1643,-46.9657,0.0],[168.1644,-46.9662,0.0],[168.1646,-46.966,0.0]]],
[[[168.1654,-46.9658,0.0],[168.1654,-46.9659,0.0],[168.1656,-46.9658,0.0],[168.1655,-46.9657,0.0],[168.1654,-46.9658,0.0]]],
[[[168.1649,-46.9659,0.0],[168.1649,-46.966,0.0],[168.1651,-46.9659,0.0],[168.1649,-46.9658,0.0],[168.1649,-46.9659,0.0]]],
[[[168.1643,-46.9664,0.0],[168.1632,-46.9653,0.0],[168.1624,-46.9654,0.0],[168.1623,-46.9665,0.0],[168.1643,-46.9664,0.0]]],
[[[168.1571,-46.9642,0.0],[168.1577,-46.9643,0.0],[168.1577,-46.9638,0.0],[168.1571,-46.9639,0.0],[168.1571,-46.9642,0.0]]],
[[[168.1385,-46.9634,6.5678],[168.1407,-46.962,7.1297],[168.1351,-46.9597,0.4943],[168.1314,-46.9628,2.306],[168.1333,-46.9649,0.0],[168.1385,-46.9634,6.5678]]],
[[[168.1307,-46.9653,0.0],[168.1307,-46.966,0.0],[168.1315,-46.9659,0.0],[168.1311,-46.9654,0.0],[168.1307,-46.9653,0.0]]],
[[[168.1585,-46.9651,0.0],[168.1582,-46.965,0.0],[168.158,-46.965,0.0],[168.1584,-46.9653,0.0],[168.1585,-46.9651,0.0]]],
[[[168.167,-46.9576,0.0],[168.1672,-46.9574,0.0],[168.1671,-46.9573,0.0],[168.1668,-46.9575,0.0],[168.167,-46.9576,0.0]]],
[[[168.1827,-46.9487,0.0],[168.1815,-46.948,2.5918],[168.178,-46.9486,0.0],[168.1812,-46.9502,0.0],[168.1827,-46.9487,0.0]]],
[[[167.6731,-46.9522,0.0],[167.6716,-46.949,4.9741],[167.6691,-46.9492,0.2131],[167.6691,-46.953,5.3242],[167.6705,-46.9538,26.3564],[167.6653,-46.9539,6.8989],[167.6637,-46.9558,0.0],[167.6726,-46.9568,53.5712],[167.6711,-46.9595,0.0],[167.6723,-46.9605,97.3493],[167.6694,-46.9622,2.4603],[167.6708,-46.9664,0.0],[167.6732,-46.9669,29.0366],[167.6701,-46.9687,19.8647],[167.6714,-46.9699,1.9194],[167.6763,-46.9665,0.0],[167.6783,-46.9622,0.0],[167.6769,-46.9592,11.4467],[167.6777,-46.9572,7.3161],[167.6731,-46.9522,0.0]]],
[[[168.141,-46.9563,18.2912],[168.1366,-46.9563,0.0],[168.1462,-46.9582,0.0],[168.1433,-46.9567,13.973],[168.141,-46.9563,18.2912]]],
[[[168.1281,-46.9495,0.144],[168.1283,-46.9488,0.144],[168.1264,-46.9488,0.0],[168.1273,-46.9497,2.3818],[168.1281,-46.9495,0.144]]],
[[[168.1471,-46.9528,0.0],[168.1417,-46.9518,5.8278],[168.145,-46.9542,0.0],[168.1479,-46.9543,0.0],[168.1471,-46.9528,0.0]]],
[[[168.1299,-46.9525,2.7693],[168.1251,-46.9499,4.9021],[168.1247,-46.9518,0.0],[168.1281,-46.9533,0.863],[168.127,-46.9547,0.0],[168.1321,-46.9542,1.201],[168.1299,-46.9525,2.7693]]],
[[[168.1359,-46.9509,7.9882],[168.1349,-46.9496,15.8871],[168.1302,-46.9506,0.0],[168.1334,-46.9523,8.5172],[168.1359,-46.9509,7.9882]]],
[[[167.553,-47.1163,32.0282],[167.5531,-47.1163,32.0282],[167.5534,-47.1161,0.0],[167.5532,-47.1161,0.0],[167.553,-47.1163,32.0282]]],
[[[168.1367,-47.1107,20.9573],[168.1365,-47.1108,20.9573],[168.1364,-47.1109,20.9573],[168.1367,-47.1108,20.9573],[168.1367,-47.1107,20.9573]]],
[[[168.1992,-47.1092,0.0],[168.1974,-47.1087,0.0],[168.1972,-47.1094,0.0],[168.1982,-47.1104,0.0],[168.1992,-47.1092,0.0]]],
[[[168.2069,-47.1075,0.1014],[168.2065,-47.1069,0.1014],[168.205,-47.107,2.4139],[168.2057,-47.1081,0.0],[168.2069,-47.1075,0.1014]]],
[[[168.2019,-47.1074,10.5152],[168.2024,-47.1081,0.0],[168.2035,-47.1078,2.4139],[168.2033,-47.107,2.4139],[168.2019,-47.1074,10.5152]]],
[[[167.5556,-47.1161,0.0],[167.5559,-47.1162,0.0],[167.556,-47.1159,0.0],[167.5556,-47.116,0.0],[167.5556,-47.1161,0.0]]],
[[[167.5529,-47.1158,0.0],[167.5528,-47.1158,0.0],[167.5528,-47.1159,0.0],[167.5529,-47.1159,0.0],[167.5529,-47.1158,0.0]]],
[[[168.128,-47.1158,0.0],[168.1282,-47.1158,0.0],[168.1281,-47.1156,0.0],[168.128,-47.1156,0.0],[168.128,-47.1158,0.0]]],
[[[168.2021,-47.1134,14.757],[168.2002,-47.1122,2.8156],[168.1975,-47.1133,0.0],[168.2005,-47.1158,7.6753],[168.2028,-47.1152,11.0845],[168.2021,-47.1134,14.757]]],
[[[168.205,-47.1051,1.534],[168.2047,-47.1049,1.534],[168.2045,-47.1051,1.534],[168.2048,-47.1053,1.534],[168.205,-47.1051,1.534]]],
[[[168.1074,-47.1025,0.0],[168.1075,-47.1025,0.0],[168.1077,-47.1024,0.0],[168.1075,-47.1023,0.0],[168.1074,-47.1025,0.0]]],
[[[168.1992,-47.1018,8.9081],[168.1991,-47.1016,8.9081],[168.1988,-47.1017,0.0],[168.1989,-47.1019,8.9081],[168.1992,-47.1018,8.9081]]],
[[[168.199,-47.1015,8.9081],[168.1992,-47.1013,8.9081],[168.1987,-47.1015,0.0],[168.1989,-47.1015,8.9081],[168.199,-47.1015,8.9081]]],
[[[168.2199,-47.0719,8.2627],[168.2174,-47.0713,1.7216],[168.2155,-47.0752,2.351],[168.2283,-47.075,0.0],[168.2225,-47.0722,6.1761],[168.2199,-47.0719,8.2627]]],
[[[168.1573,-47.0686,4.6291],[168.1575,-47.0684,4.6291],[168.157,-47.0684,4.6291],[168.1571,-47.0686,4.6291],[168.1573,-47.0686,4.6291]]],
[[[168.1537,-47.0671,0.0],[168.1536,-47.0671,11.1964],[168.1535,-47.0672,11.1964],[168.1538,-47.0673,0.0],[168.1537,-47.0671,0.0]]],
[[[168.2187,-47.0618,0.0],[168.2189,-47.0616,0.0],[168.2187,-47.0614,0.0],[168.2185,-47.0616,0.0],[168.2187,-47.0618,0.0]]],
[[[168.2179,-47.0603,0.0],[168.2188,-47.0589,0.0],[168.2133,-47.0606,0.0],[168.2163,-47.0622,4.5122],[168.2179,-47.0618,0.0],[168.2179,-47.0603,0.0]]],
[[[168.2119,-47.0598,0.0],[168.2116,-47.0596,0.0],[168.2115,-47.0602,0.0],[168.2118,-47.0602,0.0],[168.2119,-47.0598,0.0]]],
[[[168.1771,-47.0566,0.0],[168.1777,-47.0575,0.0],[168.1786,-47.0574,0.0],[168.1786,-47.057,0.0],[168.1771,-47.0566,0.0]]],
[[[168.1757,-47.0554,0.0],[168.1756,-47.0551,0.0],[168.1754,-47.0553,0.0],[168.1755,-47.0554,0.0],[168.1757,-47.0554,0.0]]],
[[[167.6982,-47.0468,0.0],[167.6995,-47.0475,2.0513],[167.7004,-47.0468,2.0513],[167.6996,-47.0461,0.0],[167.6982,-47.0468,0.0]]],
[[[168.2282,-47.0233,0.0],[168.2271,-47.0219,0.4371],[168.2263,-47.0228,0.4371],[168.2272,-47.0238,0.2707],[168.2282,-47.0233,0.0]]],
[[[168.2107,-47.0085,0.0],[168.2119,-47.0083,0.0],[168.2126,-47.008,0.0],[168.2115,-47.0072,0.0],[168.2107,-47.0085,0.0]]],
[[[168.1296,-47.106,6.7908],[168.1295,-47.1058,6.7908],[168.1293,-47.106,6.7908],[168.1294,-47.1061,6.7908],[168.1296,-47.106,6.7908]]],
[[[168.2039,-47.1028,1.4755],[168.2011,-47.1017,7.4304],[168.1964,-47.1044,0.0],[168.2027,-47.1068,10.5152],[168.2029,-47.1045,26.9753],[168.2054,-47.1047,0.0],[168.2039,-47.1028,1.4755]]],
[[[168.21,-47.008,0.0],[168.21,-47.0078,0.0],[168.2098,-47.0076,0.0],[168.2097,-47.008,0.0],[168.21,-47.008,0.0]]],
[[[167.57,-47.1336,0.0],[167.5701,-47.1338,0.0],[167.5703,-47.1336,0.0],[167.5701,-47.1336,0.0],[167.57,-47.1336,0.0]]],
[[[167.5646,-47.135,0.0],[167.5647,-47.1351,0.0],[167.5648,-47.135,0.0],[167.5647,-47.135,0.0],[167.5646,-47.135,0.0]]],
[[[167.5631,-47.134,0.0],[167.5632,-47.1347,0.0],[167.5639,-47.1346,0.0],[167.5637,-47.1339,0.0],[167.5631,-47.134,0.0]]],
[[[167.5626,-47.1343,0.0],[167.5626,-47.1342,0.0],[167.5624,-47.1343,0.0],[167.5625,-47.1344,0.0],[167.5626,-47.1343,0.0]]],
[[[167.5624,-47.134,0.0],[167.5622,-47.134,0.0],[167.5624,-47.1342,0.0],[167.5624,-47.134,0.0]]],
[[[167.5643,-47.1341,0.0],[167.5646,-47.1341,0.0],[167.5644,-47.134,0.0],[167.5643,-47.1341,0.0]]],
[[[168.002,-47.1318,0.165],[168.0016,-47.1325,0.165],[168.0033,-47.1326,0.165],[168.0025,-47.1317,0.165],[168.002,-47.1318,0.165]]],
[[[167.5689,-47.1302,1.9376],[167.5689,-47.1304,1.9376],[167.5692,-47.1303,1.9376],[167.569,-47.1301,1.9376],[167.5689,-47.1302,1.9376]]],
[[[167.5325,-47.1295,0.0],[167.5324,-47.1294,0.0],[167.5321,-47.1295,0.0],[167.5322,-47.1296,0.2707],[167.5325,-47.1295,0.0]]],
[[[167.5692,-47.1334,12.1957],[167.5703,-47.131,0.0],[167.5693,-47.1306,0.0],[167.5646,-47.1346,0.0],[167.5685,-47.1354,2.969],[167.5692,-47.1334,12.1957]]],
[[[167.539,-47.1309,13.2824],[167.5392,-47.1308,13.2824],[167.5391,-47.1306,13.2824],[167.5388,-47.1308,13.2824],[167.539,-47.1309,13.2824]]],
[[[167.5335,-47.1308,0.2707],[167.5338,-47.1306,0.2707],[167.5338,-47.1305,0.2707],[167.5333,-47.1305,0.2707],[167.5335,-47.1308,0.2707]]],
[[[167.5342,-47.1306,0.2707],[167.5343,-47.1307,4.998],[167.5346,-47.1306,4.998],[167.5345,-47.1305,4.998],[167.5342,-47.1306,0.2707]]],
[[[167.5347,-47.1306,4.998],[167.5348,-47.1306,4.998],[167.535,-47.1305,4.998],[167.5348,-47.1304,4.998],[167.5347,-47.1306,4.998]]],
[[[167.5393,-47.1303,13.2824],[167.5404,-47.1296,13.2824],[167.5381,-47.1286,5.3515],[167.5347,-47.1298,4.998],[167.5373,-47.1308,17.9156],[167.5393,-47.1303,13.2824]]],
[[[167.5504,-47.1229,12.2733],[167.5505,-47.123,0.0],[167.5506,-47.1231,0.0],[167.5506,-47.1229,12.2733],[167.5504,-47.1229,12.2733]]],
[[[167.5467,-47.1226,0.0],[167.5464,-47.1225,0.0],[167.5462,-47.1226,0.0],[167.5464,-47.1227,0.0],[167.5467,-47.1226,0.0]]],
[[[168.2097,-47.1205,0.0],[168.2106,-47.1214,0.0],[168.2108,-47.1195,0.0],[168.2097,-47.1195,0.0],[168.2097,-47.1205,0.0]]],
[[[168.1526,-47.1196,1.7927],[168.154,-47.1191,0.0],[168.1541,-47.118899999999996,0.0],[168.1516,-47.1196,1.7927],[168.1526,-47.1196,1.7927]]],
[[[168.1514,-47.122,7.68],[168.151,-47.1199,8.3088],[168.1489,-47.1205,2.8419],[168.1505,-47.122,7.68],[168.1493,-47.1251,0.6168],[168.1526,-47.1259,10.9188],[168.1539,-47.1241,10.782],[168.1547,-47.1277,19.8561],[168.1609,-47.128,0.0],[168.1599,-47.1273,6.5592],[168.1617,-47.1265,6.5592],[168.1601,-47.1246,8.2471],[168.1514,-47.122,7.68]]],
[[[167.5506,-47.1226,12.2733],[167.5504,-47.1223,12.2733],[167.5501,-47.1228,12.2733],[167.5506,-47.1227,12.2733],[167.5506,-47.1226,12.2733]]],
[[[168.1319,-47.122,10.9469],[168.1318,-47.1223,10.9469],[168.1323,-47.1222,10.9469],[168.1323,-47.122,10.9469],[168.1319,-47.122,10.9469]]],
[[[167.5542,-47.122,1.2345],[167.554,-47.122,1.2345],[167.554,-47.1221,1.2345],[167.5541,-47.1221,1.2345],[167.5542,-47.122,1.2345]]],
[[[167.5552,-47.1206,2.2434],[167.5549,-47.1207,2.2434],[167.555,-47.1208,2.2434],[167.5553,-47.1206,2.2434],[167.5552,-47.1206,2.2434]]],
[[[167.5554,-47.1201,2.2434],[167.5555,-47.1203,2.2434],[167.5556,-47.1201,2.2434],[167.5555,-47.1201,2.2434],[167.5554,-47.1201,2.2434]]],
[[[168.1495,-47.1191,0.2869],[168.1486,-47.12,2.8419],[168.1502,-47.1195,1.6443],[168.1497,-47.1187,1.6443],[168.1495,-47.1191,0.2869]]],
[[[167.5564,-47.1175,30.4309],[167.5532,-47.1164,32.0282],[167.5489,-47.1219,12.2733],[167.5534,-47.1223,1.2345],[167.5523,-47.1211,23.8558],[167.5545,-47.1209,18.8501],[167.5564,-47.1175,30.4309]]],
[[[167.5467,-47.1174,0.0],[167.5462,-47.1174,0.0],[167.5461,-47.1178,0.0],[167.5469,-47.1178,0.0],[167.5467,-47.1174,0.0]]],
[[[168.1468,-47.1183,0.0],[168.147,-47.1188,0.0],[168.1474,-47.1182,0.0],[168.147,-47.1181,0.0],[168.1468,-47.1183,0.0]]],
[[[168.1449,-47.1179,0.0],[168.1449,-47.1178,0.0],[168.1447,-47.1178,0.0],[168.1447,-47.1179,0.0],[168.1449,-47.1179,0.0]]],
[[[167.5488,-47.1175,0.3563],[167.5503,-47.117,0.3563],[167.5505,-47.1165,0.3563],[167.5488,-47.1169,0.3563],[167.5488,-47.1175,0.3563]]],
[[[168.2087,-47.1151,14.8259],[168.2048,-47.1146,0.0],[168.2042,-47.1168,0.0],[168.2068,-47.1175,10.7726],[168.2059,-47.1199,0.0],[168.2086,-47.1201,0.0],[168.21,-47.1179,6.3616],[168.2093,-47.1172,6.3616],[168.211,-47.1167,6.3616],[168.2087,-47.1151,14.8259]]],
[[[167.4996,-47.2891,0.3204],[167.4995,-47.2882,0.3204],[167.4973,-47.2886,5.2],[167.4982,-47.2893,5.2],[167.4996,-47.2891,0.3204]]],
[[[167.5766,-47.2747,1.1072],[167.5783,-47.2755,2.3897],[167.5789,-47.2752,2.3897],[167.5768,-47.2735,4.796],[167.5766,-47.2747,1.1072]]],
[[[167.6632,-47.2388,49.2378],[167.6605,-47.2371,10.8833],[167.6569,-47.2403,4.328],[167.6585,-47.2406,20.0423],[167.6581,-47.242,1.8827],[167.6627,-47.2409,45.1375],[167.6632,-47.2388,49.2378]]],
[[[167.6076,-47.2561,3.3447],[167.6086,-47.2559,2.0999],[167.6084,-47.2548,2.0999],[167.607,-47.2549,3.3447],[167.6076,-47.2561,3.3447]]],
[[[167.5919,-47.2515,1.6097],[167.5931,-47.2522,1.6097],[167.5944,-47.251,0.0],[167.5937,-47.2502,4.0931],[167.5919,-47.2515,1.6097]]],
[[[167.6236,-47.2373,1.3118],[167.6247,-47.2374,1.3118],[167.6247,-47.2363,1.3118],[167.6234,-47.2365,1.3118],[167.6236,-47.2373,1.3118]]],
[[[167.617,-47.2366,0.4228],[167.6177,-47.2369,0.4228],[167.6182,-47.2365,0.4228],[167.617,-47.2362,0.0],[167.617,-47.2366,0.4228]]],
[[[167.573,-47.2366,14.2899],[167.5732,-47.2365,14.2899],[167.5729,-47.2363,14.2899],[167.5728,-47.2366,14.2899],[167.573,-47.2366,14.2899]]],
[[[167.5895,-47.2361,0.0681],[167.5899,-47.2356,0.0],[167.5879,-47.2359,0.0681],[167.5883,-47.2363,0.0],[167.5895,-47.2361,0.0681]]],
[[[167.5556,-47.2353,15.2441],[167.5568,-47.2354,15.2441],[167.5569,-47.2352,3.0748],[167.5546,-47.2349,20.9008],[167.5556,-47.2353,15.2441]]],
[[[167.558,-47.2337,0.0],[167.5581,-47.2335,0.0],[167.5576,-47.2335,0.0],[167.5578,-47.2337,0.0],[167.558,-47.2337,0.0]]],
[[[167.6285,-47.2335,0.0],[167.6291,-47.2337,0.0],[167.63,-47.2333,0.0],[167.6287,-47.2332,0.0],[167.6285,-47.2335,0.0]]],
[[[167.557,-47.2325,0.0],[167.5567,-47.2319,1.6903],[167.5559,-47.2319,1.6903],[167.5566,-47.2325,1.6903],[167.557,-47.2325,0.0]]],
[[[167.611,-47.214,0.0],[167.6109,-47.2141,0.0],[167.6108,-47.2141,0.0],[167.6111,-47.2142,0.0],[167.611,-47.214,0.0]]],
[[[167.6109,-47.2138,0.0],[167.611,-47.214,0.0],[167.6111,-47.2138,0.0],[167.611,-47.2138,0.0],[167.6109,-47.2138,0.0]]],
[[[167.6392,-47.2177,0.0],[167.6396,-47.2173,0.0],[167.6382,-47.2172,0.4489],[167.6382,-47.2177,0.4489],[167.6392,-47.2177,0.0]]],
[[[167.6354,-47.2171,0.0],[167.6356,-47.2171,0.0],[167.6358,-47.2168,0.0],[167.6356,-47.2168,0.0],[167.6354,-47.2171,0.0]]],
[[[167.6081,-47.224,11.7604],[167.6084,-47.2239,0.0],[167.6082,-47.2238,11.7604],[167.6081,-47.224,11.7604]]],
[[[167.6085,-47.2234,0.0],[167.6087,-47.2233,0.0],[167.6087,-47.2232,0.0],[167.6084,-47.2233,0.0],[167.6085,-47.2234,0.0]]],
[[[167.7831,-47.1939,0.0],[167.7831,-47.1937,0.0],[167.7828,-47.1936,0.0],[167.7827,-47.1938,0.0],[167.7831,-47.1939,0.0]]],
[[[167.7828,-47.1927,0.0],[167.7834,-47.1937,4.3173],[167.7848,-47.1935,4.3173],[167.7835,-47.1917,4.1315],[167.7828,-47.1927,0.0]]],
[[[167.7824,-47.1895,1.0998],[167.7832,-47.1905,2.2931],[167.7841,-47.1897,5.3921],[167.7832,-47.1886,1.0998],[167.7824,-47.1895,1.0998]]],
[[[167.69,-47.1875,5.1406],[167.6901,-47.1873,5.1406],[167.6899,-47.1871,5.1406],[167.6897,-47.1873,5.1406],[167.69,-47.1875,5.1406]]],
[[[167.6891,-47.1863,5.1406],[167.6891,-47.1865,5.1406],[167.6893,-47.1864,5.1406],[167.6893,-47.1863,5.1406],[167.6891,-47.1863,5.1406]]],
[[[167.5356,-47.1771,1.1306],[167.5383,-47.1769,5.954],[167.5387,-47.1762,0.0],[167.536,-47.1763,1.1306],[167.5356,-47.1771,1.1306]]],
[[[167.7328,-47.185,0.0],[167.7327,-47.1847,0.0],[167.7324,-47.1847,0.0],[167.7326,-47.1851,0.0],[167.7328,-47.185,0.0]]],
[[[167.5067,-47.1699,1.3249],[167.5065,-47.17,1.3249],[167.5066,-47.1702,1.3249],[167.5068,-47.1702,1.3249],[167.5067,-47.1699,1.3249]]],
[[[167.5073,-47.1691,0.0],[167.5074,-47.1703,1.3249],[167.509,-47.1693,3.4027],[167.5082,-47.1688,3.4027],[167.5073,-47.1691,0.0]]],
[[[167.5066,-47.1694,0.0],[167.5062,-47.1692,0.0],[167.5056,-47.1695,0.0],[167.5059,-47.1697,1.3249],[167.5066,-47.1694,0.0]]],
[[[167.5096,-47.1688,0.0],[167.5092,-47.1688,3.4027],[167.509,-47.169,3.4027],[167.5097,-47.1693,0.0],[167.5096,-47.1688,0.0]]],
[[[167.5158,-47.1668,1.6949],[167.5171,-47.1668,1.6949],[167.5174,-47.1661,0.3607],[167.5149,-47.1666,1.0296],[167.5158,-47.1668,1.6949]]],
[[[167.6664,-47.1661,12.996],[167.666,-47.1661,12.996],[167.6654,-47.1662,11.506],[167.666,-47.1664,0.0],[167.6664,-47.1661,12.996]]],
[[[167.5174,-47.1657,0.3607],[167.5173,-47.1654,0.3607],[167.5171,-47.1654,0.3607],[167.517,-47.1656,0.3607],[167.5174,-47.1657,0.3607]]],
[[[167.9612,-47.1652,0.0],[167.9611,-47.1648,0.0],[167.9609,-47.1647,0.0],[167.9607,-47.1651,0.0],[167.9612,-47.1652,0.0]]],
[[[167.7096,-47.1639,0.0],[167.71,-47.1623,0.0],[167.7087,-47.1623,0.0787],[167.7088,-47.1641,0.0],[167.7096,-47.1639,0.0]]],
[[[167.5462,-47.1617,0.0],[167.5461,-47.1617,0.0],[167.5461,-47.1618,0.0],[167.5463,-47.1618,0.0],[167.5462,-47.1617,0.0]]],
[[[167.5438,-47.1625,0.4581],[167.5435,-47.1623,0.4581],[167.543,-47.1624,0.4581],[167.5434,-47.1626,0.4581],[167.5438,-47.1625,0.4581]]],
[[[167.547,-47.1613,0.0],[167.547,-47.1615,0.0],[167.5472,-47.1614,0.0],[167.5472,-47.1613,0.0],[167.547,-47.1613,0.0]]],
[[[167.7028,-47.1601,6.2414],[167.7015,-47.1593,0.0],[167.6991,-47.1594,0.0],[167.7011,-47.1609,6.2414],[167.7028,-47.1601,6.2414]]],
[[[167.5175,-47.1398,0.0],[167.5181,-47.1375,0.0],[167.5144,-47.1392,3.2334],[167.5148,-47.1401,0.0],[167.5175,-47.1398,0.0]]],
[[[167.9405,-47.138,0.0],[167.9403,-47.137,1.2785],[167.9381,-47.1369,0.9769],[167.9386,-47.1377,0.9769],[167.9405,-47.138,0.0]]],
[[[167.5218,-47.1371,0.0],[167.5216,-47.137,0.0],[167.5213,-47.1371,0.0],[167.5214,-47.1373,0.0],[167.5218,-47.1371,0.0]]],
[[[167.522,-47.1371,37.466],[167.5222,-47.1371,37.466],[167.5223,-47.137,37.466],[167.522,-47.137,37.466],[167.522,-47.1371,37.466]]],
[[[167.554,-47.1547,1.757],[167.5539,-47.1557,1.757],[167.5555,-47.1537,2.8169],[167.5553,-47.1536,2.8169],[167.554,-47.1547,1.757]]],
[[[167.5668,-47.1558,17.555],[167.5683,-47.1547,0.0],[167.5605,-47.156,0.0],[167.5598,-47.1571,6.9652],[167.5615,-47.1571,20.5529],[167.56,-47.1602,15.8591],[167.5626,-47.1603,9.8983],[167.5668,-47.1558,17.555]]],
[[[167.5173,-47.1651,0.3607],[167.5172,-47.1647,0.3607],[167.5169,-47.1647,0.3607],[167.5171,-47.1651,0.3607],[167.5173,-47.1651,0.3607]]],
[[[167.6989,-47.208,0.0],[167.6984,-47.2081,0.0],[167.6986,-47.2086,0.0],[167.6989,-47.2084,0.0],[167.6989,-47.208,0.0]]],
[[[167.6279,-47.2056,0.0],[167.6281,-47.2055,0.0],[167.6279,-47.2053,0.0],[167.6278,-47.2056,0.0],[167.6279,-47.2056,0.0]]],
[[[167.6268,-47.2054,3.3638],[167.6272,-47.2054,0.0],[167.6274,-47.2053,0.0],[167.6269,-47.2053,0.0],[167.6268,-47.2054,3.3638]]],
[[[167.6599,-47.2055,0.0],[167.6606,-47.2051,0.0],[167.6607,-47.2048,0.0],[167.6593,-47.2051,0.0],[167.6599,-47.2055,0.0]]],
[[[167.6696,-47.1979,0.0],[167.6693,-47.1979,0.0],[167.6692,-47.1983,0.0],[167.6696,-47.1983,0.0],[167.6696,-47.1979,0.0]]],
[[[167.6693,-47.1978,0.0],[167.6697,-47.1973,0.0],[167.6682,-47.198,0.0],[167.6687,-47.198,0.0],[167.6693,-47.1978,0.0]]],
[[[167.6706,-47.1965,0.0],[167.6709,-47.1963,0.0],[167.6709,-47.1961,0.0],[167.6703,-47.1965,0.0],[167.6706,-47.1965,0.0]]],
[[[167.6377,-47.1955,0.0],[167.6376,-47.1957,0.0],[167.6384,-47.1955,0.0],[167.6378,-47.1953,0.0],[167.6377,-47.1955,0.0]]],
[[[167.6737,-47.1949,0.0],[167.6739,-47.1948,0.0],[167.6739,-47.1947,0.0],[167.6735,-47.1947,0.0],[167.6737,-47.1949,0.0]]],
[[[167.6694,-47.1958,13.4464],[167.6693,-47.1956,13.4464],[167.669,-47.1956,13.4464],[167.6692,-47.1958,13.4464],[167.6694,-47.1958,13.4464]]],
[[[167.6256,-47.2046,3.3638],[167.6252,-47.2044,2.7455],[167.625,-47.2046,3.3638],[167.6253,-47.2048,3.3638],[167.6256,-47.2046,3.3638]]],
[[[167.6439,-47.203,1.3269],[167.6434,-47.2028,0.0],[167.6431,-47.203,0.0],[167.6442,-47.2032,1.3269],[167.6439,-47.203,1.3269]]],
[[[167.4559,-47.2026,14.6008],[167.4546,-47.2012,0.0],[167.4501,-47.2024,5.378],[167.4529,-47.2047,0.0],[167.4559,-47.2026,14.6008]]],
[[[167.644,-47.2045,1.3269],[167.6442,-47.2035,1.3269],[167.6428,-47.2038,0.0],[167.6428,-47.2039,0.0],[167.644,-47.2045,1.3269]]],
[[[167.6361,-47.2027,9.0631],[167.636,-47.2026,9.0631],[167.636,-47.2027,9.0631],[167.6362,-47.2028,9.0631],[167.6361,-47.2027,9.0631]]],
[[[167.6384,-47.2024,0.0],[167.6381,-47.2025,0.0],[167.6388,-47.2027,0.0],[167.6388,-47.2024,0.0],[167.6384,-47.2024,0.0]]],
[[[167.6369,-47.2026,9.0631],[167.6368,-47.2028,9.0631],[167.6371,-47.2027,9.0631],[167.637,-47.2027,9.0631],[167.6369,-47.2026,9.0631]]],
[[[167.6363,-47.2027,9.0631],[167.6365,-47.2027,9.0631],[167.6366,-47.2027,9.0631],[167.6365,-47.2026,9.0631],[167.6363,-47.2027,9.0631]]],
[[[167.6846,-47.2001,0.0],[167.6842,-47.2,0.0],[167.6841,-47.2003,0.0],[167.6845,-47.2003,0.0],[167.6846,-47.2001,0.0]]],
[[[167.6429,-47.1999,0.0],[167.6426,-47.1999,0.0],[167.6425,-47.2002,0.0],[167.6429,-47.2003,0.0],[167.6429,-47.1999,0.0]]],
[[[167.7034,-47.1791,3.2036],[167.7,-47.1776,0.0],[167.6964,-47.1788,0.0],[167.695,-47.185,47.4477],[167.6905,-47.187,5.1406],[167.6905,-47.1891,8.0806],[167.6947,-47.1947,0.0],[167.6979,-47.1936,16.3384],[167.6989,-47.1967,15.9957],[167.703,-47.1977,40.1008],[167.6979,-47.2073,0.0],[167.7056,-47.2095,19.9916],[167.7088,-47.2059,36.4344],[167.7164,-47.2021,0.0],[167.7141,-47.1999,48.1857],[167.7156,-47.1965,0.0],[167.7221,-47.1967,3.0451],[167.7224,-47.194,52.4389],[167.7248,-47.1935,0.0],[167.7233,-47.1909,85.9515],[167.7248,-47.1901,0.0],[167.7238,-47.1873,0.0],[167.7144,-47.1812,0.0],[167.7034,-47.1791,3.2036]]],
[[[167.6601,-47.208,29.6839],[167.6557,-47.2067,8.889],[167.6517,-47.2087,12.5032],[167.6511,-47.2109,0.0],[167.6532,-47.2155,0.0],[167.6613,-47.2178,34.2076],[167.6564,-47.2195,0.0],[167.6598,-47.221,31.3558],[167.6615,-47.2237,0.0],[167.669,-47.2241,14.8286],[167.6675,-47.2212,32.5336],[167.6693,-47.2195,4.1914],[167.6677,-47.217,2.3469],[167.6649,-47.2171,2.9568],[167.6685,-47.2155,0.0],[167.6689,-47.2127,0.0],[167.6657,-47.2098,33.2551],[167.6601,-47.208,29.6839]]],
[[[167.6039,-47.2142,4.196],[167.6052,-47.2142,0.0],[167.6049,-47.2131,0.0],[167.6037,-47.2136,4.196],[167.6039,-47.2142,4.196]]],
[[[167.6692,-47.2138,19.5363],[167.6694,-47.2136,19.5363],[167.6692,-47.2134,19.5363],[167.6691,-47.2136,19.5363],[167.6692,-47.2138,19.5363]]],
[[[167.6105,-47.2137,0.0],[167.61,-47.2126,2.5445],[167.6086,-47.2127,2.5445],[167.6093,-47.2141,0.0],[167.6105,-47.2137,0.0]]],
[[[167.6253,-47.2128,0.0],[167.6255,-47.2135,1.097],[167.6276,-47.2133,1.6627],[167.6259,-47.2126,0.0],[167.6253,-47.2128,0.0]]],
[[[167.6031,-47.2123,1.8105],[167.6033,-47.213,4.196],[167.6046,-47.2128,0.0],[167.6042,-47.2121,1.8105],[167.6031,-47.2123,1.8105]]],
[[[167.4785,-47.2113,0.0],[167.4802,-47.2113,5.1673],[167.481,-47.2103,0.0],[167.4783,-47.2108,0.0],[167.4785,-47.2113,0.0]]],
[[[167.4837,-47.2085,4.8791],[167.484,-47.2075,3.9793],[167.4818,-47.2078,1.7955],[167.4828,-47.2087,1.9325],[167.4837,-47.2085,4.8791]]],
[[[167.6667,-47.2083,0.0],[167.6662,-47.2083,0.0],[167.666,-47.2086,0.0],[167.6665,-47.2086,0.0],[167.6667,-47.2083,0.0]]],
[[[167.677,-47.1988,10.7045],[167.6697,-47.1989,0.0],[167.6663,-47.2014,9.6564],[167.668,-47.2023,9.6564],[167.662,-47.2036,10.4415],[167.661,-47.2056,0.0],[167.6627,-47.2067,0.0],[167.6701,-47.2068,18.5702],[167.6703,-47.2089,5.1185],[167.6782,-47.2117,0.0],[167.6807,-47.2087,0.0],[167.6805,-47.2035,0.0],[167.6832,-47.2005,0.0],[167.677,-47.1988,10.7045]],
[[167.6665,-47.2065,0.0],[167.6663,-47.2064,0.0],[167.6667,-47.2064,0.0],[167.6667,-47.2065,0.0],[167.6665,-47.2065,0.0]]],
[[[167.5268,-47.1356,6.2844],[167.5216,-47.1352,0.0],[167.5225,-47.1371,37.466],[167.52,-47.1386,1.9453],[167.5262,-47.1387,5.27],[167.5313,-47.136,8.1315],[167.5268,-47.1356,6.2844]]],
[[[168.2573,-46.9164,0.0],[168.2574,-46.9162,0.0704],[168.2572,-46.9161,0.0704],[168.2571,-46.9163,0.0],[168.2573,-46.9164,0.0]]],
[[[168.258,-46.9157,0.0704],[168.2576,-46.9143,0.0],[168.2566,-46.9151,0.0704],[168.2572,-46.9158,0.0704],[168.258,-46.9157,0.0704]]],
[[[168.2549,-46.9143,0.0],[168.2548,-46.9147,0.0],[168.2553,-46.9147,0.0],[168.2552,-46.9143,0.0],[168.2549,-46.9143,0.0]]],
[[[168.2831,-46.8811,0.0],[168.2838,-46.8817,0.0216],[168.2842,-46.8813,0.0216],[168.2838,-46.8805,0.0259],[168.2831,-46.8811,0.0]]],
[[[168.2558,-46.9036,0.0],[168.2553,-46.904,0.0],[168.2552,-46.9043,0.0],[168.2566,-46.904,0.0962],[168.2558,-46.9036,0.0]]],
[[[168.2672,-46.868899999999996,0.8568],[168.2685,-46.8693,0.8568],[168.2678,-46.8675,2.816],[168.2693,-46.8665,0.0],[168.2677,-46.8655,1.4641],[168.2667,-46.8658,8.2079],[168.2672,-46.868899999999996,0.8568]]],
[[[168.2638,-46.8661,12.225],[168.2662,-46.867,4.8415],[168.2646,-46.8643,0.0],[168.263,-46.8652,12.225],[168.2638,-46.8661,12.225]]],
[[[168.2622,-46.8649,6.6259],[168.2619,-46.8647,6.6259],[168.26,-46.8643,0.0],[168.2624,-46.8663,0.0],[168.2622,-46.8649,6.6259]]],
[[[168.447,-46.8238,0.0],[168.4465,-46.8236,0.0],[168.4463,-46.8237,0.0],[168.4466,-46.8239,0.0],[168.447,-46.8238,0.0]]],
[[[168.245,-46.8254,7.0132],[168.2471,-46.8238,3.646],[168.2458,-46.8215,12.9043],[168.2435,-46.8239,9.4392],[168.245,-46.8254,7.0132]]],
[[[168.4658,-46.8209,0.2639],[168.4659,-46.8208,0.2639],[168.4661,-46.8206,0.2639],[168.4657,-46.8207,0.2639],[168.4658,-46.8209,0.2639]]],
[[[168.4664,-46.8206,0.2639],[168.4663,-46.8206,0.2639],[168.4661,-46.8206,0.2639],[168.4665,-46.8207,0.0],[168.4664,-46.8206,0.2639]]],
[[[168.475,-46.82,0.0],[168.4753,-46.8199,0.0],[168.4744,-46.8198,0.0],[168.4747,-46.8201,0.0],[168.475,-46.82,0.0]]],
[[[168.4652,-46.8207,0.2639],[168.4654,-46.8206,0.2639],[168.4655,-46.8203,0.2639],[168.465,-46.8204,0.2639],[168.4652,-46.8207,0.2639]]],
[[[168.4653,-46.8199,0.2639],[168.4643,-46.8197,0.0433],[168.4641,-46.8198,0.0433],[168.465,-46.8203,0.2639],[168.4653,-46.8199,0.2639]]],
[[[168.4466,-46.8235,0.0],[168.4467,-46.8234,0.0],[168.4468,-46.8233,0.0],[168.4465,-46.8234,0.0],[168.4466,-46.8235,0.0]]],
[[[168.4552,-46.8226,0.3504],[168.4561,-46.8223,0.3504],[168.4563,-46.8219,0.1941],[168.4544,-46.8222,0.3504],[168.4552,-46.8226,0.3504]]],
[[[168.4633,-46.8223,0.0905],[168.4643,-46.8219,0.0905],[168.4639,-46.8211,0.0433],[168.4627,-46.8216,0.0905],[168.4633,-46.8223,0.0905]]],
[[[168.4541,-46.821,0.0],[168.4523,-46.8198,4.2871],[168.4494,-46.8233,0.0],[168.4525,-46.8228,0.7206],[168.4541,-46.821,0.0]]],
[[[168.4038,-46.8225,0.1302],[168.4051,-46.8219,0.0],[168.4045,-46.8202,0.0],[168.4033,-46.8212,0.0],[168.4038,-46.8225,0.1302]]],
[[[168.4594,-46.8214,0.0],[168.4595,-46.8213,0.0],[168.4593,-46.8211,0.0],[168.459,-46.8215,0.0],[168.4594,-46.8214,0.0]]],
[[[168.4599,-46.8214,0.0],[168.46,-46.8213,0.0],[168.4602,-46.8212,0.0],[168.4597,-46.8213,0.0],[168.4599,-46.8214,0.0]]],
[[[168.4576,-46.8217,0.1941],[168.4585,-46.8208,0.0],[168.4559,-46.8215,0.3504],[168.4572,-46.8215,0.1941],[168.4576,-46.8217,0.1941]]],
[[[168.466,-46.818,0.0],[168.4658,-46.818,0.0],[168.4664,-46.8181,0.0],[168.4664,-46.818,0.0],[168.466,-46.818,0.0]]],
[[[168.2404,-46.8136,0.0],[168.2401,-46.8138,0.0],[168.2404,-46.8142,0.0],[168.241,-46.8139,0.0],[168.2404,-46.8136,0.0]]],
[[[168.5016,-46.8065,2.2852],[168.5024,-46.8071,2.2852],[168.5042,-46.8057,5.7551],[168.5032,-46.8051,0.0],[168.5016,-46.8065,2.2852]]],
[[[168.5076,-46.8023,0.0],[168.5042,-46.802,0.0],[168.5038,-46.8049,5.7551],[168.5071,-46.8034,3.6787],[168.5084,-46.8043,0.0],[168.5076,-46.8023,0.0]]],
[[[168.2382,-46.8146,14.3759],[168.2367,-46.8143,0.0],[168.2366,-46.8156,5.732],[168.2411,-46.8191,0.2557],[168.2405,-46.8157,2.2461],[168.2382,-46.8146,14.3759]]],
[[[168.4731,-46.8167,0.0],[168.4725,-46.8159,0.0],[168.4709,-46.8165,0.072],[168.4719,-46.817,0.072],[168.4731,-46.8167,0.0]]],
[[[168.4695,-46.8166,0.1933],[168.4699,-46.8155,0.3304],[168.468,-46.8159,0.0],[168.4683,-46.8167,0.0],[168.4695,-46.8166,0.1933]]],
[[[168.5079,-46.8007,0.0],[168.5036,-46.8002,0.5549],[168.5043,-46.801,0.5549],[168.5057,-46.8015,3.9505],[168.5079,-46.8007,0.0]]],
[[[168.5778,-46.765,0.0],[168.5739,-46.7637,3.0508],[168.5667,-46.7674,0.0],[168.5664,-46.771,0.0],[168.5702,-46.7734,0.0],[168.5727,-46.7715,4.1585],[168.5746,-46.7735,1.106],[168.5775,-46.7716,3.176],[168.5807,-46.7719,0.0],[168.5778,-46.765,0.0]]],
[[[168.4237,-46.766,1.6455],[168.42,-46.7653,6.4033],[168.4187,-46.7669,4.368],[168.4194,-46.769,10.7738],[168.4272,-46.7711,5.5192],[168.4269,-46.7681,6.2649],[168.4237,-46.766,1.6455]]],
[[[168.4668,-46.768,0.0],[168.466,-46.7667,11.4149],[168.4639,-46.7676,1.8212],[168.4649,-46.7685,2.1344],[168.4668,-46.768,0.0]]],
[[[168.5997,-46.7553,0.0],[168.5996,-46.7554,0.0],[168.5998,-46.7554,0.0],[168.5997,-46.7553,0.0]]],
[[[168.5983,-46.7549,0.0],[168.5979,-46.7549,0.0],[168.5987,-46.755,0.0],[168.5987,-46.7549,0.0],[168.5983,-46.7549,0.0]]],
[[[168.598,-46.7541,0.0],[168.5981,-46.7541,0.0],[168.5982,-46.754,0.0],[168.5979,-46.754,0.0],[168.598,-46.7541,0.0]]],
[[[168.5978,-46.7543,0.0],[168.5979,-46.7544,0.0],[168.598,-46.7544,0.0],[168.598,-46.7542,0.0],[168.5978,-46.7543,0.0]]],
[[[168.5993,-46.7541,0.0],[168.5992,-46.7541,0.0],[168.5992,-46.7543,0.0],[168.5994,-46.7542,0.0],[168.5993,-46.7541,0.0]]],
[[[168.5978,-46.753,0.0],[168.598,-46.7531,0.0],[168.5981,-46.753,0.0],[168.598,-46.7529,0.0],[168.5978,-46.753,0.0]]],
[[[168.5969,-46.753,0.0],[168.5969,-46.7531,0.0],[168.5971,-46.7531,0.0],[168.597,-46.753,0.0],[168.5969,-46.753,0.0]]],
[[[168.3877,-46.7959,0.0],[168.3882,-46.7964,0.0],[168.3891,-46.7962,0.1495],[168.3869,-46.7953,0.0],[168.3877,-46.7959,0.0]]],
[[[168.4962,-46.7942,0.0435],[168.4976,-46.7941,0.0],[168.4971,-46.7928,0.0],[168.4952,-46.7934,0.0],[168.4962,-46.7942,0.0435]]],
[[[168.5537,-46.7931,0.0],[168.5536,-46.7932,0.0],[168.554,-46.7932,0.0],[168.5539,-46.7931,0.0],[168.5537,-46.7931,0.0]]],
[[[168.554,-46.7929,0.0],[168.554,-46.793,0.0],[168.5542,-46.7928,0.0],[168.5541,-46.7928,0.0],[168.554,-46.7929,0.0]]],
[[[168.5524,-46.7925,0.0],[168.5525,-46.7925,0.0],[168.5526,-46.7923,0.0],[168.5522,-46.7924,0.0],[168.5524,-46.7925,0.0]]],
[[[168.554,-46.7924,0.0],[168.5546,-46.7925,0.0],[168.5551,-46.7915,0.0],[168.5541,-46.7915,0.0],[168.554,-46.7924,0.0]]],
[[[168.5586,-46.7872,0.0],[168.5583,-46.7869,0.0],[168.5581,-46.7874,0.0],[168.5583,-46.7874,0.0],[168.5586,-46.7872,0.0]]],
[[[168.5572,-46.788,0.0],[168.5574,-46.7864,0.0],[168.5547,-46.7875,0.0],[168.5555,-46.7889,1.5453],[168.5572,-46.788,0.0]]],
[[[168.5557,-46.7863,3.0317],[168.5554,-46.7861,0.0],[168.5549,-46.7863,3.0317],[168.5555,-46.7866,3.0317],[168.5557,-46.7863,3.0317]]],
[[[168.4766,-46.8197,0.0],[168.4762,-46.8195,0.5449],[168.476,-46.8197,0.0],[168.4764,-46.8198,0.0],[168.4766,-46.8197,0.0]]],
[[[168.4629,-46.8196,0.0433],[168.4638,-46.8198,0.0433],[168.4642,-46.8194,0.0],[168.4639,-46.8194,0.0],[168.4629,-46.8196,0.0433]]],
[[[168.4744,-46.8192,0.0],[168.4752,-46.8196,0.0],[168.4756,-46.8193,0.5449],[168.475,-46.8188,0.5449],[168.4744,-46.8192,0.0]]],
[[[167.8049,-46.6763,0.0],[167.8045,-46.6765,0.0],[167.8042,-46.6769,0.0],[167.805,-46.6768,0.0],[167.8049,-46.6763,0.0]]],
[[[166.684,-45.6019,27.6087],[166.6781,-45.6003,10.5548],[166.6728,-45.6019,15.3962],[166.6709,-45.6052,0.0],[166.6722,-45.608,56.1851],[166.6705,-45.6094,0.0],[166.6684,-45.6092,2.2006],[166.6657,-45.6043,0.0],[166.6633,-45.6063,58.3838],[166.6546,-45.6048,42.4655],[166.6483,-45.6067,61.869],[166.6445,-45.6059,0.0],[166.6322,-45.6114,37.4727],[166.6254,-45.6095,0.0],[166.6219,-45.6108,0.7438],[166.6185,-45.6076,2.2577],[166.6149,-45.6075,0.0],[166.6139,-45.6053,4.6395],[166.6057,-45.603,18.7003],[166.6007,-45.6054,1.2007],[166.6012,-45.607,24.7152],[166.597,-45.6079,0.0],[166.5997,-45.6089,4.0568],[166.5999,-45.6108,0.0],[166.5952,-45.613,46.875],[166.5933,-45.6171,18.5352],[166.5904,-45.6153,3.919],[166.5882,-45.6161,0.0],[166.5829,-45.6115,7.5507],[166.5787,-45.616,9.4493],[166.5762,-45.6156,1.6977],[166.5769,-45.6172,35.9409],[166.5731,-45.6176,0.0],[166.5734,-45.62,60.4956],[166.5702,-45.6196,12.1858],[166.5705,-45.6221,38.5363],[166.5677,-45.6215,31.9731],[166.5624,-45.6283,1.9055],[166.5633,-45.6307,45.7728],[166.5597,-45.6322,9.8236],[166.5532,-45.6493,15.2136],[166.5521,-45.6487,34.4983],[166.5537,-45.6313,8.3778],[166.5507,-45.6309,0.0],[166.5493,-45.6272,0.0],[166.5466,-45.6266,52.4421],[166.5461,-45.6245,0.0],[166.5382,-45.627,0.0],[166.538,-45.6333,3.1428],[166.5325,-45.6351,24.386],[166.5316,-45.6399,48.2939],[166.5289,-45.6395,4.3145],[166.525,-45.6423,34.5555],[166.5214,-45.6415,0.0],[166.5209,-45.6464,2.3864],[166.5236,-45.6476,14.4134],[166.5239,-45.6494,90.9756],[166.5219,-45.6516,10.6426],[166.522,-45.6562,15.1868],[166.5199,-45.6618,37.3709],[166.5106,-45.6602,2.4757],[166.5132,-45.6657,0.0],[166.509,-45.6678,0.0],[166.5052,-45.6735,9.3767],[166.5025,-45.6741,1.0279],[166.4993,-45.6824,51.295],[166.49,-45.6833,5.828],[166.4905,-45.6849,14.8981],[166.4866,-45.6866,0.0],[166.4879,-45.6878,2.2073],[166.4828,-45.6899,21.2192],[166.4811,-45.6939,101.4364],[166.4795,-45.6934,27.9625],[166.4772,-45.7008,6.0504],[166.4739,-45.7024,5.7951],[166.4727,-45.7007,0.0],[166.4726,-45.7032,40.2534],[166.4647,-45.7067,32.1914],[166.4642,-45.7098,38.544],[166.4621,-45.71,0.0],[166.4625,-45.7124,46.7149],[166.4578,-45.7164,37.4488],[166.4561,-45.7155,1.2995],[166.4548,-45.7176,23.1153],[166.4517,-45.7161,0.0],[166.4527,-45.7175,5.4959],[166.4511,-45.718,7.8056],[166.4497,-45.7216,0.0],[166.4507,-45.7245,33.529],[166.4472,-45.7266,16.757],[166.4483,-45.7284,79.43],[166.4451,-45.7314,5.2825],[166.4476,-45.731,39.7246],[166.4458,-45.7331,0.0],[166.4495,-45.7336,5.7801],[166.4456,-45.7379,0.531],[166.4481,-45.7375,56.1196],[166.4473,-45.7391,17.1758],[166.4444,-45.7392,1.1593],[166.4482,-45.7402,49.1883],[166.4515,-45.743899999999996,0.3487],[166.4543,-45.7385,7.8467],[166.4565,-45.7377,62.6782],[166.4585,-45.739,1.0412],[166.4579,-45.7373,62.6782],[166.4598,-45.7372,15.5413],[166.4596,-45.7352,59.0567],[166.4615,-45.736,29.1841],[166.4637,-45.7345,4.0225],[166.463,-45.7323,30.8813],[166.4651,-45.7327,4.0127],[166.4666,-45.7307,44.9059],[166.4693,-45.7325,21.279],[166.4709,-45.7299,8.7285],[166.4725,-45.7305,0.1099],[166.4756,-45.7253,32.5727],[166.4803,-45.7252,0.0],[166.4807,-45.723,0.0],[166.4875,-45.7171,47.0184],[166.4934,-45.7174,17.0293],[166.505,-45.7047,54.2656],[166.5274,-45.6886,29.5609],[166.5407,-45.6816,0.0],[166.5511,-45.6691,0.0701],[166.5488,-45.6602,0.0],[166.5521,-45.6509,23.2568],[166.5547,-45.6557,0.0],[166.5541,-45.6604,3.1063],[166.5568,-45.6637,0.0],[166.5567,-45.6675,0.1555],[166.553,-45.6719,33.8397],[166.552,-45.6768,0.7693],[166.5554,-45.6761,23.7849],[166.5527,-45.6775,0.7693],[166.5547,-45.6832,0.0],[166.57,-45.6878,96.446],[166.5715,-45.6902,4.6524],[166.5809,-45.6908,41.9102],[166.5686,-45.6929,0.0],[166.5622,-45.6912,0.0],[166.5571,-45.695,32.4726],[166.5474,-45.6918,7.0204],[166.5451,-45.6945,6.4814],[166.5466,-45.6965,31.8456],[166.5455,-45.6985,0.0],[166.5506,-45.6976,31.0304],[166.5547,-45.7013,0.0],[166.5623,-45.7017,9.5925],[166.5699,-45.7005,0.0],[166.569,-45.6989,14.442],[166.5706,-45.6964,7.5227],[166.5747,-45.6951,27.308],[166.5828,-45.6961,48.8919],[166.5829,-45.6974,4.2546],[166.5758,-45.6977,0.0],[166.575,-45.7004,5.6544],[166.5711,-45.7018,0.0],[166.5739,-45.7027,16.1841],[166.5774,-45.7104,45.552],[166.5747,-45.7099,4.4269],[166.5712,-45.7135,18.8358],[166.5669,-45.7145,1.2804],[166.5654,-45.7134,1.2804],[166.5657,-45.715,18.4301],[166.5627,-45.7155,0.0],[166.5693,-45.7195,47.8806],[166.5884,-45.7207,41.0993],[166.5921,-45.7246,8.8878],[166.5904,-45.7267,9.0728],[166.595,-45.7272,27.7223],[166.5923,-45.7296,0.0],[166.5938,-45.7314,7.5918],[166.6055,-45.7334,14.1539],[166.6057,-45.7348,0.0],[166.6094,-45.7359,11.6947],[166.6064,-45.7377,8.4064],[166.6034,-45.7373,9.2587],[166.5881,-45.7294,20.0788],[166.5804,-45.7325,1.8645],[166.5795,-45.7346,22.1229],[166.582,-45.7372,35.0618],[166.5763,-45.7403,1.3636],[166.5804,-45.7407,28.9968],[166.5786,-45.742,7.0524],[166.5801,-45.743,45.5791],[166.5793,-45.7445,4.6932],[166.5828,-45.7458,27.5462],[166.5858,-45.7429,61.1505],[166.5854,-45.7444,14.8592],[166.5876,-45.7449,8.3016],[166.5885,-45.748,0.0],[166.5935,-45.7448,9.97],[166.5906,-45.7526,9.3122],[166.596,-45.7527,59.7538],[166.59,-45.7542,4.7329],[166.5966,-45.7557,19.5502],[166.6048,-45.7536,0.0],[166.5998,-45.7522,36.8778],[166.6025,-45.7514,3.6297],[166.6146,-45.7487,17.9188],[166.616,-45.7492,17.9188],[166.6138,-45.7509,4.8459],[166.6153,-45.7514,0.0],[166.6261,-45.7487,25.9067],[166.6439,-45.7405,2.3674],[166.6412,-45.7393,8.8894],[166.6428,-45.7382,8.8894],[166.6472,-45.7397,0.0],[166.6467,-45.7372,14.2495],[166.6491,-45.735,12.7794],[166.6477,-45.7143,8.5318],[166.6503,-45.7168,18.0567],[166.6525,-45.7304,3.816],[166.6555,-45.7365,0.0],[166.655,-45.7394,0.0],[166.6567,-45.741,33.0984],[166.6597,-45.7409,32.7994],[166.6598,-45.7445,16.4895],[166.6631,-45.7447,24.6705],[166.6607,-45.7468,3.3843],[166.663,-45.7477,39.0362],[166.6613,-45.7484,0.0],[166.663,-45.7521,0.0],[166.6854,-45.7479,33.8547],[166.6869,-45.7451,6.2862],[166.6939,-45.7404,5.7886],[166.6998,-45.7382,0.0],[166.7108,-45.7278,78.2308],[166.7178,-45.725,0.0],[166.7169,-45.7188,84.1351],[166.7191,-45.7161,38.0887],[166.7188,-45.712,54.5398],[166.7237,-45.6983,20.2189],[166.7189,-45.692,19.0684],[166.7192,-45.6891,4.5735],[166.7159,-45.6879,2.0258],[166.7206,-45.6754,4.6018],[166.718,-45.6755,4.3649],[166.7196,-45.6696,0.0],[166.7163,-45.6671,12.9026],[166.7177,-45.6632,0.0],[166.7171,-45.6571,8.1312],[166.7142,-45.6525,57.0413],[166.7155,-45.6436,0.0],[166.713,-45.6392,60.7966],[166.7141,-45.6381,12.7215],[166.7131,-45.6343,87.7914],[166.7165,-45.628,2.9076],[166.7166,-45.6247,0.0],[166.7094,-45.6186,0.0],[166.7064,-45.6187,46.1349],[166.7067,-45.6126,1.4789],[166.7039,-45.6137,12.2946],[166.6998,-45.6115,28.0101],[166.6986,-45.609,26.302],[166.6908,-45.6081,56.3417],[166.684,-45.6019,27.6087]]],
[[[166.9638,-45.149,10.1716],[166.9611,-45.145,21.2707],[166.9574,-45.146,0.0],[166.9555,-45.1476,0.0],[166.9553,-45.1505,15.9777],[166.9483,-45.1519,36.7149],[166.945,-45.1617,58.5784],[166.9415,-45.1642,3.4296],[166.9354,-45.1644,0.0],[166.9369,-45.166,24.7105],[166.9357,-45.1676,44.8602],[166.9234,-45.1741,2.1874],[166.924,-45.1775,3.5281],[166.9198,-45.1789,4.3707],[166.9198,-45.1812,28.539],[166.9171,-45.1826,23.1589],[166.9166,-45.1848,21.1601],[166.9104,-45.1868,5.946],[166.9096,-45.1901,64.7025],[166.9059,-45.1911,0.0],[166.9067,-45.1924,7.4208],[166.8999,-45.1998,0.0],[166.8968,-45.2078,5.2738],[166.8985,-45.2107,29.058],[166.881,-45.2236,24.4577],[166.8729,-45.2244,0.0],[166.8729,-45.2256,0.2635],[166.8775,-45.2257,26.011],[166.8781,-45.2271,39.6573],[166.8746,-45.2332,32.4514],[166.8748,-45.2368,42.2119],[166.8689,-45.2406,1.2113],[166.89,-45.2495,21.0006],[166.89,-45.2552,0.0],[166.8945,-45.2559,101.166],[166.9017,-45.261,104.1138],[166.9071,-45.2653,29.3129],[166.9105,-45.2718,0.9658],[166.9309,-45.28,2.5265],[166.9333,-45.2816,9.4077],[166.9315,-45.2826,9.4077],[166.9324,-45.2838,11.1151],[166.937,-45.2855,18.4024],[166.9432,-45.2853,14.1604],[166.9473,-45.2941,18.8605],[166.9534,-45.2966,0.0],[166.9575,-45.2951,8.4903],[166.96,-45.297,0.0],[166.9673,-45.2976,48.2064],[166.9684,-45.3006,23.9091],[166.9714,-45.3023,27.8763],[166.9764,-45.3027,25.3431],[166.9759,-45.3001,31.2482],[166.978,-45.3003,0.0],[166.9783,-45.2986,42.0226],[166.9802,-45.2981,8.5661],[166.9897,-45.3004,11.9722],[166.9978,-45.2998,0.0],[167.0028,-45.298,0.0],[167.0027,-45.2962,4.8366],[166.9959,-45.2906,46.8303],[166.9958,-45.2863,20.9866],[166.9918,-45.2828,20.0321],[166.9918,-45.2781,16.4842],[166.988,-45.2753,2.8474],[166.9867,-45.2557,58.0811],[166.9814,-45.2498,11.0941],[166.9743,-45.2468,38.9958],[166.974,-45.2436,9.4626],[166.9701,-45.2387,73.6923],[166.9704,-45.2357,72.6324],[166.9621,-45.2277,104.0945],[166.9627,-45.2246,0.1556],[166.9551,-45.2159,3.7187],[166.9547,-45.2095,0.0],[166.9493,-45.2031,52.946],[166.9507,-45.1982,25.4895],[166.9489,-45.1958,25.1655],[166.9521,-45.1851,0.0],[166.9657,-45.1762,28.4398],[166.9706,-45.1663,0.0],[166.9695,-45.163,83.5268],[166.9712,-45.1584,0.2556],[166.9656,-45.1545,22.2814],[166.9638,-45.149,10.1716]]],
[[[167.9194,-44.6758,5.2795],[167.9205,-44.6751,5.2795],[167.9181,-44.6764,8.2748],[167.9186,-44.6764,8.2748],[167.9194,-44.6758,5.2795]]],
[[[167.9178,-44.6759,4.3458],[167.9182,-44.6757,4.3458],[167.9183,-44.6754,4.3458],[167.9176,-44.6756,4.3458],[167.9178,-44.6759,4.3458]]],
[[[167.9129,-44.6712,1.3295],[167.9129,-44.6713,4.473],[167.9131,-44.6714,4.473],[167.9131,-44.6712,1.3295],[167.9129,-44.6712,1.3295]]],
[[[167.8054,-46.6745,0.0],[167.8057,-46.6747,0.0],[167.8069,-46.674,0.0],[167.8062,-46.6739,0.0],[167.8054,-46.6745,0.0]]],
[[[167.8022,-46.6728,0.0],[167.8021,-46.6725,0.0],[167.8019,-46.6728,0.0],[167.8022,-46.6728,0.0]]],
[[[167.8048,-46.6707,0.0562],[167.8045,-46.671,0.0562],[167.8057,-46.6707,0.0562],[167.8054,-46.6704,0.0562],[167.8048,-46.6707,0.0562]]],
[[[167.804,-46.6726,0.0],[167.8038,-46.6725,0.0],[167.8037,-46.6727,0.0],[167.8039,-46.6727,0.0],[167.804,-46.6726,0.0]]],
[[[167.8052,-46.6727,0.0],[167.8054,-46.6727,0.0],[167.8053,-46.6726,0.0],[167.8052,-46.6727,0.0]]],
[[[167.8049,-46.6724,0.0],[167.8047,-46.6724,0.0],[167.8044,-46.6726,0.0],[167.8047,-46.6727,0.0],[167.8049,-46.6724,0.0]]],
[[[167.8043,-46.6696,0.0562],[167.804,-46.6697,0.0562],[167.8041,-46.6699,0.0562],[167.8043,-46.6698,0.0562],[167.8043,-46.6696,0.0562]]],
[[[167.8078,-46.6698,0.0],[167.8078,-46.6696,0.0],[167.8076,-46.6697,0.0],[167.8076,-46.6699,0.0],[167.8078,-46.6698,0.0]]],
[[[168.4084,-46.649,3.7253],[168.4051,-46.6485,2.8147],[168.4046,-46.6497,0.454],[168.4094,-46.6515,7.3645],[168.4098,-46.653,0.0],[168.4151,-46.6532,0.0],[168.4137,-46.6507,0.5037],[168.4084,-46.649,3.7253]]],
[[[168.3715,-46.6026,1.347],[168.372,-46.603,0.0],[168.3722,-46.6029,0.2432],[168.3717,-46.6023,1.347],[168.3715,-46.6026,1.347]]],
[[[168.3134,-46.5918,0.8055],[168.3136,-46.5919,0.8055],[168.314,-46.5918,0.8055],[168.3135,-46.5915,0.8055],[168.3134,-46.5918,0.8055]]],
[[[168.3088,-46.5894,0.0],[168.3092,-46.5896,2.6492],[168.3094,-46.5893,0.0],[168.3089,-46.5891,0.0],[168.3088,-46.5894,0.0]]],
[[[166.8497,-46.5698,0.0],[166.8522,-46.5715,0.0],[166.8541,-46.5704,0.0],[166.8523,-46.5686,0.0],[166.8497,-46.5698,0.0]]],
[[[168.3304,-46.568,0.0],[168.3311,-46.568,0.0],[168.3304,-46.5675,0.0],[168.3298,-46.5681,0.0],[168.3304,-46.568,0.0]]],
[[[168.3204,-46.569,1.2423],[168.3181,-46.5689,0.0],[168.3174,-46.5721,2.0133],[168.3146,-46.5744,1.6751],[168.3228,-46.5699,0.2187],[168.3204,-46.569,1.2423]]],
[[[168.3242,-46.5697,0.2187],[168.3233,-46.5691,0.6084],[168.3229,-46.5702,0.2187],[168.3233,-46.5697,0.2187],[168.3242,-46.5697,0.2187]]],
[[[168.3911,-46.5703,0.3415],[168.395,-46.5664,0.0877],[168.3958986843854,-46.564402923588041,2.318],[168.39589344855776,-46.564404110708864,2.318],[168.3857,-46.5708,0.5623],[168.3911,-46.5703,0.3415]]],
[[[168.39589344855776,-46.564404110708864,2.318],[168.3959,-46.5644,2.318],[168.3958986843854,-46.564402923588041,2.318],[168.4162,-46.5598,1.3526],[168.436,-46.5602,3.6241],[168.4431,-46.5618,0.9388],[168.4506,-46.5603,2.1954],[168.4528,-46.562,2.1646],[168.466,-46.565,0.6335],[168.4757,-46.5659,1.3508],[168.4795,-46.5649,1.9695],[168.4851,-46.5664,0.7838],[168.4928,-46.5701,0.5655],[168.4948,-46.5731,0.0],[168.5105,-46.5741,1.2314],[168.5156,-46.5743,2.5941],[168.5246,-46.5787,1.838],[168.5168,-46.5818,3.0486],[168.5193,-46.5855,0.8575],[168.5268,-46.5882,1.7196],[168.5295,-46.5918,1.4978],[168.5243,-46.5974,2.0342],[168.5185,-46.5985,1.1085],[168.5038,-46.596,0.0],[168.483,-46.5911,0.0],[168.4743,-46.5869,1.9895],[168.4684,-46.5894,2.1855],[168.4513,-46.5867,3.8866],[168.4518,-46.5847,1.85],[168.4497,-46.5846,1.9941],[168.4555,-46.5829,0.7833],[168.454,-46.5813,1.4513],[168.4401,-46.5871,1.9012],[168.4297,-46.5853,2.2607],[168.4137,-46.5791,1.2154],[168.4176,-46.5711,0.0709],[168.41,-46.5737,1.2916],[168.4059,-46.5815,3.2966],[168.3767,-46.5829,0.2861],[168.3736,-46.5914,4.66],[168.3668,-46.5918,2.5716],[168.3657,-46.5957,5.2335],[168.3607,-46.5981,1.7577],[168.3606,-46.6002,1.1879],[168.3701,-46.6022,1.347],[168.3693,-46.6002,6.485],[168.373,-46.5968,3.3872],[168.3862,-46.5947,1.4365],[168.4113,-46.5987,5.9291],[168.4241,-46.6048,1.4675],[168.4305,-46.6061,4.8506],[168.4581,-46.6067,2.5378],[168.4934,-46.6102,0.0],[168.5141,-46.6078,2.3327],[168.592,-46.5864,0.0],[168.5833,-46.5871,0.6392],[168.5658,-46.592,3.87],[168.5665,-46.5904,5.5544],[168.5638,-46.5881,3.5691],[168.564,-46.5862,4.3071],[168.566,-46.5876,2.0259],[168.5721,-46.5865,0.7861],[168.5734,-46.5882,0.5],[168.5772,-46.5879,6.4854],[168.5891,-46.5848,0.5],[168.5896,-46.5833,0.5],[168.5817,-46.5857,2.4299],[168.5852,-46.5818,0.8369],[168.5852,-46.5798,0.9188],[168.5815,-46.5779,4.0294],[168.5829,-46.576,1.8604],[168.5682,-46.568,1.2402],[168.5728,-46.5771,2.4542],[168.5688,-46.5778,1.2879],[168.5629,-46.5718,1.2069],[168.5637,-46.5708,0.5],[168.5603,-46.5716,0.9174],[168.5621,-46.5672,1.0175],[168.5654,-46.5672,0.5],[168.5532,-46.5633,1.0083],[168.5528,-46.5616,0.9851],[168.5481,-46.559,1.0549],[168.5508,-46.5579,3.3897],[168.5483,-46.5572,1.5369],[168.5507,-46.5574,2.1251],[168.556,-46.5599,0.5],[168.5594,-46.56,0.5],[168.5605,-46.5585,0.6337],[168.5659,-46.5591,0.9522],[168.5704,-46.5581,0.5],[168.5702,-46.5569,3.3716],[168.603,-46.5519,4.7824],[168.6127,-46.5542,5.1821],[168.6238,-46.561,6.424],[168.6347,-46.5599,3.0896],[168.6442,-46.5625,4.7488],[168.6457,-46.5656,3.8914],[168.6483,-46.5666,3.3188],[168.6607,-46.5678,2.1179],[168.6617,-46.5695,1.1558],[168.6726,-46.5688,4.8224],[168.675,-46.5707,1.5168],[168.7032,-46.5687,2.0969],[168.7387,-46.5702,2.6606],[168.7618,-46.5731,1.3841],[168.798,-46.5828,4.8044],[168.8001,-46.5862,13.9727],[168.8067,-46.5894,13.7307],[168.8063,-46.5921,19.4834],[168.8038,-46.5927,0.0],[168.8261,-46.6029,16.6629],[168.8315,-46.6086,7.09],[168.8321,-46.6148,11.2949],[168.8288,-46.6164,24.0062],[168.8268,-46.6237,16.4425],[168.8237,-46.6258,4.8409],[168.8263,-46.6271,3.451],[168.8287,-46.6315,22.2904],[168.8275,-46.6339,0.0],[168.8299,-46.6361,16.7522],[168.829,-46.6385,15.8467],[168.8312,-46.6411,15.8957],[168.8299,-46.6434,5.9432],[168.8438,-46.6493,11.6472],[168.8464,-46.6536,0.0],[168.8453,-46.6567,2.5363],[168.8471,-46.6581,14.0675],[168.8467,-46.6607,0.9528],[168.8604,-46.6605,0.0],[168.8739,-46.6571,0.0],[168.8955,-46.6548,0.5519],[168.9387,-46.6572,2.674],[168.9474,-46.6594,1.0965],[168.9508,-46.6632,3.0583],[168.959,-46.666,13.6522],[168.9633,-46.6697,2.7115],[168.9694,-46.6687,11.9559],[168.9774,-46.6695,12.5617],[168.9792,-46.6709,0.0],[168.9775,-46.6681,12.5617],[168.9813,-46.6676,0.0],[168.9804,-46.6657,41.1215],[168.9868,-46.6672,0.0],[168.9891,-46.6648,25.9737],[168.9956,-46.6679,28.5068],[168.9956,-46.6702,34.6776],[168.9982,-46.673,4.3625],[169.0056,-46.6745,0.0],[169.0067,-46.6716,15.1141],[169.0116,-46.673,0.0],[169.0188,-46.672,31.8358],[169.0211,-46.6688,100.7709],[169.0283,-46.668,1.9633],[169.0298,-46.664,0.0],[169.0392,-46.6605,3.1068],[169.0526,-46.6616,8.7724],[169.0569,-46.6667,0.0],[169.0557,-46.6699,23.8807],[169.0567,-46.6718,4.7061],[169.0666,-46.6714,22.0567],[169.0748,-46.6687,35.2312],[169.0771,-46.6655,29.787],[169.081,-46.6667,5.2956],[169.0854,-46.6654,66.3168],[169.0866,-46.6668,16.4204],[169.0951,-46.6648,2.3075],[169.0969,-46.6621,5.7247],[169.106,-46.6631,3.3775],[169.108,-46.6614,11.9638],[169.1037,-46.6603,5.2389],[169.1022,-46.6543,3.912],[169.105,-46.6495,4.021],[169.112,-46.6443,3.8376],[169.1314,-46.6407,3.0669],[169.1423,-46.6423,0.0],[169.141,-46.6393,0.0],[169.1297,-46.6405,5.0814],[169.1296,-46.64,5.0814],[169.1382,-46.6391,0.0],[169.1267,-46.6395,4.9544],[169.1397,-46.6375,0.0],[169.1317,-46.6346,12.3722],[169.1316,-46.6331,1.649],[169.1415,-46.6303,0.0],[169.1369,-46.628,16.6814],[169.1352,-46.6249,0.8758],[169.137,-46.621,3.189],[169.1317,-46.6188,5.1047],[169.1295,-46.6135,0.0],[169.1283,-46.6139,3.4426],[169.1299,-46.6083,0.0],[169.1259,-46.6043,5.1703],[169.1266,-46.6037,5.1703],[169.1288,-46.6042,0.7794],[169.1288,-46.6031,0.7794],[169.13,-46.6035,0.6244],[169.1288,-46.6053,0.0],[169.1305,-46.605,0.5204],[169.1295,-46.6068,0.0],[169.1338,-46.6048,1.143],[169.1411,-46.6076,7.0589],[169.1403,-46.6098,2.0915],[169.1448,-46.6151,0.0],[169.1531,-46.6145,14.1571],[169.1533,-46.6117,10.599],[169.1571,-46.6114,3.2941],[169.1553,-46.6132,1.0034],[169.1566,-46.6173,9.7141],[169.1543,-46.619,22.2974],[169.1557,-46.6209,9.717],[169.165,-46.624,13.1855],[169.1705,-46.6236,3.7772],[169.1662,-46.6276,3.3858],[169.1618,-46.6276,0.0],[169.1606,-46.6311,0.0],[169.1532,-46.6316,0.0],[169.1501,-46.6336,2.0655],[169.1519,-46.643,3.0227],[169.151,-46.646,0.0],[169.1417,-46.6468,13.289],[169.1386,-46.6449,11.652],[169.136,-46.6455,2.8907],[169.1445,-46.6505,25.0125],[169.1499,-46.6514,0.0],[169.1528,-46.6496,32.5714],[169.1599,-46.651,61.3691],[169.1648,-46.6555,52.6083],[169.1697,-46.6574,19.9939],[169.1703,-46.6547,29.4249],[169.1755,-46.6522,102.9491],[169.1883,-46.6539,21.8959],[169.1942,-46.6523,12.0695],[169.1973,-46.6545,36.4631],[169.1973,-46.6564,14.2653],[169.1997,-46.657,25.9632],[169.199,-46.6582,18.9318],[169.2009,-46.6586,18.9318],[169.201,-46.6604,15.6106],[169.2038,-46.6604,36.9789],[169.204,-46.662,13.6888],[169.2062,-46.6611,27.1067],[169.2058,-46.659,26.3814],[169.2081,-46.6591,0.4505],[169.2067,-46.6555,36.2413],[169.2111,-46.6578,38.8056],[169.2203,-46.6563,2.3106],[169.2236,-46.6494,19.8583],[169.2223,-46.648,19.8583],[169.2274,-46.6488,12.3609],[169.2295,-46.648,8.9951],[169.2302,-46.645,20.0867],[169.2373,-46.6442,6.8208],[169.2346,-46.6406,4.7139],[169.2379,-46.6394,7.861],[169.2363,-46.6385,7.861],[169.2396,-46.636,10.5631],[169.2411,-46.6379,3.7811],[169.254,-46.6406,20.2236],[169.2568,-46.6384,5.103],[169.252,-46.633,20.4632],[169.2571,-46.6322,6.6629],[169.2667,-46.6246,4.3644],[169.2758,-46.6254,22.9191],[169.2784,-46.6239,12.8068],[169.2785,-46.622,15.4423],[169.2753,-46.6216,63.2137],[169.2654,-46.6157,44.0104],[169.2741,-46.6113,263.4099],[169.2616,-46.5986,103.1828],[169.2672,-46.5959,94.2795],[169.2665,-46.5936,68.886],[169.2643,-46.594,83.3576],[169.2649,-46.5859,170.3046],[169.2542,-46.5806,207.4458],[169.2511,-46.581,204.9616],[169.2451,-46.5752,227.7302],[169.2379,-46.5752,317.3778],[169.2345,-46.5731,353.8779],[169.2303,-46.573,324.2001],[169.2009,-46.5607,364.0387],[169.1961,-46.5605,377.5734],[169.1905,-46.5569,339.3837],[169.1937,-46.5551,328.3358],[169.2162,-46.5542,271.6721],[169.2256,-46.5498,277.9922],[169.2363,-46.5361,309.6893],[169.2448,-46.5296,263.7037],[169.2456,-46.522,377.3259],[169.2504,-46.5159,434.5678],[169.2499,-46.5127,449.1388],[169.2456,-46.5098,452.3963],[169.2367,-46.5124,479.261],[169.2331,-46.5118,491.1406],[169.2148,-46.5023,473.7498],[169.2054,-46.4993,472.7097],[169.2025,-46.4949,443.7983],[169.1777,-46.4898,332.0858],[169.173,-46.4861,318.2109],[169.1786,-46.4808,295.3008],[169.178,-46.4776,292.9237],[169.1659,-46.4724,327.0178],[169.1614,-46.4669,275.7101],[169.1641,-46.4618,312.6843],[169.1633,-46.4577,289.0418],[169.1651,-46.4556,315.0125],[169.1799,-46.4515,462.1622],[169.1832,-46.4488,395.5346],[169.1859,-46.4431,662.5754],[169.1968,-46.4388,706.9724],[169.1908,-46.4341,645.4475],[169.1882,-46.4276,608.113],[169.1993,-46.4199,394.31],[169.1995,-46.4164,387.4493],[169.194,-46.4084,503.1206],[169.196,-46.4044,530.6329],[169.1868,-46.3956,366.5151],[169.1778,-46.3918,379.2059],[169.1787,-46.3884,376.6653],[169.175,-46.3864,364.6404],[169.1611,-46.3818,256.7331],[169.1442,-46.3824,364.3744],[169.1341,-46.3754,312.632],[169.1362,-46.3741,273.0034],[169.1374,-46.3662,125.5728],[169.1463,-46.3591,133.0294],[169.1466,-46.356,147.8807],[169.1424,-46.3535,170.2324],[169.1556,-46.3482,174.3524],[169.1603,-46.3479,171.2912],[169.1613,-46.3449,182.9472],[169.1736,-46.3359,197.1452],[169.1908,-46.3264,185.9555],[169.1774,-46.3219,317.8254],[169.1884,-46.3135,304.1647],[169.1969,-46.3043,399.0864],[169.1886,-46.3024,634.8403],[169.1894,-46.3013,588.6456],[169.185,-46.2991,564.8247],[169.1839,-46.2914,469.7347],[169.1768,-46.2857,530.6704],[169.189,-46.2799,422.4928],[169.1892,-46.266,274.9339],[169.1859,-46.2665,292.3685],[169.1886,-46.2618,282.1465],[169.1883,-46.2588,332.5656],[169.1857,-46.2548,307.3644],[169.1918,-46.2472,235.666],[169.1962,-46.2376,215.8835],[169.1863,-46.2305,234.91309999999999],[169.1863,-46.2233,225.1596],[169.1981,-46.2126,174.4657],[169.1983,-46.2004,168.3408],[169.1896,-46.1956,166.649],[169.1819,-46.1957,164.7405],[169.1838,-46.1924,166.1096],[169.1873,-46.1903,164.1015],[169.1858,-46.1893,164.2611],[169.1751,-46.1885,160.2156],[169.174,-46.1906,160.2336],[169.1715,-46.1905,164.6117],[169.1698,-46.1925,159.5349],[169.1669,-46.1918,158.0299],[169.1704,-46.1828,159.8954],[169.1621,-46.1812,156.4651],[169.1596,-46.1756,152.9453],[169.1693,-46.161,151.7627],[169.1622,-46.1576,162.8803],[169.1609,-46.1521,155.0368],[169.1511,-46.1546,171.2112],[169.1436,-46.1499,144.9491],[169.1334,-46.1511,143.9876],[169.1316,-46.1476,148.3376],[169.1298,-46.1477,147.8197],[169.1301,-46.1401,230.3999],[169.1289,-46.1386,235.1107],[169.1348,-46.1368,237.3072],[169.1327,-46.1337,247.5483],[169.1334,-46.1315,254.5137],[169.1376,-46.1304,250.3074],[169.1376,-46.1273,216.3022],[169.1485,-46.1242,224.0303],[169.1553,-46.1242,187.6483],[169.1559,-46.1222,157.7891],[169.1632,-46.1171,127.8907],[169.1601,-46.1161,125.847],[169.1622,-46.1119,133.6698],[169.1579,-46.1067,142.1548],[169.1633,-46.0958,169.5764],[169.1581,-46.0924,178.9381],[169.1483,-46.0923,197.147],[169.1484,-46.0855,207.9972],[169.1356,-46.0854,251.6409],[169.138,-46.0781,275.077],[169.1531,-46.0735,309.0271],[169.1579,-46.0684,344.5895],[169.158,-46.0622,329.1165],[169.1533,-46.0487,269.3171],[169.1362,-46.0481,224.0418],[169.1285,-46.0417,165.6828],[169.119,-46.037,184.4603],[169.1098,-46.0375,195.2049],[169.1035,-46.036,184.0175],[169.1026,-46.0336,182.6793],[169.1001,-46.0334,176.3703],[169.0983,-46.0291,192.6639],[169.0896,-46.0242,178.674],[169.0882,-46.0216,189.923],[169.0888,-46.0178,196.3811],[169.0818,-46.0144,194.0338],[169.083,-46.0114,201.2718],[169.0797,-46.0083,187.4652],[169.0798,-46.0052,204.0226],[169.0813,-46.0043,201.4356],[169.0797,-46.0027,205.4268],[169.1278,-46.0031,134.3245],[169.1172,-46.0003,142.6808],[169.1082,-45.9951,150.8899],[169.0887,-46.0012,170.3497],[169.0727,-46.0016,210.3621],[169.0725,-45.9977,200.8488],[169.0708,-45.997,192.7019],[169.0714,-45.9885,199.4045],[169.0666,-45.9853,193.0708],[169.0681,-45.9836,203.2658],[169.0664,-45.983,194.7682],[169.0672,-45.9804,185.1343],[169.0713,-45.9765,188.7077],[169.0706,-45.9754,184.7475],[169.0751,-45.9729,177.1054],[169.0748,-45.9703,174.9336],[169.0811,-45.9653,175.2079],[169.0881,-45.9639,162.7545],[169.0944,-45.9595,159.5838],[169.0997,-45.948,169.8455],[169.0972,-45.9386,174.6642],[169.0904,-45.9376,179.0639],[169.0846,-45.9338,193.4053],[169.0822,-45.9295,206.6476],[169.0734,-45.9247,228.8122],[169.0769,-45.9226,227.5427],[169.0752,-45.9216,214.6983],[169.0765,-45.9196,221.7022],[169.0847,-45.9167,213.3213],[169.0849,-45.9059,169.674],[169.0888,-45.9,185.9175],[169.0894,-45.8955,204.8526],[169.0914,-45.8913,227.7656],[169.0935,-45.892,251.1366],[169.0991,-45.8844,273.0596],[169.0965,-45.8826,265.7965],[169.0915,-45.8826,299.9299],[169.0822,-45.873,357.9109],[169.0745,-45.8711,410.1269],[169.0732,-45.865,431.8925],[169.0805,-45.8582,483.8943],[169.0566,-45.8501,287.7047],[169.0497,-45.8585,254.0482],[169.0504,-45.864,245.9367],[169.0052,-45.8635,542.4889],[169.0055,-45.8479,596.0731],[169.0088,-45.8443,563.3881],[169.012,-45.8341,621.4807],[169.0178,-45.8299,651.3665],[169.0198,-45.8248,642.2549],[169.0254,-45.8219,606.9692],[169.0289,-45.8089,283.4366],[169.024,-45.8052,301.882],[169.0135,-45.8036,338.4838],[169.0035,-45.7958,388.6144],[169.0045,-45.7496,1069.6261],[169.0019,-45.7387,1071.6598],[168.9945,-45.7372,967.11],[168.9934,-45.7285,991.2549],[169.0001,-45.726,943.1401],[169.0031,-45.7271,974.3352],[169.0037,-45.7182,1065.9558],[169.0076,-45.711,967.2315],[169.0054,-45.6984,919.1024],[169.0188,-45.6898,1068.592],[169.018,-45.6883,1086.1691],[169.0201,-45.681,1121.8093],[169.0187,-45.6776,1127.2894],[169.0219,-45.6674,1091.5149],[169.0249,-45.6637,1033.2784],[169.0247,-45.6596,1000.0057],[169.0353,-45.6526,1067.4207],[169.044,-45.6525,1157.3945],[169.0587,-45.6411,1187.6075],[169.0635,-45.6296,1250.5696],[169.0658,-45.6275,1212.2972],[169.0655,-45.6221,1285.4629],[169.0736,-45.6044,1322.7991],[169.0777,-45.6014,1376.5151],[169.0808,-45.5956,1393.3635],[169.0935,-45.5869,1408.6711],[169.099,-45.5807,1380.7903],[169.1119,-45.5418,1184.4132],[169.1231,-45.5297,1057.1904],[169.1303,-45.5247,1046.8921],[169.129,-45.5208,1021.4966],[169.1365,-45.4834,1164.5754],[169.1419,-45.4711,1197.6062],[169.1402,-45.4643,1164.8181],[169.1461,-45.4556,1232.476],[169.1472,-45.4505,1253.8606],[169.1602,-45.4396,1352.2301],[169.1835,-45.439,1377.9413],[169.1993,-45.4345,1485.4702],[169.2106,-45.4179,1574.9728],[169.2109,-45.4093,1592.2964],[169.2093,-45.4024,1611.1898],[169.1991,-45.393,1638.5637],[169.1965,-45.3884,1660.875],[169.1809,-45.3904,1630.2175],[169.1748,-45.3823,1620.0533],[169.1707,-45.3805,1594.8755],[169.1683,-45.3735,1593.801],[169.1645,-45.3707,1586.9829],[169.1614,-45.3633,1618.0109],[169.1532,-45.3535,1626.0195],[169.1547,-45.3493,1613.252],[169.1482,-45.3388,1621.8003],[169.1295,-45.3376,1563.6019],[169.1216,-45.3318,1515.4513],[169.114,-45.3287,1504.2855],[169.1057,-45.3219,1547.549],[169.0993,-45.3199,1561.4216],[169.0928,-45.2982,1586.3016],[169.0882,-45.2908,1632.2749],[169.0881,-45.287,1635.8174],[169.0902,-45.2861,1618.7434],[169.0729,-45.2711,1724.1956],[169.0677,-45.269,1716.8313],[169.0128,-45.3035,1683.0273],[168.9596,-45.3591,1833.4668],[168.9068,-45.4495,1797.4939],[168.8996,-45.4557,1750.6406],[168.8929,-45.457,1667.3032],[168.8869,-45.4628,1639.9963],[168.8588,-45.452,1447.1356],[168.8601,-45.4383,1467.6628],[168.854,-45.4321,1388.666],[168.8305,-45.4376,1411.5142],[168.8256,-45.4411,1489.6731],[168.8252,-45.4461,1531.7864],[168.7962,-45.4334,998.5017],[168.7896,-45.4339,1004.7584],[168.7823,-45.4371,1029.5571],[168.7787,-45.4366,1062.2012],[168.7797,-45.4336,1046.1749],[168.7777,-45.4243,1163.5582],[168.7739,-45.4205,1250.0162],[168.7739,-45.4148,1300.4203],[168.7687,-45.4031,1451.0096],[168.7739,-45.3918,1513.4414],[168.7726,-45.383,1567.0728],[168.7751,-45.3773,1604.678],[168.7728,-45.371,1573.1638],[168.7746,-45.3652,1628.5083],[168.7699,-45.3628,1576.1121],[168.7593,-45.3623,1373.4086],[168.756,-45.3633,1344.9408],[168.7516,-45.3676,1431.417],[168.7197,-45.3491,395.3015],[168.6922,-45.3397,581.4326],[168.6909,-45.3365,756.7236],[168.6978,-45.3119,1384.4434],[168.6917,-45.2971,1517.2188],[168.694,-45.292,1638.4404],[168.6874,-45.2821,1654.3851],[168.6873,-45.2758,1647.0184],[168.6901,-45.2726,1710.4299],[168.6805,-45.2597,1629.4088],[168.6802,-45.2566,1555.5732],[168.6838,-45.2515,1528.3079],[168.6834,-45.2477,1582.4429],[168.6741,-45.2431,1635.6266],[168.6683,-45.2429,1571.5117],[168.6587,-45.2465,1520.2927],[168.6493,-45.2457,1676.4255],[168.6331,-45.2618,1356.3136],[168.6201,-45.2663,1533.8617],[168.6174,-45.2718,1535.5127],[168.6076,-45.2778,1489.61],[168.5939,-45.2807,1600.9004],[168.584,-45.2785,1753.402],[168.5759,-45.2847,1666.2664],[168.5668,-45.2861,1835.2079],[168.5641,-45.2915,1635.9994],[168.5528,-45.2995,1614.7102],[168.5494,-45.3002,1554.645],[168.5412,-45.3063,1447.2369],[168.5394,-45.3093,1512.9548],[168.4608,-45.3251,1813.634],[168.3233,-45.3275,1964.788],[168.3027,-45.2956,1765.1615],[168.3003,-45.2939,1730.6349],[168.3038,-45.2886,1557.7126],[168.3027,-45.28,1262.277],[168.3078,-45.2667,1093.325],[168.307,-45.2604,836.4116],[168.2988,-45.2513,693.9504],[168.2882,-45.2449,844.3859],[168.292,-45.2375,907.0249],[168.2949,-45.2356,921.1361],[168.2997,-45.2278,919.2501],[168.3008,-45.2246,896.3808],[168.2997,-45.2212,861.7524],[168.297,-45.2215,866.103],[168.2907,-45.2183,817.815],[168.286,-45.2133,895.2077],[168.2694,-45.21,1397.6664],[168.2633,-45.2056,1472.2435],[168.2567,-45.2039,1681.9988],[168.2515,-45.1995,1649.819],[168.2507,-45.1941,1635.5476],[168.2549,-45.1852,1618.5171],[168.2486,-45.1783,1634.1781],[168.2455,-45.1708,1387.3645],[168.236,-45.1669,1470.3713],[168.2361,-45.1626,1579.0808],[168.2383,-45.1608,1599.724],[168.2394,-45.1544,1590.3051],[168.2342,-45.1532,1550.6151],[168.2281,-45.1493,1504.3386],[168.2248,-45.1494,1562.2817],[168.2229,-45.1469,1598.4753],[168.217,-45.1444,1650.1339],[168.2256,-45.1397,1541.1157],[168.227,-45.1375,1504.8088],[168.2362,-45.1338,1457.8987],[168.2455,-45.1262,1000.807],[168.2661,-45.119,892.4218],[168.2704,-45.1122,885.8082],[168.2842,-45.1062,1351.3679],[168.2849,-45.1021,1443.7539],[168.2838,-45.1002,1478.8267],[168.2864,-45.0932,1637.9237],[168.2841,-45.0882,1630.783],[168.2854,-45.0866,1563.1702],[168.2846,-45.0846,1597.132],[168.2935,-45.0748,1612.0271],[168.2942,-45.0701,1589.3567],[168.2927,-45.0664,1533.2534],[168.294,-45.0554,1597.376],[168.2986,-45.0522,1710.5673],[168.2982,-45.0484,1639.7756],[168.2946,-45.0465,1684.6382],[168.2914,-45.0405,1702.7528],[168.2962,-45.038,1761.075],[168.3026,-45.03,1688.9447],[168.3089,-45.0279,1692.1161],[168.3097,-45.026,1703.3015],[168.3003,-45.0152,1748.3031],[168.2959,-45.0138,1667.5657],[168.2862,-45.0169,1647.4891],[168.2859,-45.0204,1703.043],[168.2794,-45.025,1459.4719],[168.2753,-45.0258,1367.7494],[168.2484,-45.0273,765.1847],[168.2357,-45.0243,910.9841],[168.2212,-45.0164,1480.269],[168.2218,-45.0097,1540.4954],[168.2204,-45.0059,1550.6045],[168.2144,-45.0021,1450.526],[168.2089,-45.0017,1465.2662],[168.2053,-44.9984,1516.5999],[168.1996,-44.9967,1525.4415],[168.1829,-44.9831,1507.4558],[168.1746,-44.981,1698.0781],[168.1735,-44.9768,1602.934],[168.1764,-44.9712,1501.9678],[168.1761,-44.9663,1520.9854],[168.1611,-44.9527,1697.8563],[168.1524,-44.9483,1592.699],[168.1493,-44.9483,1564.7692],[168.148,-44.9436,1627.8236],[168.1344,-44.9416,1781.2289],[168.131,-44.938,1732.9072],[168.1317,-44.934,1600.4481],[168.1283,-44.9309,1584.8389],[168.1361,-44.9268,1615.984],[168.1307,-44.9223,1753.3735],[168.1364,-44.9191,1653.4534],[168.1372,-44.9135,1638.5381],[168.1344,-44.9049,1389.9281],[168.1298,-44.9013,1521.1552],[168.1274,-44.8852,1308.0725],[168.1254,-44.8836,1315.2383],[168.1171,-44.8831,1468.3965],[168.1165,-44.8764,1348.0573],[168.1175,-44.8705,1394.3916],[168.1229,-44.8646,1296.9661],[168.1223,-44.8542,1154.5042],[168.125,-44.8448,1069.5725],[168.1274,-44.8436,1039.907],[168.1287,-44.8405,1008.3544],[168.1274,-44.8286,1015.2949],[168.1676,-44.8283,1424.4167],[168.172,-44.81,1694.0111],[168.1797,-44.8044,1614.8583],[168.1833,-44.7978,1535.0813],[168.1821,-44.7918,1726.5311],[168.1847,-44.7889,1536.2983],[168.1848,-44.7841,1739.859],[168.1901,-44.7821,1784.7146],[168.1926,-44.778,1653.5074],[168.1914,-44.7744,1634.6508],[168.1928,-44.7716,1511.1033],[168.191,-44.7668,1632.9958],[168.1943,-44.7642,1640.5018],[168.1979,-44.7569,1506.3883],[168.2021,-44.7542,1377.9822],[168.2044,-44.7489,1533.3577],[168.2043,-44.7432,1604.7976],[168.1994,-44.7402,1756.3425],[168.1817,-44.745,1764.1025],[168.1813,-44.738,1587.4904],[168.1753,-44.7335,1511.9114],[168.1747,-44.7288,1347.6959],[168.1692,-44.7213,1479.7312],[168.172,-44.7186,1384.0],[168.1708,-44.7126,1596.8162],[168.175,-44.6977,1630.3501],[168.1849,-44.6905,1778.166],[168.1856,-44.687,1714.3506],[168.1925,-44.6807,1499.1791],[168.192,-44.6775,1421.0212],[168.1847,-44.6695,1645.1575],[168.1911,-44.6559,1362.749],[168.1888,-44.649,1534.0929],[168.185,-44.6461,1725.8481],[168.1973,-44.6433,1919.489],[168.1959,-44.6392,1716.8359],[168.1967,-44.6366,1649.7312],[168.202,-44.6303,1615.7419],[168.2038,-44.6229,1676.3263],[168.2075,-44.6181,1403.2192],[168.2144,-44.6035,1188.9924],[168.2257,-44.5981,1538.1121],[168.2232,-44.5893,1695.6125],[168.2252,-44.5866,1842.947],[168.2248,-44.583,1903.4705],[168.235,-44.5787,2153.2385],[168.2369,-44.5758,1973.146],[168.238,-44.5608,1889.2965],[168.237,-44.5489,1928.6432],[168.2346,-44.543,1875.0392],[168.2496,-44.5304,1723.7206],[168.2578,-44.526,1535.853],[168.2748,-44.5204,1623.9696],[168.2772,-44.5139,1796.1477],[168.2897,-44.4964,1861.8232],[168.3068,-44.4998,2111.0579],[168.3185,-44.495,2002.8699],[168.3288,-44.4948,2201.3247],[168.3345,-44.4968,2294.3596],[168.3368,-44.4954,2210.1128],[168.3337,-44.4892,1969.1152],[168.3375,-44.4781,1996.8173],[168.3369,-44.4759,2070.1995],[168.3436,-44.4728,1841.069],[168.3445,-44.47,1907.0289],[168.3529,-44.4605,2095.7075],[168.3531,-44.4584,2107.2114],[168.3487,-44.4519,2082.4062],[168.3539,-44.4437,1928.8745],[168.3577,-44.4424,1819.0087],[168.3612,-44.4388,1813.7373],[168.3597,-44.433,2034.2107],[168.366,-44.4244,2043.6841],[168.366,-44.4179,1974.5256],[168.3551,-44.4131,2125.7639],[168.3516,-44.4072,2073.27],[168.3518,-44.4042,1937.2095],[168.3662,-44.3944,2021.9177],[168.3839,-44.3884,1611.552],[168.3856,-44.3855,1497.7198],[168.3856,-44.3788,1802.0693],[168.3978,-44.3795,1788.4799],[168.4049,-44.3771,1810.6187],[168.4074,-44.3751,1842.4993],[168.4079,-44.368899999999996,1744.2661],[168.4112,-44.3649,1739.7683],[168.4114,-44.3616,1848.5664],[168.3684,-44.3545,1177.3539],[168.3706,-44.3465,953.8789],[168.3814,-44.3381,638.1906],[168.367,-44.3405,1045.7174],[168.3564,-44.3362,1396.4222],[168.3482,-44.3291,1455.7771],[168.345,-44.3211,1650.7549],[168.3506,-44.3172,1542.3966],[168.3499,-44.3135,1519.0647],[168.3536,-44.3053,1257.7528],[168.3488,-44.3023,1300.9618],[168.3505,-44.2958,1280.4918],[168.3477,-44.2904,1192.1328],[168.3474,-44.2842,1209.8792],[168.3454,-44.2821,1247.3259],[168.3278,-44.2819,1175.4238],[168.3221,-44.2776,1058.5609],[168.3098,-44.2798,1092.2266],[168.3056,-44.2792,1032.9137],[168.2804,-44.2601,336.6432],[168.2709,-44.2603,482.9655],[168.2612,-44.2627,829.6545],[168.2551,-44.2567,925.5195],[168.2503,-44.2551,1004.3364],[168.2436,-44.2581,1061.5284],[168.2258,-44.2564,979.0176],[168.2219,-44.2602,1023.3592],[168.2117,-44.2648,912.7678],[168.2023,-44.2667,914.0094],[168.1951,-44.2743,951.3479],[168.1798,-44.2774,974.019],[168.1693,-44.2754,966.371],[168.1657,-44.2795,894.058],[168.1577,-44.2822,735.3694],[168.1505,-44.2807,706.4443],[168.1314,-44.2811,485.6248],[168.0783,-44.261,142.0431],[168.0521,-44.2586,0.1354],[168.0551,-44.262,0.8969],[168.0621,-44.2655,1.2953],[168.0763,-44.2652,2.3831],[168.0799,-44.2667,8.865],[168.0795,-44.2682,0.0],[168.0835,-44.268,0.0],[168.1049,-44.2792,12.9128],[168.1055,-44.2813,0.1674],[168.1158,-44.2869,3.6227],[168.1178,-44.2887,1.0384],[168.1171,-44.2905,0.0],[168.1196,-44.2909,3.7416],[168.1177,-44.2908,0.0],[168.1147,-44.2993,7.6849],[168.1008,-44.3228,3.2363],[168.0959,-44.3285,4.2934],[168.0904,-44.3312,0.7799],[168.0709,-44.3316,18.6744],[168.0654,-44.3277,1.127],[168.057,-44.3265,9.0667],[168.054,-44.3246,11.6677],[168.0483,-44.3265,18.6337],[168.0221,-44.3269,13.5534],[168.0098,-44.3248,14.9015],[167.9978,-44.3292,6.1597],[167.9942,-44.3286,0.0],[167.9998,-44.3319,83.1911],[167.9996,-44.3347,1.9071],[168.004,-44.3354,10.5683],[168.0084,-44.3386,19.2892],[168.0094,-44.3484,8.399],[168.0052,-44.3606,0.0],[168.0053,-44.3665,2.9975],[168.0138,-44.3687,5.6246],[168.0164,-44.3709,1.3489],[168.0209,-44.3709,7.0784],[168.0158,-44.3773,22.2386],[168.0179,-44.3838,14.8627],[168.0206,-44.3863,0.0],[168.0255,-44.3846,0.0],[168.0294,-44.3854,3.9153],[168.0368,-44.3897,4.6409],[168.0373,-44.3936,0.0],[168.0484,-44.4,0.0],[168.0467,-44.4028,9.3175],[168.0487,-44.4058,16.7335],[168.058,-44.4123,48.5425],[168.0558,-44.4224,11.3728],[168.0562,-44.4315,0.0],[168.0619,-44.4366,2.1853],[168.0681,-44.4483,56.81],[168.0688,-44.4519,41.7428],[168.0667,-44.4586,0.0],[168.0715,-44.4633,20.8056],[168.0725,-44.4724,3.9798],[168.07,-44.4888,18.1103],[168.075,-44.497,0.0],[168.0765,-44.5069,8.4732],[168.0798,-44.51,45.3388],[168.0758,-44.5186,45.9705],[168.065,-44.5187,9.4659],[168.0656,-44.5146,0.3629],[168.0614,-44.5155,3.7405],[168.0555,-44.511,47.9265],[168.054,-44.5004,69.6229],[168.0553,-44.4841,48.4672],[168.0522,-44.477,58.8262],[168.0534,-44.4662,11.5532],[168.0495,-44.451,0.0],[168.0448,-44.4471,2.8174],[168.0385,-44.4457,10.2462],[168.0356,-44.4396,26.8608],[168.0309,-44.4367,31.7256],[168.0325,-44.432,0.0],[168.0292,-44.4279,21.096],[168.0287,-44.4205,23.8541],[168.0338,-44.4176,18.6058],[168.0365,-44.4113,5.448],[168.0321,-44.405,23.4061],[168.0283,-44.4027,12.0489],[168.0277,-44.3993,21.85],[168.0238,-44.397,19.2829],[168.015,-44.384,16.0431],[168.0128,-44.3784,31.9691],[168.0142,-44.3719,0.0],[168.0103,-44.3703,4.3215],[168.0083,-44.3703,3.32],[168.0102,-44.3724,11.4201],[168.0057,-44.3711,5.4782],[168.0024,-44.3668,6.831],[168.0006,-44.3681,3.6559],[168.0007,-44.3675,7.2814],[168.0022,-44.3664,6.831],[168.0004,-44.3592,0.0],[168.0037,-44.3484,0.0],[168.0037,-44.3389,0.0],[168.0022,-44.3372,0.0],[168.0013,-44.3526,0.0],[167.999,-44.3593,0.0],[167.9938,-44.3695,1.1804],[167.9871,-44.3779,4.519],[167.9733,-44.3866,9.7314],[167.9638,-44.3855,7.4679],[167.9569,-44.3817,11.9446],[167.9489,-44.3843,1.6928],[167.9415,-44.3845,0.0],[167.9313,-44.3901,0.0],[167.925,-44.3964,0.0],[167.9189,-44.4056,0.0],[167.9161,-44.4071,13.6491],[167.9095,-44.4054,8.6291],[167.9075,-44.408,0.3306],[167.9068,-44.4142,3.5277],[167.8962,-44.4208,1.0588],[167.8915,-44.4217,9.6128],[167.8824,-44.431,2.8959],[167.8722,-44.4348,0.0],[167.8735,-44.4363,0.0],[167.8717,-44.4399,0.0],[167.8641,-44.4454,0.0],[167.8585,-44.4534,0.0],[167.8601,-44.4557,6.3675],[167.8594,-44.4609,10.4638],[167.8562,-44.4671,8.8687],[167.8469,-44.4763,0.0],[167.8474,-44.4793,11.6919],[167.8439,-44.4847,5.0736],[167.8342,-44.4909,0.0],[167.8156,-44.4957,0.0],[167.8178,-44.4999,0.0],[167.8285,-44.5086,0.0],[167.8278,-44.5145,0.0],[167.8293,-44.5158,5.7015],[167.8277,-44.5159,0.0],[167.8275,-44.5237,0.0],[167.8295,-44.5245,2.3033],[167.8308,-44.5282,12.5847],[167.8296,-44.541,0.6065],[167.8257,-44.5456,0.0],[167.8243,-44.5502,13.176],[167.8219,-44.5512,0.5929],[167.8228,-44.5532,50.0588],[167.8194,-44.5654,0.0],[167.8217,-44.5699,30.7699],[167.8215,-44.5728,25.5083],[167.8182,-44.5786,0.0],[167.8214,-44.5834,42.3846],[167.8172,-44.5991,5.7476],[167.8269,-44.6018,5.9861],[167.8349,-44.601,62.8161],[167.8441,-44.6026,118.5612],[167.8506,-44.6067,16.0646],[167.856,-44.6045,175.9288],[167.8619,-44.6052,133.4504],[167.8637,-44.6073,83.9715],[167.8731,-44.6108,74.9478],[167.8753,-44.6148,58.2631],[167.8824,-44.6209,220.7249],[167.8892,-44.6221,90.8088],[167.8958,-44.6279,44.493899999999996],[167.9035,-44.6295,31.914],[167.9031,-44.6245,15.9031],[167.907,-44.6265,4.5523],[167.9093,-44.6239,24.5278],[167.9131,-44.6233,43.3825],[167.9152,-44.6295,54.1385],[167.9144,-44.6324,19.1227],[167.9161,-44.64,34.8495],[167.9142,-44.6427,9.4354],[167.9151,-44.6523,148.5752],[167.9219,-44.6594,331.9676],[167.9238,-44.6642,104.0906],[167.9225,-44.6652,12.5788],[167.9237,-44.6656,29.3488],[167.9218,-44.6657,12.5788],[167.9272,-44.6674,12.4324],[167.9252,-44.6679,2.4256],[167.9287,-44.6718,17.666],[167.92,-44.67,3.8293],[167.923,-44.6727,3.4475],[167.9191,-44.6696,3.8293],[167.9177,-44.6716,9.3016],[167.9153,-44.6693,8.9476],[167.9137,-44.67,1.3295],[167.9159,-44.6712,5.142],[167.9132,-44.671,1.3295],[167.9132,-44.6721,4.473],[167.9151,-44.673,5.9322],[167.9155,-44.6756,-2.3163],[167.9208,-44.6746,5.2795],[167.9229,-44.675,6.4044],[167.9197,-44.6761,5.2795],[167.9229,-44.6767,3.9641],[167.9212,-44.677,3.9641],[167.9222,-44.6777,3.9641],[167.9284,-44.6764,10.4544],[167.9238,-44.6785,21.6644],[167.9286,-44.6828,45.6091],[167.9225,-44.6827,18.1917],[167.9134,-44.6859,1.9124],[167.9147,-44.6792,20.8977],[167.9103,-44.6786,18.8138],[167.9105,-44.6716,-45.0996],[167.9078,-44.6655,11.4376],[167.9003,-44.6623,66.6255],[167.8986,-44.6586,0.0],[167.8958,-44.659,40.3848],[167.8991,-44.6572,0.0],[167.8974,-44.6553,68.0476],[167.897,-44.6505,0.0],[167.8763,-44.637,0.0],[167.8747,-44.6289,0.0],[167.8725,-44.6256,11.6397],[167.8645,-44.6241,30.4203],[167.8515,-44.6127,0.0],[167.8443,-44.6145,42.7856],[167.8332,-44.6067,11.9354],[167.8123,-44.6056,14.4829],[167.8062,-44.6031,13.6237],[167.8028,-44.5962,68.408],[167.8029,-44.5912,10.6559],[167.7872,-44.5865,37.9408],[167.7856,-44.583,0.0],[167.7895,-44.5799,0.0],[167.7877,-44.5776,0.0],[167.7817,-44.5772,9.9984],[167.7802,-44.5757,16.8706],[167.7826,-44.5749,2.8167],[167.7825,-44.5721,1.543],[167.7758,-44.5741,0.0511],[167.7789,-44.5746,20.3923],[167.7747,-44.5751,1.821],[167.7699,-44.579,13.4574],[167.7673,-44.579,0.0],[167.767,-44.5808,13.4534],[167.75,-44.581,0.0],[167.748,-44.5843,0.0],[167.7484,-44.5868,40.5593],[167.743,-44.5913,0.0],[167.7469,-44.5918,1.2577],[167.7461,-44.5945,0.0],[167.7381,-44.6034,11.2655],[167.7279,-44.6062,0.5833],[167.7138,-44.6052,15.1343],[167.7077,-44.6063,91.4527],[167.6903,-44.6177,5.0176],[167.6878,-44.6178,0.0],[167.6881,-44.618899999999996,0.7424],[167.6838,-44.622,17.0179],[167.6744,-44.626,10.3793],[167.6692,-44.6301,0.0],[167.6693,-44.6329,0.0986],[167.6612,-44.6374,0.0],[167.6487,-44.6415,84.0949],[167.6333,-44.6421,17.1918],[167.6351,-44.6467,1.8559],[167.6397,-44.6485,35.1402],[167.6506,-44.6572,8.5578],[167.652,-44.6568,17.2432],[167.6563,-44.6654,39.2371],[167.6665,-44.6763,28.542],[167.6673,-44.6794,12.769],[167.6632,-44.6848,4.2249],[167.6584,-44.6866,9.1694],[167.6527,-44.6859,12.7175],[167.6493,-44.6812,0.0],[167.6426,-44.6767,39.4496],[167.6407,-44.6741,27.3561],[167.6411,-44.6721,21.3943],[167.6248,-44.6619,4.53],[167.6134,-44.6599,24.176],[167.6031,-44.6656,4.7155],[167.5971,-44.665,7.7303],[167.5921,-44.6665,2.5424],[167.5926,-44.6685,26.5895],[167.5872,-44.6686,0.0],[167.5808,-44.6746,0.0],[167.5813,-44.6773,7.4655],[167.579,-44.6771,0.0],[167.5766,-44.6802,28.9583],[167.5733,-44.6812,0.0],[167.573,-44.6851,2.6538],[167.5692,-44.6863,61.2728],[167.5685,-44.6848,5.9938],[167.5653,-44.685,0.0],[167.5662,-44.6879,0.0],[167.5641,-44.6927,0.0],[167.5688,-44.6938,28.2261],[167.5692,-44.6954,0.0],[167.5639,-44.7028,0.0],[167.5661,-44.705,0.0],[167.5632,-44.7087,0.0],[167.5653,-44.711,11.8942],[167.5608,-44.7155,0.0],[167.5606,-44.7179,2.0912],[167.5665,-44.7213,0.0],[167.5715,-44.7208,119.6308],[167.5754,-44.7247,0.0],[167.5791,-44.7258,19.3624],[167.5807,-44.7314,0.0],[167.5846,-44.7344,75.3754],[167.5854,-44.7379,0.0],[167.599,-44.7384,3.7431],[167.6033,-44.7419,7.5932],[167.6108,-44.743899999999996,28.2981],[167.6112,-44.7488,12.5521],[167.6155,-44.7495,13.3434],[167.6174,-44.7484,3.1895],[167.6189,-44.7504,0.0],[167.6203,-44.7482,4.5746],[167.623,-44.7558,31.5941],[167.6217,-44.7569,25.9513],[167.6277,-44.7644,4.6843],[167.6278,-44.7677,12.0183],[167.6334,-44.7727,53.4248],[167.6309,-44.7777,0.0],[167.6319,-44.7827,13.7961],[167.6282,-44.7819,0.0481],[167.6289,-44.7831,3.3947],[167.6245,-44.7831,0.2805],[167.6237,-44.7847,10.7514],[167.6211,-44.7837,2.5872],[167.6214,-44.7812,12.4522],[167.6247,-44.7795,0.0],[167.6224,-44.7789,40.9228],[167.6227,-44.7746,47.0482],[167.6176,-44.7728,10.6186],[167.6169,-44.7662,0.0],[167.6101,-44.759,84.1471],[167.6112,-44.7551,0.0],[167.6039,-44.7532,39.5195],[167.6035,-44.7493,0.0],[167.5988,-44.7463,12.3945],[167.6004,-44.7434,5.5061],[167.5964,-44.7426,0.0],[167.5933,-44.7391,3.3853],[167.588,-44.7408,0.0],[167.5697,-44.7355,0.0],[167.5638,-44.7379,0.0],[167.5544,-44.7386,8.0779],[167.5483,-44.7363,66.7202],[167.5421,-44.7366,46.9233],[167.5321,-44.7311,0.0],[167.5268,-44.7314,45.1248],[167.5195,-44.7337,1.0663],[167.5127,-44.7407,1.9074],[167.4998,-44.7488,22.9052],[167.4982,-44.7523,17.505],[167.4939,-44.7529,0.0],[167.4978,-44.7544,93.0438],[167.4978,-44.7575,50.7292],[167.5062,-44.7592,56.3168],[167.5073,-44.7711,0.0],[167.524,-44.7845,97.1838],[167.5293,-44.7941,0.0],[167.5356,-44.7945,170.6975],[167.5401,-44.7979,2.2116],[167.547,-44.7998,2.6055],[167.548,-44.8023,0.0],[167.5458,-44.8074,0.0],[167.542,-44.8092,0.0],[167.5414,-44.8122,31.4831],[167.5382,-44.8159,0.0],[167.5303,-44.8219,0.0],[167.5273,-44.8273,3.695],[167.525,-44.8293,6.995],[167.5228,-44.8289,0.0],[167.5228,-44.8313,58.1616],[167.5207,-44.8317,3.8452],[167.5191,-44.835,5.0276],[167.5184,-44.8408,28.2437],[167.5143,-44.8463,135.172],[167.5103,-44.849,16.9418],[167.5078,-44.8492,3.5165],[167.5077,-44.8472,0.0],[167.5066,-44.8497,34.8606],[167.5037,-44.849,0.0],[167.5024,-44.8525,25.4383],[167.5003,-44.8528,0.0],[167.5032,-44.8593,9.9733],[167.5074,-44.8629,65.5484],[167.5251,-44.8717,106.394],[167.5279,-44.8758,1.4555],[167.5346,-44.8783,40.1811],[167.5312,-44.8816,0.0],[167.5261,-44.8825,0.0],[167.5264,-44.8807,0.0],[167.523,-44.8785,0.0],[167.5139,-44.8764,8.0566],[167.5013,-44.8675,0.0],[167.4956,-44.8657,1.2078],[167.4905,-44.8595,1.5656],[167.4896,-44.8548,0.0],[167.4922,-44.8497,0.0],[167.4896,-44.8486,0.0],[167.4892,-44.8467,0.0],[167.4925,-44.8413,3.8672],[167.4953,-44.839,7.0592],[167.4951,-44.8402,3.1213],[167.4963,-44.8399,0.0],[167.4968,-44.8375,46.5938],[167.5049,-44.8333,26.2749],[167.5032,-44.8317,48.8628],[167.5044,-44.8296,10.1638],[167.5114,-44.8257,51.3813],[167.5148,-44.8206,25.7491],[167.5279,-44.813,0.0],[167.5329,-44.8079,0.0],[167.533,-44.8047,0.0],[167.5385,-44.8011,0.0],[167.5284,-44.8003,32.326],[167.5149,-44.7948,12.6285],[167.5115,-44.7947,86.8155],[167.5076,-44.7918,8.9644],[167.5071,-44.7891,0.0],[167.5046,-44.7897,59.3708],[167.5006,-44.7873,20.4838],[167.4977,-44.7825,0.0],[167.489,-44.7774,0.0],[167.4749,-44.7763,56.3083],[167.4695,-44.7734,0.0],[167.4689,-44.7746,57.3791],[167.4632,-44.7753,33.9411],[167.4518,-44.7743,0.0],[167.4421,-44.776,0.0],[167.4372,-44.7833,21.6461],[167.4276,-44.7886,51.7725],[167.4203,-44.7906,3.7853],[167.417,-44.7964,130.1447],[167.4108,-44.7948,14.7574],[167.4091,-44.7956,21.6063],[167.4103,-44.7977,38.8517],[167.4063,-44.7955,1.7559],[167.4036,-44.7989,17.2467],[167.3981,-44.8002,0.0],[167.3921,-44.8072,0.0],[167.3958,-44.8103,16.8378],[167.3942,-44.8122,0.0],[167.397,-44.814,2.3577],[167.3905,-44.816,7.5713],[167.3866,-44.8123,0.0],[167.3839,-44.8129,1.6457],[167.3805,-44.8097,7.3477],[167.3793,-44.8133,19.4017],[167.3735,-44.8178,0.0],[167.3553,-44.8247,78.1742],[167.3552,-44.8277,0.0],[167.3582,-44.8306,106.2375],[167.3544,-44.8335,0.0],[167.3579,-44.8371,61.6566],[167.3567,-44.8481,6.2842],[167.3607,-44.8499,3.4037],[167.3668,-44.856,53.663],[167.367,-44.8621,2.0624],[167.375,-44.876,32.2993],[167.381,-44.8791,25.2326],[167.3858,-44.8849,5.6657],[167.3874,-44.8923,8.0258],[167.3867,-44.8978,21.613],[167.3929,-44.906,84.578],[167.3948,-44.9191,20.6045],[167.3934,-44.9208,11.2956],[167.4073,-44.931399999999996,7.3674],[167.4056,-44.9316,10.0756],[167.4037,-44.9301,5.1073],[167.3976,-44.9324,12.7162],[167.3943,-44.9269,3.5383],[167.393,-44.9276,3.5383],[167.3905,-44.9257,0.0],[167.383,-44.9319,20.6303],[167.383,-44.9346,22.6949],[167.3886,-44.9388,31.0529],[167.3948,-44.9398,0.0],[167.4102,-44.9488,21.6931],[167.4105,-44.9508,2.5674],[167.4147,-44.9538,0.0],[167.4146,-44.9563,0.0],[167.4191,-44.9588,108.7778],[167.4201,-44.9623,19.5719],[167.4244,-44.9657,5.5116],[167.4293,-44.9652,18.4827],[167.4309,-44.9678,3.189],[167.4339,-44.9689,19.6626],[167.4342,-44.9709,0.0],[167.4319,-44.9734,0.0],[167.4337,-44.9743,43.9978],[167.4335,-44.9788,8.6326],[167.4393,-44.9794,23.8483],[167.4398,-44.9765,2.9219],[167.4422,-44.9763,15.1791],[167.4406,-44.9793,0.0],[167.4433,-44.981,9.2386],[167.4423,-44.9837,3.8796],[167.4345,-44.9845,3.1412],[167.4263,-44.9831,91.6071],[167.4227,-44.9735,16.9805],[167.4191,-44.9745,0.0],[167.4123,-44.9728,0.0],[167.4009,-44.9787,36.4661],[167.3957,-44.987,10.5262],[167.3895,-44.9889,0.0],[167.3875,-44.994,0.0],[167.3841,-44.9961,0.0],[167.385,-44.9972,23.8949],[167.3816,-44.9979,55.6793],[167.3808,-44.9903,18.299],[167.3779,-44.987,0.0],[167.3802,-44.9846,0.0],[167.3865,-44.9822,0.0],[167.3876,-44.9798,18.6781],[167.3966,-44.9741,10.7953],[167.3982,-44.9709,123.315],[167.4039,-44.9696,4.5807],[167.403,-44.9626,0.0],[167.4013,-44.9587,0.0],[167.3983,-44.9568,74.972],[167.399,-44.9552,11.8731],[167.3933,-44.9499,12.4064],[167.3768,-44.9513,72.8983],[167.3575,-44.947,3.8379],[167.3585,-44.9448,0.0],[167.3663,-44.9447,0.0],[167.3676,-44.9433,0.0],[167.3647,-44.9423,101.2087],[167.3684,-44.94,0.0],[167.3665,-44.9298,0.0],[167.3758,-44.9228,35.2793],[167.3747,-44.919,0.4511],[167.3764,-44.9099,0.0],[167.3686,-44.903,19.7185],[167.3676,-44.897,0.0],[167.3653,-44.8938,113.0072],[167.3664,-44.8906,0.0],[167.3634,-44.887,43.2177],[167.3466,-44.8753,76.002],[167.342,-44.8656,3.2652],[167.3415,-44.8609,10.2816],[167.3436,-44.8567,3.7473],[167.3409,-44.8534,0.0],[167.3396,-44.8445,0.0],[167.3268,-44.8445,0.0],[167.3271,-44.8466,52.6912],[167.3221,-44.8519,13.6602],[167.3016,-44.8619,0.0],[167.2997,-44.8641,3.63],[167.2947,-44.8642,0.0],[167.2809,-44.8681,20.6493],[167.2832,-44.87,64.6736],[167.2785,-44.8679,0.0],[167.2713,-44.8698,12.7254],[167.2731,-44.8743,41.7072],[167.2712,-44.8778,22.8756],[167.2682,-44.8812,0.0],[167.2593,-44.8853,0.0],[167.2606,-44.8883,74.3895],[167.2573,-44.8926,1.2616],[167.2517,-44.8958,11.2131],[167.2442,-44.8972,8.5897],[167.2474,-44.8986,18.814],[167.2488,-44.9022,2.9746],[167.238,-44.9094,5.2914],[167.2311,-44.9109,9.1017],[167.2288,-44.9098,12.9183],[167.2247,-44.9132,0.8846],[167.2237,-44.9154,5.7447],[167.2248,-44.9173,6.4748],[167.2213,-44.9185,0.0],[167.2293,-44.9196,0.0],[167.2313,-44.9182,7.8255],[167.2383,-44.9203,27.6434],[167.2426,-44.9233,29.6361],[167.2405,-44.9272,0.5236],[167.2421,-44.928,21.6817],[167.239,-44.928,39.5656],[167.2354,-44.9265,31.7265],[167.2281,-44.9277,0.0],[167.2186,-44.9235,5.1603],[167.2167,-44.9248,1.595],[167.2182,-44.9255,22.9766],[167.2175,-44.9264,131.1417],[167.2116,-44.9268,4.6513],[167.2098,-44.9315,117.7564],[167.2046,-44.9344,0.0],[167.2058,-44.9353,6.5261],[167.205,-44.9379,0.0],[167.2023,-44.9397,10.5718],[167.202,-44.9416,57.867],[167.1974,-44.942,0.0],[167.1989,-44.9438,115.7261],[167.1957,-44.9448,5.6633],[167.197,-44.9457,83.8914],[167.1949,-44.9456,5.6633],[167.1953,-44.9476,47.8636],[167.1926,-44.9495,15.29],[167.1896,-44.9501,0.8403],[167.1922,-44.9527,26.3184],[167.1909,-44.9537,12.5222],[167.1972,-44.9592,9.612],[167.1959,-44.9607,0.894],[167.1973,-44.9625,4.7266],[167.1763,-44.9579,0.0],[167.1748,-44.9585,1.2443],[167.1766,-44.9607,75.5015],[167.1745,-44.9617,18.337],[167.1761,-44.9643,7.202],[167.1722,-44.9654,50.5936],[167.1702,-44.9684,42.7785],[167.1678,-44.9691,11.0255],[167.1653,-44.9678,0.0],[167.1597,-44.9696,0.0],[167.1588,-44.9717,42.0899],[167.151,-44.9728,0.0],[167.149,-44.9751,36.4947],[167.1461,-44.9755,13.3348],[167.1462,-44.9773,73.7695],[167.1422,-44.9795,0.0],[167.1439,-44.9817,46.9225],[167.1369,-44.9858,0.0],[167.1392,-44.9879,92.9348],[167.1355,-44.9904,0.4484],[167.137,-44.991,0.4484],[167.1365,-44.9927,0.0],[167.1242,-45.0046,0.0],[167.125,-45.0118,63.1888],[167.1193,-45.0121,10.913],[167.1178,-45.0102,0.4955],[167.1156,-45.0137,8.1911],[167.108,-45.0141,0.076],[167.1124,-45.0181,1.6681],[167.1114,-45.0204,27.7899],[167.1039,-45.0213,30.3344],[167.0921,-45.026,0.0],[167.0936,-45.0271,0.2534],[167.0924,-45.0278,0.2534],[167.1038,-45.0296,2.9668],[167.1041,-45.0315,5.8014],[167.1021,-45.0315,0.0],[167.105,-45.0332,27.6397],[167.0981,-45.0348,30.5227],[167.0969,-45.0367,41.7251],[167.0927,-45.0365,1.8213],[167.0715,-45.0566,69.0763],[167.0612,-45.0606,0.0],[167.0625,-45.0618,4.4172],[167.0593,-45.0678,28.9328],[167.0496,-45.0722,13.5308],[167.0496,-45.0747,111.0626],[167.0432,-45.0777,8.7416],[167.044,-45.0801,31.1618],[167.04,-45.0892,0.0],[167.0355,-45.0931,64.0],[167.027,-45.0941,5.7784],[167.0265,-45.0957,1.8418],[167.03,-45.0952,4.9012],[167.032,-45.098,16.296],[167.029,-45.097,0.0],[167.0265,-45.1028,13.7681],[167.0108,-45.1075,0.3811],[167.0118,-45.1082,56.7508],[167.0052,-45.1144,0.0],[167.0067,-45.1137,23.1992],[167.0075,-45.1155,112.7758],[167.0043,-45.119,0.4409],[167.0054,-45.122,4.0147],[167.0024,-45.1237,0.4316],[167.0023,-45.1256,21.6743],[166.9923,-45.1265,15.6683],[166.989,-45.1321,97.922],[166.9855,-45.1326,0.0],[166.9845,-45.1353,14.9832],[166.9742,-45.1384,0.0],[166.9758,-45.14,23.8935],[166.9736,-45.1433,2.9954],[166.9761,-45.1448,0.9129],[166.9777,-45.1494,6.0555],[166.9831,-45.1508,64.5869],[166.9837,-45.1538,10.0235],[166.9874,-45.1549,45.7058],[166.994,-45.166,6.4413],[166.9912,-45.1688,27.4625],[166.9832,-45.1672,3.0639],[166.9834,-45.1706,23.981],[166.9866,-45.1732,5.2379],[166.9815,-45.1744,6.4673],[166.9813,-45.1767,39.1244],[166.9798,-45.1758,0.9506],[166.9784,-45.1769,0.0],[166.9768,-45.1811,16.4604],[166.9782,-45.1831,0.0],[166.9783,-45.1897,2.672],[166.9753,-45.1914,4.8052],[166.9748,-45.1897,0.8229],[166.972,-45.1905,21.8951],[166.9719,-45.1891,0.0],[166.9672,-45.1925,3.3962],[166.9702,-45.1979,0.0],[166.9744,-45.1937,20.1407],[166.976,-45.1948,2.4862],[166.9729,-45.198,30.604],[166.9719,-45.203,12.1087],[166.9773,-45.2126,17.3484],[166.976,-45.2186,0.0],[166.9817,-45.2225,29.8331],[166.9809,-45.2255,20.4758],[166.9883,-45.2273,23.8386],[166.9893,-45.2288,37.0054],[166.9867,-45.23,0.0],[166.9904,-45.2321,14.5832],[166.9921,-45.2376,16.1387],[167.0015,-45.2415,16.4561],[167.006,-45.2483,36.4473],[167.0064,-45.2514,74.9524],[167.0029,-45.2525,2.5289],[167.0053,-45.2612,0.0],[167.0028,-45.2654,0.0],[167.0067,-45.2712,16.235],[167.0054,-45.2733,0.0],[167.0113,-45.2801,0.0],[167.0268,-45.2859,8.8734],[167.0454,-45.281,72.6304],[167.0632,-45.2822,0.0],[167.0779,-45.2782,0.0],[167.0985,-45.276,3.4506],[167.0972,-45.2746,27.7653],[167.1106,-45.2768,0.0],[167.1212,-45.2686,0.0],[167.1198,-45.2619,3.233],[167.1207,-45.2624,0.1051],[167.1186,-45.2606,23.6639],[167.1208,-45.2618,0.1051],[167.1213,-45.2625,0.1051],[167.123,-45.262,0.0],[167.121,-45.2612,35.6462],[167.1308,-45.2627,11.9168],[167.1363,-45.262,12.4213],[167.1373,-45.2652,2.313],[167.1425,-45.2627,44.0571],[167.1456,-45.2658,0.0],[167.1625,-45.2527,3.1433],[167.1629,-45.2491,40.3925],[167.1669,-45.2499,1.6601],[167.1691,-45.2477,22.3094],[167.1694,-45.2495,11.3077],[167.1715,-45.2497,21.8706],[167.1706,-45.254,21.9013],[167.1646,-45.2593,19.0339],[167.164,-45.2622,121.6412],[167.1518,-45.2717,46.8774],[167.1465,-45.271,14.8321],[167.1456,-45.2725,39.3342],[167.1469,-45.2731,77.4138],[167.1433,-45.2756,31.997],[167.1435,-45.2779,63.686],[167.1476,-45.2831,19.0459],[167.1558,-45.2888,107.9716],[167.1591,-45.2956,0.9559],[167.1567,-45.3013,19.8421],[167.1617,-45.3075,3.0458],[167.1698,-45.311,44.4312],[167.1694,-45.3122,34.7245],[167.1718,-45.3139,7.425],[167.1859,-45.3126,11.8108],[167.1901,-45.3137,0.0],[167.1922,-45.3163,0.0],[167.1961,-45.3156,0.0779],[167.1915,-45.3199,96.8083],[167.179,-45.319,2.6393],[167.1748,-45.3211,3.372],[167.1677,-45.3184,44.1375],[167.1572,-45.3115,59.3009],[167.1535,-45.3053,9.739],[167.1481,-45.3044,0.0],[167.1455,-45.2909,0.0],[167.1418,-45.2882,34.2687],[167.1437,-45.2878,0.0],[167.1386,-45.2877,0.0],[167.128,-45.2829,0.0],[167.1239,-45.2826,0.0],[167.1167,-45.2833,0.0],[167.1144,-45.2863,112.2921],[167.0974,-45.2869,25.7326],[167.0885,-45.2904,31.1827],[167.0775,-45.2897,59.4157],[167.0696,-45.2935,67.7881],[167.0577,-45.2939,37.7372],[167.0471,-45.2908,0.0],[167.0343,-45.2932,78.1117],[167.0303,-45.2955,6.961],[167.0324,-45.2981,82.1021],[167.0279,-45.3024,7.4895],[167.0168,-45.3036,6.2834],[167.0175,-45.3066,25.4783],[167.0158,-45.3059,13.1503],[167.0178,-45.31,38.2265],[167.0157,-45.3116,21.0449],[167.0164,-45.3135,29.6514],[167.0122,-45.3123,0.0],[167.0074,-45.3144,0.0],[167.0081,-45.3212,31.9334],[167.0141,-45.3256,29.5051],[167.0199,-45.327,27.5362],[167.0181,-45.3284,7.5709],[167.0231,-45.3312,26.1562],[167.0249,-45.3348,2.3162],[167.0386,-45.3437,0.9983],[167.0417,-45.3434,7.0603],[167.0418,-45.3456,8.8857],[167.049,-45.3487,3.2794],[167.0702,-45.351,53.5727],[167.0743,-45.3555,0.0],[167.0838,-45.3594,151.0941],[167.0869,-45.364,42.724],[167.0854,-45.3647,3.1793],[167.0867,-45.3667,6.6933],[167.0964,-45.3726,137.3825],[167.0971,-45.3764,0.0],[167.101,-45.3769,20.4936],[167.1001,-45.3781,13.4665],[167.1017,-45.3794,13.4665],[167.0996,-45.3798,6.7827],[167.0994,-45.3813,0.2877],[167.1096,-45.3871,0.0],[167.1165,-45.3995,0.0],[167.1279,-45.4135,32.4141],[167.125,-45.4166,4.0774],[167.1271,-45.418,0.0],[167.1303,-45.416,45.4204],[167.1328,-45.4167,6.6341],[167.1336,-45.4189,30.3801],[167.1312,-45.4196,62.53],[167.1279,-45.4251,0.0],[167.1292,-45.4315,3.2879],[167.1326,-45.4329,57.8546],[167.1397,-45.4411,87.602],[167.131,-45.4446,112.5876],[167.1277,-45.4504,22.9597],[167.1262,-45.4503,35.9731],[167.1262,-45.448,62.7358],[167.1236,-45.4476,0.0],[167.122,-45.4492,27.9413],[167.1204,-45.4585,21.202],[167.1163,-45.4612,0.0],[167.111,-45.4618,13.0021],[167.1091,-45.464,19.9903],[167.1059,-45.464,0.0],[167.0951,-45.4704,88.8314],[167.09,-45.471,19.6884],[167.0796,-45.4812,28.0856],[167.0808,-45.4841,10.1739],[167.0795,-45.4903,137.1903],[167.0695,-45.4984,115.1384],[167.0622,-45.502,6.576],[167.0615,-45.5063,26.3121],[167.0568,-45.5067,10.995],[167.0569,-45.5021,2.1508],[167.0554,-45.5007,35.3536],[167.0629,-45.4965,12.3981],[167.0649,-45.4923,44.8996],[167.0748,-45.485,70.1352],[167.0748,-45.4807,7.8094],[167.0715,-45.48,24.351],[167.0722,-45.4766,4.8592],[167.0798,-45.4718,1.7279],[167.0802,-45.4728,1.7279],[167.0839,-45.4676,23.1034],[167.1088,-45.4553,1.2468],[167.1142,-45.4494,27.1181],[167.1151,-45.4468,0.0],[167.1128,-45.4403,2.2633],[167.1154,-45.4386,0.0],[167.1156,-45.4313,5.2947],[167.1115,-45.4309,17.8785],[167.1122,-45.425,5.8656],[167.1107,-45.4214,0.0],[167.1068,-45.4182,4.7948],[167.1068,-45.4135,0.0],[167.1038,-45.4087,1.5579],[167.1002,-45.408,10.1396],[167.0996,-45.4049,41.0658],[167.0951,-45.4021,11.3685],[167.0888,-45.3844,0.0],[167.0825,-45.377,0.0],[167.0751,-45.3725,46.6972],[167.0688,-45.3628,0.0],[167.0503,-45.358,19.2369],[167.0425,-45.3579,0.0],[167.0373,-45.3543,0.0],[167.034,-45.3586,25.0427],[167.0271,-45.3616,12.0442],[167.0234,-45.3753,0.0],[167.0209,-45.3785,4.0905],[167.0212,-45.3808,6.079],[167.0274,-45.3855,0.0],[167.0279,-45.3891,0.0],[167.0303,-45.3916,10.8298],[167.0312,-45.3939,3.128],[167.0298,-45.3996,0.0],[167.0318,-45.4034,4.2689],[167.0267,-45.4085,13.187],[167.027,-45.4098,22.647],[167.0198,-45.4122,3.3452],[167.0189,-45.4152,6.1991],[167.0135,-45.4158,65.0219],[167.0116,-45.4131,19.8142],[167.0049,-45.4093,0.0],[166.9979,-45.4093,3.6812],[166.9822,-45.4058,0.0],[166.9625,-45.4149,40.8575],[166.9449,-45.4136,14.5469],[166.9372,-45.4185,12.0041],[166.9236,-45.4225,5.2365],[166.9213,-45.4249,32.842],[166.9171,-45.4244,1.699],[166.919,-45.4177,16.189],[166.9223,-45.4185,1.3896],[166.9298,-45.417,2.771],[166.9356,-45.4146,0.0],[166.9411,-45.4096,4.1087],[166.9626,-45.409,3.226],[166.9698,-45.4029,118.6137],[166.9737,-45.4032,0.0],[166.9747,-45.4006,0.0],[166.9789,-45.3991,8.5069],[166.9906,-45.3998,0.117],[167.0126,-45.4047,0.0],[167.016,-45.4066,0.0],[167.0207,-45.4007,7.2621],[167.0189,-45.3988,47.2555],[167.019,-45.3934,18.7705],[167.0124,-45.3859,54.834],[167.0111,-45.3789,122.3405],[167.0138,-45.375,0.0],[166.9992,-45.3716,13.9459],[167.0061,-45.3682,0.0],[167.0182,-45.3664,0.0],[167.02,-45.3596,8.1141],[167.0279,-45.352,36.8408],[167.0226,-45.3472,18.0918],[167.0099,-45.345,75.8761],[166.9977,-45.338,25.1352],[166.9834,-45.3332,65.467],[166.9694,-45.3211,0.0],[166.9618,-45.3205,0.0],[166.959,-45.3236,36.77],[166.9489,-45.3278,1.4594],[166.932,-45.3311,0.5661],[166.9254,-45.3371,12.9947],[166.9187,-45.3406,16.9199],[166.9117,-45.3404,22.508],[166.9049,-45.3445,22.6647],[166.9012,-45.3432,8.239],[166.8972,-45.3441,38.6864],[166.8927,-45.3403,18.7881],[166.8954,-45.3387,4.0148],[166.8942,-45.3373,9.9877],[166.9001,-45.34,0.0],[166.9065,-45.3364,9.2966],[166.9166,-45.3353,0.0],[166.9174,-45.3334,0.0],[166.9273,-45.3272,13.0629],[166.9383,-45.3255,14.4488],[166.9486,-45.3209,40.213],[166.9503,-45.3179,5.8639],[166.94,-45.3137,46.5203],[166.9374,-45.3106,28.3554],[166.929,-45.3082,63.7124],[166.9174,-45.3094,7.8062],[166.909,-45.3074,12.0472],[166.9045,-45.3038,68.7368],[166.8968,-45.3018,135.5931],[166.8945,-45.299,3.8102],[166.8886,-45.2984,93.492],[166.8828,-45.294,0.0],[166.8785,-45.2938,41.6177],[166.8733,-45.2908,0.6668],[166.8708,-45.2923,9.3814],[166.8672,-45.2918,39.8664],[166.8667,-45.2901,6.0168],[166.8648,-45.2904,92.0821],[166.8664,-45.2866,2.5702],[166.8643,-45.2856,66.5685],[166.8642,-45.2832,40.1928],[166.8615,-45.2803,0.9907],[166.8574,-45.2799,51.3466],[166.8542,-45.2772,2.9723],[166.8494,-45.2793,5.5604],[166.8452,-45.2761,0.0],[166.8418,-45.2767,6.4296],[166.8419,-45.2789,38.8602],[166.838,-45.2832,0.0],[166.8384,-45.2858,0.4515],[166.8361,-45.2863,3.4123],[166.835,-45.2888,5.618],[166.8337,-45.2877,0.0],[166.834,-45.2893,0.0],[166.8378,-45.2906,0.0],[166.834,-45.2919,1.0952],[166.8348,-45.2941,39.762],[166.831,-45.2979,7.1935],[166.8308,-45.3008,77.9212],[166.8272,-45.3014,53.4449],[166.8246,-45.3002,6.8906],[166.823,-45.3025,18.4565],[166.82,-45.3028,0.0],[166.8181,-45.3071,10.5234],[166.8155,-45.3077,0.0],[166.8165,-45.3092,49.9147],[166.815,-45.3105,40.1508],[166.8071,-45.3111,0.0],[166.8067,-45.3148,63.5031],[166.8019,-45.3191,4.2885],[166.8005,-45.3227,10.9434],[166.7934,-45.3255,0.0],[166.7955,-45.3314,21.971],[166.7915,-45.3329,0.0],[166.7863,-45.3406,66.147],[166.7825,-45.3416,0.0],[166.7831,-45.3444,0.9134],[166.7784,-45.3469,12.0846],[166.7771,-45.3495,28.4431],[166.7787,-45.3503,42.8975],[166.7771,-45.3504,42.8975],[166.7748,-45.3547,0.0],[166.7755,-45.3571,43.2097],[166.7681,-45.3596,0.4047],[166.7682,-45.3607,0.4047],[166.7723,-45.3591,20.7466],[166.7738,-45.3609,27.6756],[166.7707,-45.3688,2.9625],[166.7729,-45.3712,118.787],[166.7714,-45.3728,16.4038],[166.7717,-45.3786,1.3492],[166.7564,-45.4004,20.2905],[166.7538,-45.4011,2.2346],[166.7547,-45.4028,87.4259],[166.7464,-45.4093,7.8111],[166.7479,-45.412,0.0],[166.746,-45.4153,32.2866],[166.7424,-45.4157,9.1568],[166.7405,-45.4189,24.9084],[166.7362,-45.4195,1.9662],[166.7346,-45.4228,17.0503],[166.7388,-45.4241,66.5762],[166.7394,-45.4292,3.9375],[166.734,-45.4385,141.0588],[166.7255,-45.4405,0.0],[166.7253,-45.4423,0.0],[166.7276,-45.442,28.4706],[166.7316,-45.4473,4.271],[166.729,-45.4511,0.0],[166.7302,-45.4532,22.2259],[166.728,-45.4528,0.0],[166.723,-45.456,0.288],[166.726,-45.4584,51.5335],[166.7204,-45.4634,15.157],[166.7219,-45.4688,33.3086],[166.7165,-45.4711,6.2446],[166.711,-45.4709,0.0],[166.7142,-45.473,12.6233],[166.7108,-45.4782,1.555],[166.7131,-45.4817,0.0],[166.7112,-45.4862,56.7783],[166.7252,-45.4928,16.7487],[166.7298,-45.496,30.5623],[166.7301,-45.4979,24.7018],[166.7272,-45.5009,0.0],[166.7277,-45.503,4.8174],[166.7251,-45.5017,7.9694],[166.7285,-45.4966,0.0],[166.7171,-45.5048,18.7649],[166.7,-45.5023,11.069],[166.6958,-45.4991,5.9242],[166.6928,-45.5,44.5721],[166.6936,-45.5026,37.7335],[166.6906,-45.5062,38.3198],[166.6879,-45.5065,0.0],[166.6886,-45.5095,36.3375],[166.6872,-45.5098,0.0],[166.6895,-45.5107,24.8123],[166.6831,-45.5143,6.0569],[166.6801,-45.5226,0.0],[166.6834,-45.5247,72.9974],[166.6788,-45.5287,1.9747],[166.6776,-45.5327,1.8166],[166.6785,-45.5347,70.199],[166.6755,-45.5367,0.9264],[166.6766,-45.5371,44.9414],[166.6762,-45.5418,63.4992],[166.6694,-45.5577,0.0],[166.6732,-45.564,36.0551],[166.6715,-45.5683,0.0],[166.6716,-45.575,0.0],[166.6763,-45.5782,11.0571],[166.6877,-45.5813,7.7786],[166.6864,-45.583,0.0],[166.6942,-45.5837,17.4328],[166.7123,-45.5818,9.9235],[166.7158,-45.5799,21.1574],[166.7236,-45.581,41.3609],[166.731,-45.5792,52.1467],[166.7409,-45.5795,74.6907],[166.7444,-45.5776,11.704],[166.7462,-45.5744,53.6866],[166.7505,-45.5747,0.0],[166.7511,-45.5711,17.4444],[166.7531,-45.5705,38.2753],[166.7532,-45.5723,30.375],[166.7552,-45.5726,41.1539],[166.771,-45.568,0.0],[166.7721,-45.5657,10.8801],[166.77,-45.562,1.5617],[166.7719,-45.5597,0.7626],[166.7707,-45.559,12.0317],[166.7749,-45.5582,4.8165],[166.7865,-45.5623,16.2999],[166.7903,-45.5595,36.2169],[166.8017,-45.5561,43.2257],[166.805,-45.5542,20.5412],[166.8072,-45.5474,17.1735],[166.8096,-45.5473,7.7984],[166.8089,-45.5525,14.0492],[166.8122,-45.5543,63.6453],[166.8403,-45.5483,9.5325],[166.8485,-45.5482,17.3285],[166.8529,-45.5498,0.0],[166.8684,-45.5441,20.7982],[166.8691,-45.5426,81.0765],[166.8708,-45.5432,6.8523],[166.874,-45.5395,0.0],[166.8728,-45.536,50.3041],[166.8747,-45.534,0.0],[166.8725,-45.5309,49.9572],[166.8741,-45.5293,0.0],[166.8639,-45.5229,5.1966],[166.8636,-45.52,11.1583],[166.8783,-45.5281,0.0],[166.8847,-45.5297,0.0],[166.8982,-45.5277,55.5627],[166.9037,-45.524,30.9483],[166.9083,-45.525,2.5534],[166.9213,-45.5202,29.4236],[166.927,-45.5205,67.6317],[166.9373,-45.5148,11.6025],[166.9387,-45.5133,3.8701],[166.9375,-45.512,23.0637],[166.946,-45.5131,0.0],[166.9538,-45.5091,39.88],[166.9617,-45.5087,24.1643],[166.9626,-45.5062,16.9921],[166.9705,-45.5004,35.7057],[166.9735,-45.5002,24.6925],[166.9724,-45.5021,1.7131],[166.9755,-45.5034,0.8432],[166.9759,-45.5017,5.5165],[166.9776,-45.5023,3.3822],[166.9888,-45.497,17.7985],[166.9977,-45.4977,34.5131],[167.0025,-45.4941,106.8231],[167.005,-45.4899,138.4445],[167.0117,-45.486,13.1794],[167.0147,-45.4866,18.7286],[167.0087,-45.494,21.3382],[167.0033,-45.4965,21.7743],[167.002,-45.4994,11.084],[166.9916,-45.5013,47.7863],[166.9741,-45.5092,0.0],[166.9466,-45.5245,3.5808],[166.9333,-45.526,0.0],[166.9148,-45.5314,82.671],[166.9073,-45.5307,13.7902],[166.8966,-45.5331,15.4813],[166.8961,-45.5355,2.0732],[166.8852,-45.5393,0.0],[166.8835,-45.5438,17.8664],[166.883,-45.548,33.6647],[166.8848,-45.5514,5.7286],[166.8947,-45.5562,0.0],[166.8979,-45.5553,17.0623],[166.9143,-45.5567,10.8366],[166.9241,-45.5538,33.9214],[166.9315,-45.5538,5.6328],[166.944,-45.5486,5.4622],[166.9486,-45.5501,1.536],[166.9605,-45.5461,125.1159],[166.9746,-45.5508,84.9152],[166.9805,-45.555,6.8333],[166.9821,-45.5592,30.4664],[166.9958,-45.5539,8.2267],[166.9961,-45.5571,0.0],[166.9896,-45.5599,15.0551],[166.9866,-45.5639,3.0555],[166.9805,-45.5641,0.8872],[166.9758,-45.562,22.099],[166.9741,-45.559,0.0],[166.9701,-45.5587,21.5726],[166.9645,-45.5562,0.0],[166.9612,-45.5526,7.4553],[166.9577,-45.552,26.2786],[166.9509,-45.5554,12.2281],[166.9418,-45.5556,13.6097],[166.9242,-45.5638,7.7256],[166.9117,-45.5645,0.0],[166.8998,-45.563,139.2771],[166.8997,-45.5615,20.4344],[166.8952,-45.5603,3.7795],[166.89,-45.5618,42.0208],[166.8839,-45.5573,1.3649],[166.8832,-45.5638,10.916],[166.8789,-45.5549,20.816],[166.8702,-45.5524,0.0],[166.8564,-45.5595,0.0],[166.845,-45.5577,0.0],[166.8435,-45.5593,2.1415],[166.8365,-45.5591,0.0],[166.834,-45.5624,5.3256],[166.8291,-45.5646,52.1359],[166.8233,-45.565,33.2796],[166.8176,-45.569,20.1351],[166.801,-45.5714,11.0126],[166.7863,-45.5771,15.5284],[166.778,-45.5836,24.9239],[166.7763,-45.5875,0.0],[166.7723,-45.5884,5.4471],[166.7681,-45.5939,4.1158],[166.7575,-45.5919,32.9121],[166.7474,-45.5938,8.2276],[166.7422,-45.5964,94.9487],[166.7397,-45.5956,41.9812],[166.7408,-45.5941,9.5432],[166.7394,-45.5936,23.2364],[166.7291,-45.5959,3.258],[166.729,-45.5975,8.9055],[166.7323,-45.597,38.1419],[166.7231,-45.6024,0.0],[166.7254,-45.6084,0.0],[166.7307,-45.6149,19.6768],[166.7297,-45.617,54.4751],[166.7313,-45.6186,9.7934],[166.7292,-45.6212,0.0],[166.7293,-45.6416,0.0],[166.7322,-45.6498,0.0],[166.7321,-45.6579,21.9732],[166.7344,-45.6609,11.2393],[166.7375,-45.658,15.1044],[166.7429,-45.6596,0.0],[166.7884,-45.6529,60.9287],[166.8004,-45.6468,29.9051],[166.7999,-45.6478,29.9051],[166.8045,-45.6473,13.5214],[166.8099,-45.6448,10.4141],[166.8069,-45.6438,22.5322],[166.8187,-45.6436,21.6152],[166.8366,-45.6356,70.4379],[166.8566,-45.6295,24.145],[166.8619,-45.6314,14.4521],[166.8646,-45.6344,46.4786],[166.8679,-45.6347,0.0],[166.8872,-45.6302,30.8099],[166.8938,-45.6306,47.4636],[166.8944,-45.6327,1.043],[166.8952,-45.6292,40.6982],[166.9017,-45.6291,65.8484],[166.91,-45.6266,0.0],[166.9182,-45.628,0.0],[166.9264,-45.627,21.7433],[166.9376,-45.6218,2.8547],[166.944,-45.6152,62.1871],[166.9493,-45.6145,19.1344],[166.9531,-45.6107,21.8715],[166.9617,-45.6078,54.8298],[166.9638,-45.6046,10.1912],[166.967,-45.6034,10.8959],[166.9697,-45.6044,8.8463],[166.9637,-45.6106,5.8192],[166.9553,-45.6146,12.9023],[166.9543,-45.6174,26.6729],[166.9493,-45.6203,4.8744],[166.9431,-45.6278,0.0],[166.938,-45.6307,17.22],[166.9173,-45.6318,16.568],[166.9062,-45.6399,42.2769],[166.8891,-45.6383,60.4538],[166.8802,-45.6399,17.6727],[166.8765,-45.6439,19.3178],[166.8709,-45.645,23.8225],[166.8597,-45.6443,2.5894],[166.8555,-45.6425,1.5955],[166.8581,-45.6449,45.3347],[166.8407,-45.648,33.143],[166.8164,-45.6569,21.5707],[166.8159,-45.6548,26.9674],[166.814,-45.6548,28.4673],[166.806,-45.6593,14.1868],[166.803,-45.6577,0.0],[166.795,-45.6609,9.6634],[166.7806,-45.6625,0.0],[166.778,-45.6642,14.8576],[166.7707,-45.6634,18.098],[166.7604,-45.6675,4.8565],[166.7514,-45.6679,0.0],[166.7494,-45.6718,12.0914],[166.7405,-45.677,7.5746],[166.7376,-45.6805,0.0],[166.7393,-45.6839,7.0369],[166.7386,-45.6876,16.89],[166.7359,-45.6933,70.9361],[166.7315,-45.6976,0.0],[166.7291,-45.7042,0.0],[166.7297,-45.7082,46.365],[166.7281,-45.712,30.1755],[166.7299,-45.7163,53.0295],[166.7292,-45.7209,0.0],[166.7301,-45.7252,5.1862],[166.7323,-45.7261,32.1961],[166.7284,-45.7274,2.0267],[166.7356,-45.7283,2.4085],[166.7601,-45.7221,24.0329],[166.7622,-45.7236,0.0],[166.7639,-45.7216,10.4442],[166.7896,-45.7164,0.0],[166.7924,-45.7151,5.3604],[166.7916,-45.7142,29.5178],[166.7996,-45.7144,18.9631],[166.8098,-45.7098,10.0681],[166.8121,-45.7068,0.0],[166.8228,-45.7044,28.7666],[166.8388,-45.706,72.3144],[166.8465,-45.7124,25.4104],[166.8591,-45.7146,0.0],[166.8642,-45.7172,17.1892],[166.8777,-45.715,0.0],[166.8995,-45.723,0.0],[166.9001,-45.725,0.0],[166.9176,-45.7229,19.7598],[166.9285,-45.7192,53.4587],[166.9325,-45.7236,6.6049],[166.935,-45.7236,8.899],[166.939,-45.7221,13.7275],[166.94,-45.7106,3.8373],[166.9437,-45.7033,0.0],[166.9473,-45.7007,9.8439],[166.9468,-45.699,10.9436],[166.9486,-45.6969,14.3027],[166.9528,-45.6955,20.6991],[166.9605,-45.6983,0.1258],[166.9628,-45.6978,2.7879],[166.9618,-45.6995,0.1258],[166.9628,-45.7005,26.4552],[166.958,-45.7054,0.0],[166.9561,-45.7114,223.1295],[166.9479,-45.7178,22.9913],[166.9477,-45.7198,0.0],[166.9543,-45.7221,7.6724],[166.9732,-45.7162,58.3505],[166.9794,-45.7154,11.2862],[166.9807,-45.7176,0.0],[166.976,-45.72,29.2566],[166.9698,-45.7205,6.6988],[166.9592,-45.7269,29.5102],[166.952,-45.7288,21.9011],[166.9498,-45.731,0.0],[166.9512,-45.7332,2.5467],[166.9432,-45.7319,27.819],[166.9288,-45.7362,0.0],[166.9215,-45.7355,9.1797],[166.9149,-45.7368,23.7227],[166.9019,-45.7353,9.149],[166.8951,-45.7382,46.8896],[166.8833,-45.738,112.0191],[166.8785,-45.7421,26.9716],[166.8716,-45.7444,0.0],[166.8702,-45.7482,56.9824],[166.8627,-45.7533,22.3858],[166.8606,-45.753,15.922],[166.8551,-45.7562,0.0],[166.8511,-45.76,63.5032],[166.8445,-45.7598,23.824],[166.8377,-45.7636,0.0],[166.8368,-45.7665,2.6389],[166.8388,-45.7691,45.1086],[166.8514,-45.767,29.5336],[166.8578,-45.7678,107.6382],[166.8579,-45.7729,15.5637],[166.8593,-45.7732,8.8807],[166.8563,-45.7746,84.5398],[166.8514,-45.7704,8.1429],[166.8421,-45.7747,60.0071],[166.8344,-45.7743,2.3712],[166.8262,-45.7697,91.4738],[166.8272,-45.7627,8.299],[166.8258,-45.7615,40.9574],[166.8217,-45.7626,55.667],[166.8176,-45.7602,33.7611],[166.8119,-45.7597,41.3235],[166.7926,-45.7621,16.7364],[166.7804,-45.7618,22.1703],[166.7741,-45.7637,19.9698],[166.754,-45.7654,6.5415],[166.741,-45.771,0.0],[166.7158,-45.7741,12.0692],[166.7057,-45.7783,45.1949],[166.6992,-45.7764,39.614],[166.6797,-45.7815,35.4502],[166.6597,-45.7839,0.0],[166.6405,-45.7894,0.0],[166.6217,-45.7911,0.0],[166.6141,-45.7989,3.4601],[166.6033,-45.8012,0.0],[166.595,-45.8071,44.2115],[166.5846,-45.8086,12.3062],[166.5839,-45.8113,82.9405],[166.5702,-45.8165,23.1826],[166.5661,-45.8162,43.0782],[166.5732,-45.8104,35.1807],[166.5733,-45.8082,0.0],[166.5771,-45.8087,4.8816],[166.5826,-45.8066,9.402],[166.5863,-45.8027,19.4965],[166.594,-45.7986,0.0],[166.5961,-45.795,0.0],[166.5921,-45.7962,4.1023],[166.5869,-45.7939,0.0],[166.5785,-45.7982,57.0162],[166.5792,-45.7957,0.0],[166.5732,-45.796,27.0892],[166.5748,-45.7951,6.6298],[166.5717,-45.794,17.5827],[166.5736,-45.7925,2.4081],[166.5707,-45.7887,9.9828],[166.5575,-45.7902,18.6056],[166.5536,-45.7937,17.8469],[166.5461,-45.7938,4.1297],[166.5444,-45.7952,0.0],[166.5452,-45.7973,16.2641],[166.543,-45.7988,22.5074],[166.539,-45.7937,5.7579],[166.5358,-45.7937,1.9377],[166.535,-45.7956,12.3451],[166.5284,-45.7931,18.1464],[166.5215,-45.7937,0.0],[166.5184,-45.7943,0.0],[166.5207,-45.7973,5.7302],[166.5166,-45.7983,2.1038],[166.518,-45.7995,11.8617],[166.5164,-45.7992,2.1038],[166.5164,-45.8007,17.3988],[166.5109,-45.8,20.8791],[166.5068,-45.8015,52.5705],[166.5031,-45.7999,5.1603],[166.4938,-45.8042,6.1771],[166.487,-45.8048,28.5462],[166.4853,-45.8035,5.5941],[166.485,-45.807,16.8171],[166.4792,-45.8082,41.8019],[166.476,-45.8152,7.1053],[166.4736,-45.8165,25.7451],[166.4604,-45.8182,32.5664],[166.4574,-45.8162,11.0639],[166.457,-45.8135,4.5338],[166.4549,-45.8132,10.5444],[166.4541,-45.8159,43.0517],[166.4507,-45.8168,6.5228],[166.4485,-45.82,4.3444],[166.4524,-45.8218,7.621],[166.451,-45.8252,1.3755],[166.4536,-45.8249,14.5916],[166.4504,-45.8282,24.8452],[166.4515,-45.8293,24.8452],[166.4495,-45.8312,11.2928],[166.446,-45.8314,35.0005],[166.4472,-45.8344,40.7911],[166.444,-45.8364,33.4074],[166.4446,-45.8379,33.4074],[166.4357,-45.8394,5.2466],[166.4331,-45.8417,0.0],[166.4333,-45.8458,0.2781],[166.4303,-45.8514,0.685],[166.4305,-45.8529,0.685],[166.433,-45.8534,5.1748],[166.43,-45.8579,1.2281],[166.4322,-45.8577,18.7338],[166.433,-45.8595,5.623],[166.4346,-45.8586,17.69],[166.4344,-45.8607,0.3156],[166.4363,-45.8618,0.0],[166.4396,-45.8615,34.9033],[166.4368,-45.8649,8.8937],[166.4371,-45.868,9.7629],[166.4383,-45.8682,28.1845],[166.4343,-45.8728,0.895],[166.4356,-45.8753,20.8239],[166.4333,-45.8757,0.0],[166.4356,-45.8814,0.0],[166.4389,-45.8814,1.0312],[166.4402,-45.883,14.4893],[166.4365,-45.8851,13.8402],[166.4361,-45.8879,19.7022],[166.4321,-45.8921,3.2235],[166.4352,-45.8944,6.2116],[166.4299,-45.8989,14.6594],[166.4261,-45.9047,0.0],[166.4288,-45.9071,13.9172],[166.4278,-45.908,0.1987],[166.4331,-45.9076,20.9553],[166.4344,-45.9102,1.9982],[166.4327,-45.9122,0.6786],[166.4348,-45.915,0.091],[166.443,-45.9143,16.3086],[166.4415,-45.9171,0.1844],[166.4421,-45.9232,1.5256],[166.4466,-45.9254,15.4698],[166.4459,-45.9304,28.4358],[166.4513,-45.9412,0.0],[166.4515,-45.944,0.0],[166.4492,-45.946,0.2131],[166.4506,-45.948,10.8946],[166.4487,-45.9514,1.4983],[166.4503,-45.9543,8.488],[166.4491,-45.9566,0.4563],[166.452,-45.9617,10.6075],[166.449,-45.97,0.5192],[166.4514,-45.9704,12.9826],[166.4553,-45.9749,15.2072],[166.454,-45.9764,27.1967],[166.4549,-45.9797,25.3929],[166.4492,-45.9824,0.3327],[166.4524,-45.9852,1.7109],[166.4488,-45.9879,0.4615],[166.4537,-45.9903,0.1394],[166.4499,-45.9935,17.2771],[166.4512,-45.9969,0.5324],[166.4499,-45.9985,2.2122],[166.4553,-45.9993,27.6871],[166.4617,-46.0095,1.2839],[166.472,-46.0118,0.0],[166.4711,-46.0094,1.066],[166.4728,-46.0037,0.0],[166.4691,-45.9987,12.4795],[166.4732,-45.9957,7.45],[166.487,-45.9987,26.6681],[166.4916,-46.0018,0.5394],[166.4991,-46.0017,4.1804],[166.5018,-45.999,25.221],[166.512,-45.996,24.7179],[166.5162,-45.9932,0.0],[166.5205,-45.9937,2.1418],[166.5217,-45.9958,0.3685],[166.5278,-45.993899999999996,22.677],[166.5296,-45.9927,48.1979],[166.5295,-45.9887,45.4101],[166.5313,-45.9868,19.6845],[166.5379,-45.9873,12.9987],[166.5401,-45.9841,20.629],[166.5467,-45.9817,0.0],[166.5452,-45.9814,1.8358],[166.5448,-45.9805,9.4789],[166.5458,-45.9814,1.8358],[166.5533,-45.979,0.0],[166.5558,-45.9746,0.0],[166.5657,-45.9736,11.2939],[166.5617,-45.9765,10.4612],[166.5643,-45.9777,32.9263],[166.5744,-45.974,17.3906],[166.5843,-45.9746,2.5209],[166.5868,-45.9718,0.0],[166.5957,-45.9705,6.1529],[166.5969,-45.9685,0.0],[166.5948,-45.9672,2.6499],[166.5994,-45.9651,6.3034],[166.5985,-45.9642,12.5361],[166.6021,-45.9613,0.0],[166.6175,-45.9544,28.1033],[166.6213,-45.9494,0.0],[166.6208,-45.9482,0.0],[166.6259,-45.9433,4.4878],[166.6248,-45.9429,17.626],[166.6262,-45.9404,35.9775],[166.6298,-45.9378,0.0],[166.6302,-45.934,26.2464],[166.6359,-45.9288,35.8131],[166.6359,-45.9256,38.2454],[166.6442,-45.914,43.0786],[166.6577,-45.9064,0.0],[166.6615,-45.9002,24.9795],[166.6645,-45.9007,38.602],[166.6638,-45.9038,0.0],[166.6659,-45.903,0.0],[166.6712,-45.8942,16.8503],[166.6699,-45.8919,51.0546],[166.6711,-45.8857,41.7223],[166.6833,-45.8761,10.6333],[166.6843,-45.8707,6.3461],[166.6819,-45.8688,12.678],[166.6904,-45.8682,3.5366],[166.6983,-45.8652,16.9299],[166.6988,-45.8671,0.0],[166.7018,-45.8671,5.6862],[166.7058,-45.8587,22.5491],[166.7079,-45.8583,36.0849],[166.7085,-45.8604,35.1459],[166.706,-45.8631,0.0],[166.7072,-45.865,50.8004],[166.7061,-45.868,10.2169],[166.7104,-45.8684,23.9494],[166.6986,-45.8686,0.0],[166.6972,-45.8722,6.1779],[166.6883,-45.8765,0.0],[166.6897,-45.8783,5.2659],[166.6852,-45.8821,4.2386],[166.6841,-45.8881,0.0],[166.6841,-45.8902,0.0],[166.6859,-45.891,14.1396],[166.6857,-45.8966,15.2959],[166.6824,-45.9,28.075],[166.6799,-45.9063,0.0],[166.6828,-45.9072,61.7073],[166.6797,-45.9068,0.0],[166.6754,-45.9134,44.8359],[166.6644,-45.9184,52.6315],[166.6582,-45.9231,41.6704],[166.655,-45.9297,4.6893],[166.6454,-45.94,51.6952],[166.6474,-45.9437,87.808],[166.646,-45.9459,70.2672],[166.6473,-45.949,1.7316],[166.6521,-45.9512,38.2002],[166.663,-45.9509,35.9016],[166.6808,-45.9556,12.4573],[166.6954,-45.9548,0.0],[166.7054,-45.9571,3.7127],[166.7186,-45.9527,2.6204],[166.7202,-45.9504,9.2997],[166.7251,-45.9487,14.5155],[166.739,-45.9471,0.3451],[166.742,-45.9438,24.0114],[166.767,-45.9446,0.092],[166.7709,-45.9462,12.1724],[166.7704,-45.9496,52.5878],[166.7542,-45.951,0.0],[166.7541,-45.9538,0.0],[166.7681,-45.9624,0.0],[166.7661,-45.9643,0.0],[166.7714,-45.968,51.8094],[166.767,-45.9669,17.0493],[166.7658,-45.9675,0.0],[166.7666,-45.9696,76.178],[166.7488,-45.9633,12.8919],[166.746,-45.965,17.479],[166.7184,-45.9701,46.0745],[166.6931,-45.9685,29.222],[166.6837,-45.9695,0.0],[166.6682,-45.9729,0.0],[166.662,-45.9761,1.1119],[166.6396,-45.978,36.5747],[166.6336,-45.9823,12.5274],[166.627,-45.9834,18.5479],[166.6251,-45.9858,15.2783],[166.6232,-45.9853,4.3926],[166.6189,-45.9875,1.4269],[166.6178,-45.9905,0.0],[166.6189,-45.9921,14.0145],[166.6161,-45.9931,2.9221],[166.6159,-45.9955,10.4688],[166.6108,-45.9994,21.9991],[166.6085,-46.0104,20.4346],[166.6014,-46.0113,0.0],[166.6012,-46.014,0.0],[166.599,-46.0159,0.0],[166.6052,-46.0184,13.7021],[166.6021,-46.022,32.0121],[166.6023,-46.0269,34.75],[166.6004,-46.0306,4.6433],[166.6007,-46.0323,0.0],[166.6046,-46.0315,7.6372],[166.6044,-46.0327,7.6372],[166.609,-46.035,7.7505],[166.6086,-46.0381,24.8921],[166.6052,-46.0388,0.7942],[166.6042,-46.0408,10.0799],[166.6089,-46.0529,5.9585],[166.602,-46.0547,70.8414],[166.5992,-46.0513,71.1557],[166.5973,-46.0417,34.8845],[166.59,-46.0336,0.3671],[166.5854,-46.0356,0.0],[166.5873,-46.0387,10.7345],[166.5834,-46.0402,0.0],[166.5864,-46.0456,21.0752],[166.5859,-46.0496,111.9769],[166.5813,-46.0543,0.0],[166.5831,-46.0567,1.9342],[166.5811,-46.0582,2.479],[166.584,-46.0625,87.4194],[166.5802,-46.0654,9.8135],[166.5761,-46.0658,1.6187],[166.5765,-46.0674,13.6936],[166.5734,-46.0703,35.0188],[166.5693,-46.0721,42.5952],[166.5645,-46.0719,0.0],[166.5688,-46.0732,13.2667],[166.5691,-46.0757,8.8405],[166.5669,-46.0763,0.0],[166.5701,-46.0783,49.8083],[166.5685,-46.0807,11.16],[166.5668,-46.0805,0.0],[166.5703,-46.0829,52.227],[166.5673,-46.0829,11.4762],[166.5714,-46.0839,27.104],[166.5681,-46.0845,4.4116],[166.571,-46.0858,6.3016],[166.5675,-46.0892,12.2529],[166.572,-46.0896,1.9833],[166.5759,-46.092,0.0],[166.5846,-46.0881,0.0],[166.5889,-46.0893,13.7335],[166.5896,-46.0876,30.4076],[166.5863,-46.0812,0.0],[166.587,-46.0789,6.9827],[166.6047,-46.0742,1.5088],[166.6099,-46.0674,30.6234],[166.6071,-46.0646,20.9142],[166.6131,-46.0604,0.0],[166.6153,-46.0601,10.0444],[166.6194,-46.0645,0.0],[166.6276,-46.0633,0.6318],[166.6323,-46.0652,0.0],[166.6342,-46.0713,-0.0099],[166.6285,-46.0716,0.0],[166.629,-46.0728,6.1277],[166.6355,-46.073,0.0],[166.6349,-46.0712,0.0],[166.6362,-46.0694,0.0],[166.6415,-46.0693,15.0922],[166.6415,-46.0723,0.0],[166.644,-46.0717,0.0],[166.6451,-46.0749,23.0852],[166.6384,-46.0761,0.0],[166.6407,-46.0796,0.0],[166.6427,-46.0784,2.5904],[166.6437,-46.0809,11.4982],[166.6452,-46.0804,11.4982],[166.6451,-46.0833,0.0],[166.6459,-46.0829,0.0],[166.6469,-46.0802,18.6829],[166.6485,-46.0802,3.9056],[166.6483,-46.0776,13.3901],[166.655,-46.0748,8.3803],[166.6554,-46.0706,33.4605],[166.659,-46.0688,14.5885],[166.6591,-46.0671,7.8351],[166.6566,-46.0661,5.8291],[166.6575,-46.064,37.109],[166.6684,-46.0595,16.2128],[166.6736,-46.0518,6.078],[166.6771,-46.0514,2.6622],[166.6781,-46.0523,2.6622],[166.6767,-46.0541,4.4416],[166.6804,-46.054,35.3521],[166.6794,-46.056,0.0],[166.6806,-46.0567,12.8649],[166.6788,-46.0574,0.0],[166.6813,-46.0569,12.8649],[166.685,-46.0588,23.6043],[166.6843,-46.0597,0.0],[166.6877,-46.0594,14.3442],[166.6854,-46.0632,2.6491],[166.6873,-46.0644,25.4365],[166.6901,-46.0599,18.9567],[166.6906,-46.0615,0.0],[166.6925,-46.0602,10.4924],[166.6883,-46.0593,14.3442],[166.6866,-46.0545,0.0],[166.6843,-46.0536,28.7959],[166.6846,-46.0517,0.0],[166.6896,-46.0497,0.0],[166.6889,-46.0472,13.7709],[166.6943,-46.0435,7.318],[166.6988,-46.0357,66.1283],[166.7066,-46.0331,0.0],[166.7131,-46.0259,55.2747],[166.7171,-46.0237,3.9223],[166.7181,-46.021,10.4034],[166.7244,-46.0181,0.0],[166.7281,-46.0194,33.5778],[166.7279,-46.0213,0.0],[166.7306,-46.0207,11.6922],[166.7311,-46.0221,0.0],[166.7341,-46.0208,17.1228],[166.7354,-46.0221,20.4793],[166.7324,-46.0233,8.3319],[166.7331,-46.0241,8.3319],[166.7242,-46.0263,6.519],[166.7155,-46.0378,29.5251],[166.7058,-46.042,0.0],[166.6986,-46.0506,0.0],[166.697,-46.0552,0.0],[166.6985,-46.0582,0.0],[166.7027,-46.0584,0.0],[166.7053,-46.0565,0.0],[166.7082,-46.0578,29.448],[166.7085,-46.0599,30.8365],[166.7054,-46.0635,8.4428],[166.7051,-46.0662,8.2323],[166.7068,-46.0713,0.0],[166.7088,-46.0721,9.2645],[166.7054,-46.0749,0.0],[166.7105,-46.0771,0.0],[166.7163,-46.0753,0.0],[166.7193,-46.0691,41.4078],[166.7215,-46.0689,0.0],[166.7233,-46.0602,77.3099],[166.726,-46.0565,0.0],[166.734,-46.0514,0.0],[166.7356,-46.0407,26.9134],[166.739,-46.0384,9.5693],[166.748,-46.0391,18.7736],[166.7484,-46.041,25.4746],[166.7454,-46.0514,53.6031],[166.7383,-46.0591,14.5572],[166.7454,-46.0602,1.6926],[166.7507,-46.0591,0.0],[166.7577,-46.0523,53.8873],[166.7651,-46.0514,5.4025],[166.7661,-46.0411,21.7486],[166.7628,-46.0368,0.0],[166.7585,-46.0368,31.9897],[166.7543,-46.0331,36.1582],[166.7537,-46.0282,4.667],[166.7476,-46.0214,24.6422],[166.7419,-46.0205,4.0543],[166.7378,-46.0222,19.3514],[166.7377,-46.0204,8.7749],[166.7352,-46.0194,20.6594],[166.7382,-46.0196,0.0],[166.7375,-46.0159,20.9997],[166.7412,-46.0124,9.6331],[166.7424,-46.0072,0.0],[166.7482,-46.0033,0.0],[166.7543,-45.9959,51.1957],[166.7694,-45.9908,44.3029],[166.7767,-45.9911,58.2001],[166.7864,-45.9867,0.0],[166.7849,-45.9837,46.816],[166.7747,-45.9793,21.9025],[166.7747,-45.9779,40.7263],[166.7838,-45.9799,0.0],[166.7879,-45.9791,4.847],[166.7891,-45.9773,15.5371],[166.7966,-45.9787,4.9087],[166.8061,-45.9753,8.7373],[166.8241,-45.9731,0.0],[166.8357,-45.9691,23.9235],[166.8391,-45.9701,0.0],[166.8414,-45.9687,20.4359],[166.8503,-45.969,10.3765],[166.8622,-45.9527,53.6018],[166.8748,-45.9456,24.5891],[166.8766,-45.9456,25.2968],[166.8737,-45.9486,0.0],[166.8826,-45.9465,0.0],[166.8991,-45.9338,32.8509],[166.911,-45.9299,0.0],[166.9104,-45.9275,31.1549],[166.9146,-45.9259,55.7239],[166.9178,-45.922,77.7552],[166.9167,-45.9242,97.5095],[166.9188,-45.9295,36.6463],[166.9167,-45.9306,0.0],[166.9182,-45.9329,12.362],[166.9164,-45.9318,0.0],[166.9165,-45.9339,0.0],[166.9141,-45.9361,0.0],[166.9117,-45.9361,0.0],[166.8973,-45.9437,18.7931],[166.8937,-45.944,0.0],[166.8886,-45.9509,4.1136],[166.8781,-45.9574,12.0808],[166.8786,-45.962,22.7834],[166.8742,-45.964,36.8888],[166.8735,-45.969,0.0],[166.8689,-45.9701,3.4061],[166.8677,-45.9729,15.999],[166.8549,-45.9812,0.0],[166.8474,-45.9828,0.0],[166.8426,-45.9868,35.0724],[166.8258,-45.9925,7.2203],[166.8154,-45.9929,0.0],[166.8069,-45.9951,25.0935],[166.7999,-45.994,15.2175],[166.7989,-45.9966,34.7752],[166.7909,-45.9984,45.4693],[166.7823,-45.998,69.0143],[166.7737,-46.0013,11.7741],[166.7726,-46.0046,44.0139],[166.7685,-46.0065,0.0],[166.7674,-46.0094,0.0],[166.7684,-46.0192,0.0],[166.7705,-46.0225,11.1333],[166.775,-46.0252,29.8433],[166.7718,-46.0238,0.0],[166.7776,-46.0309,90.3615],[166.7817,-46.0424,28.1622],[166.7815,-46.046,28.959],[166.7789,-46.048,11.0847],[166.7713,-46.0488,1.7021],[166.7715,-46.0515,10.7368],[166.7692,-46.0547,12.5187],[166.7716,-46.0582,18.9219],[166.7449,-46.064,17.474],[166.737,-46.064,16.0988],[166.7327,-46.0687,0.0],[166.7358,-46.0746,0.0],[166.7358,-46.078,0.0],[166.7406,-46.0855,16.1869],[166.7334,-46.0907,0.0],[166.7306,-46.0903,6.4955],[166.7295,-46.0813,75.6394],[166.7309,-46.0797,6.2492],[166.7247,-46.0715,3.1773],[166.7187,-46.0799,48.8166],[166.711,-46.0863,13.5413],[166.7081,-46.0917,55.9137],[166.7083,-46.1009,21.7788],[166.7162,-46.1074,22.8464],[166.7162,-46.1112,27.3025],[166.708,-46.1154,17.1073],[166.6911,-46.1161,0.0],[166.6893,-46.1135,15.1438],[166.6861,-46.1138,5.3132],[166.6753,-46.1216,15.242],[166.6678,-46.1223,0.0],[166.6546,-46.1281,20.3851],[166.6426,-46.1346,11.2183],[166.6357,-46.1404,13.2471],[166.6284,-46.1429,0.0],[166.6228,-46.142,4.2852],[166.6188,-46.1434,0.6882],[166.6197,-46.1451,0.0],[166.623,-46.1447,26.2013],[166.6224,-46.1467,20.4343],[166.6188,-46.1488,2.6236],[166.616,-46.1522,0.0],[166.6167,-46.1538,15.0311],[166.6098,-46.1553,3.4862],[166.6085,-46.1577,5.1232],[166.6102,-46.1569,5.1232],[166.6143,-46.1592,3.1531],[166.6167,-46.1582,9.7643],[166.617,-46.1604,0.4152],[166.6249,-46.1593,26.2242],[166.6281,-46.1608,15.3097],[166.6303,-46.1642,10.0053],[166.6293,-46.1692,24.3331],[166.6402,-46.1723,6.6957],[166.6391,-46.1774,0.0],[166.6485,-46.1767,22.4821],[166.6504,-46.1741,41.0873],[166.6486,-46.177,22.4821],[166.6388,-46.1788,0.0],[166.6415,-46.1792,22.8229],[166.6399,-46.182,7.2022],[166.6406,-46.1837,0.0],[166.6446,-46.1846,1.4936],[166.6439,-46.1879,0.3798],[166.6452,-46.1868,0.3798],[166.6475,-46.1879,56.6466],[166.6438,-46.1916,6.8937],[166.6443,-46.1945,0.9159],[166.6479,-46.1931,23.8198],[166.6472,-46.1952,0.0],[166.6511,-46.1947,2.7422],[166.6541,-46.1955,16.83],[166.654,-46.1968,0.0],[166.6578,-46.197,43.4425],[166.6562,-46.1983,2.0141],[166.6589,-46.1989,16.8405],[166.6587,-46.2019,4.787],[166.6558,-46.2018,0.0],[166.6611,-46.2022,15.1581],[166.6614,-46.2045,0.0],[166.6623,-46.2031,3.4584],[166.6693,-46.2042,21.9989],[166.6725,-46.2007,19.8092],[166.6776,-46.2006,9.2158],[166.679,-46.2029,5.2257999999999996],[166.6736,-46.2076,12.3528],[166.683,-46.2095,35.2008],[166.6865,-46.2117,0.0],[166.6893,-46.2109,18.8585],[166.6922,-46.2123,10.2828],[166.7021,-46.2066,0.0],[166.7084,-46.2063,0.0],[166.7121,-46.2084,0.3778],[166.7188,-46.2056,7.9074],[166.7244,-46.2071,0.0],[166.7261,-46.2091,23.8712],[166.725,-46.2102,0.0],[166.7296,-46.2131,0.0],[166.7418,-46.2114,15.4924],[166.7479,-46.2134,6.2325],[166.7482,-46.215,3.9081],[166.7652,-46.2145,44.995],[166.7771,-46.2192,22.0815],[166.7787,-46.222,20.5278],[166.7751,-46.2247,0.6821],[166.7772,-46.2256,34.1665],[166.7752,-46.2283,5.8515],[166.776,-46.2276,3.6314],[166.7765,-46.2296,0.0],[166.779,-46.2285,1.0894],[166.7803,-46.2308,10.054],[166.7865,-46.2269,1.2242],[166.7858,-46.2223,8.3901],[166.7896,-46.2231,0.0],[166.7894,-46.2216,0.0],[166.7988,-46.2192,2.6159],[166.803,-46.215,4.7014],[166.8071,-46.2149,0.0],[166.8095,-46.2129,43.3925],[166.8197,-46.2122,16.1852],[166.8248,-46.2136,31.0185],[166.8197,-46.215,0.0],[166.8216,-46.2145,0.0],[166.8213,-46.2155,0.0],[166.8275,-46.2144,8.9371],[166.8314,-46.2113,1.6962],[166.8334,-46.2119,15.1786],[166.8327,-46.2135,0.6683],[166.8371,-46.2111,30.0493],[166.8427,-46.2116,0.611],[166.843,-46.2089,5.8765],[166.8457,-46.208,0.0],[166.8526,-46.2085,0.8376],[166.8565,-46.211,7.5346],[166.8554,-46.2118,1.7962],[166.861,-46.2128,10.2233],[166.8667,-46.2104,9.3533],[166.8732,-46.21,0.9826],[166.8751,-46.2124,20.1325],[166.8774,-46.2124,43.8741],[166.8776,-46.2148,0.0],[166.8803,-46.2149,26.6547],[166.8812,-46.2182,0.0],[166.8881,-46.2185,0.0],[166.8916,-46.2172,51.6092],[166.8915,-46.2189,1.5157],[166.8899,-46.2192,0.0],[166.8924,-46.2198,0.0],[166.896,-46.2181,8.4188],[166.8999,-46.2194,20.4544],[166.912,-46.2173,21.9434],[166.9134,-46.2176,30.3115],[166.9119,-46.2189,0.0],[166.9128,-46.2195,0.0],[166.9255,-46.2167,0.0],[166.9279,-46.2204,1.3861],[166.9333,-46.2206,0.6189],[166.9311,-46.2227,0.0],[166.9325,-46.2224,11.1342],[166.9327,-46.2243,4.0352],[166.9423,-46.222,14.5186],[166.9458,-46.2228,53.3944],[166.9465,-46.2253,1.5524],[166.9547,-46.2235,15.748],[166.9583,-46.2267,17.9124],[166.9567,-46.2295,0.3576],[166.9641,-46.2277,20.2981],[166.9683,-46.2298,0.0],[166.9818,-46.2315,0.0],[166.9901,-46.2287,12.6029],[166.998,-46.2312,29.2365],[167.0062,-46.2281,0.0],[167.0186,-46.2272,7.1742],[167.0221,-46.2286,1.9919],[167.0268,-46.2338,10.8436],[167.0343,-46.232,20.1762],[167.0422,-46.2352,4.492],[167.0455,-46.2387,5.165],[167.0513,-46.2372,22.1095],[167.0645,-46.24,0.0],[167.0804,-46.2455,22.0143],[167.0812,-46.2476,0.0],[167.0863,-46.247,31.5912],[167.0901,-46.2499,2.0685],[167.1057,-46.2537,12.5983],[167.1069,-46.2557,18.2933],[167.1049,-46.2572,3.0452],[167.1061,-46.2579,3.0452],[167.1122,-46.2567,2.8903],[167.1124,-46.2535,6.254],[167.1182,-46.2539,8.1727],[167.1241,-46.2505,22.485],[167.1297,-46.2502,6.9749],[167.1431,-46.2513,0.0],[167.1483,-46.2538,13.5527],[167.1808,-46.2598,0.0],[167.1853,-46.2592,27.2337],[167.1899,-46.2606,13.754],[167.2079,-46.2588,15.3645],[167.2169,-46.2626,4.1046],[167.2207,-46.2597,4.9997],[167.2279,-46.2582,0.0],[167.2321,-46.2542,33.3888],[167.2455,-46.2521,9.1282],[167.2562,-46.2469,10.0832],[167.2698,-46.2452,17.5997],[167.2868,-46.2453,3.5494],[167.304,-46.2478,17.3519],[167.3154,-46.2513,0.9514],[167.3176,-46.2547,0.0],[167.3207,-46.2543,0.6895],[167.325,-46.2503,14.116],[167.3332,-46.2497,2.2493],[167.3371,-46.2512,4.535],[167.3372,-46.2494,20.6428],[167.3394,-46.2491,17.5419],[167.3416,-46.2505,0.7507],[167.3483,-46.2408,8.5238],[167.3526,-46.2381,5.1047],[167.3579,-46.2392,5.233],[167.3599,-46.2376,2.7658],[167.3638,-46.2274,4.1173],[167.3639,-46.2195,0.0],[167.3621,-46.219,3.2661],[167.3607,-46.2143,22.7521],[167.3619,-46.2116,0.0],[167.3536,-46.207,23.2676],[167.3511,-46.201,31.8649],[167.3523,-46.1951,17.2994],[167.362,-46.1885,2.4312],[167.3855,-46.183,0.0],[167.3863,-46.181,4.3233],[167.3922,-46.1783,9.2544],[167.4005,-46.1631,0.0],[167.3996,-46.1551,13.1979],[167.4029,-46.1521,7.0165],[167.4179,-46.1494,15.2882],[167.4439,-46.1503,0.3214],[167.4516,-46.1485,9.4744],[167.4894,-46.1519,17.7212],[167.5152,-46.1571,8.3214],[167.519,-46.1567,4.5458],[167.5207,-46.1585,3.8681],[167.5662,-46.1756,3.3693],[167.591,-46.183,1.5216],[167.6113,-46.1913,0.8491],[167.6484,-46.2122,17.5429],[167.6591,-46.2222,4.741],[167.7082,-46.2544,34.61],[167.7223,-46.2662,7.6164],[167.7302,-46.2764,8.2481],[167.7326,-46.2833,0.0],[167.7299,-46.2988,5.2317],[167.7214,-46.3035,8.1675],[167.6978,-46.3077,0.0],[167.6877,-46.3148,0.5848],[167.6899,-46.3175,13.347],[167.6865,-46.3219,0.0],[167.6908,-46.3299,0.6407],[167.6971,-46.3307,21.9601],[167.6984,-46.3324,1.8676],[167.7017,-46.3312,40.6422],[167.7094,-46.3328,1.574],[167.7112,-46.3312,25.6942],[167.7125,-46.333,0.318],[167.7197,-46.3303,4.5212],[167.727,-46.3344,8.4471],[167.7305,-46.3346,0.8183],[167.732,-46.3374,9.6553],[167.7273,-46.3401,3.8706],[167.7258,-46.3435,12.0748],[167.7308,-46.3451,3.5137],[167.7326,-46.3434,4.8189],[167.7393,-46.3431,3.635],[167.7371,-46.347,1.6551],[167.7381,-46.3488,14.4643],[167.732,-46.3518,7.3084],[167.7312,-46.3545,0.4887],[167.732,-46.3599,1.1617],[167.7349,-46.3605,46.1891],[167.7359,-46.3649,5.2491],[167.7396,-46.3636,23.0246],[167.7475,-46.3681,0.7675],[167.7523,-46.3672,17.7951],[167.7574,-46.3685,4.9818],[167.7598,-46.3741,0.585],[167.7584,-46.3756,0.0],[167.7623,-46.3746,0.0],[167.7626,-46.3779,0.7415],[167.7709,-46.38,22.3013],[167.783,-46.3889,3.5583],[167.7958,-46.3877,9.0431],[167.8029,-46.3852,4.4947],[167.8051,-46.3826,10.5339],[167.8072,-46.3832,0.0],[167.8066,-46.3795,1.2674],[167.8147,-46.3713,1.0136],[167.8309,-46.3681,2.6178],[167.8485,-46.3718,9.1433],[167.8584,-46.3789,10.3381],[167.8584,-46.3824,4.589],[167.8626,-46.387,1.3989],[167.8837,-46.3916,1.3485],[167.8862,-46.388,0.0],[167.8854,-46.384,6.687],[167.8873,-46.3816,1.4536],[167.8837,-46.3766,2.2599],[167.8776,-46.3724,4.5634],[167.8804,-46.3677,2.9591],[167.8935,-46.3604,1.4342],[167.9142,-46.357,4.1688],[167.9314,-46.358,2.1694],[167.9473,-46.3611,9.4681],[167.9601,-46.3678,0.0],[167.9667,-46.3677,20.3514],[167.9707,-46.3693,36.5297],[167.9788,-46.3755,7.1797],[167.9906,-46.376,28.2731],[168.0018,-46.382,2.8702],[168.0162,-46.3839,3.4454],[168.0212,-46.3826,17.5218],[168.0304,-46.3847,0.0],[168.0381,-46.3836,5.2693],[168.0315,-46.379,15.3126],[168.0296,-46.3725,4.7131],[168.0211,-46.3667,5.5617],[168.0204,-46.3641,2.3927],[168.0221,-46.3599,0.0],[168.0173,-46.3579,0.0],[168.0112,-46.3582,8.4908],[168.0097,-46.3575,0.3857],[168.0101,-46.3543,0.0],[167.9932,-46.3473,0.6242],[167.9812,-46.3463,3.8013],[167.9794,-46.3434,0.0],[167.9814,-46.3393,0.0],[167.9766,-46.3371,3.0661],[167.9731,-46.3395,1.6622],[167.9666,-46.3387,4.3841],[167.9593,-46.3402,2.7123],[167.9575,-46.3383,3.5641],[167.9621,-46.338,3.1106],[167.9567,-46.335,2.9478],[167.9468,-46.3237,1.1011],[167.9474,-46.3136,1.1113],[167.95,-46.3078,1.3437],[167.95,-46.3109,1.5281],[167.9481,-46.3164,5.5644],[167.9493,-46.3235,0.6115],[167.9505,-46.3254,1.2102],[167.9543,-46.3259,2.4199],[167.9617,-46.3328,2.5222],[167.9783,-46.3327,6.3903],[167.9786,-46.3369,2.1416],[167.9843,-46.3391,5.1425],[167.9978,-46.3372,6.6984],[168.0012,-46.3383,0.54],[168.0034,-46.335,11.4594],[167.9966,-46.3307,5.1153],[167.9982,-46.3307,0.0],[167.9972,-46.3274,1.6848],[168.0078,-46.3272,0.7109],[168.0088,-46.326,1.172],[168.0121,-46.3293,0.9823],[168.0114,-46.3317,0.5438],[168.0151,-46.3283,1.2787],[168.0136,-46.3322,0.73],[168.0155,-46.3333,0.5187],[168.017,-46.3283,1.3765],[168.0175,-46.3307,0.8711],[168.0184,-46.3283,0.0],[168.017,-46.3356,0.3167],[168.018,-46.3461,0.7628],[168.0126,-46.3521,0.0],[168.0125,-46.355,0.0],[168.0221,-46.3572,1.8222],[168.0458,-46.3437,2.5107],[168.0649,-46.3393,8.0271],[168.0848,-46.3387,6.1633],[168.1046,-46.3415,2.3993],[168.1254,-46.3472,3.28],[168.141,-46.353,3.967],[168.1567,-46.3614,0.9828],[168.1811,-46.3778,5.1046],[168.1973,-46.3915,2.6932],[168.1956,-46.3916,0.0],[168.2253,-46.4294,0.6202],[168.2349,-46.452,0.0],[168.2462,-46.4698,0.0],[168.2497,-46.4747,0.0],[168.2505,-46.4717,5.192],[168.2637,-46.4924,6.7321],[168.2745,-46.4982,7.9213],[168.3043,-46.4948,0.1935],[168.3028,-46.4926,11.2486],[168.3044,-46.4887,0.3219],[168.3027,-46.4871,6.7176],[168.303,-46.4849,7.217],[168.3006,-46.4836,7.6626],[168.3003,-46.479,3.2003],[168.2933,-46.4702,12.6192],[168.3026,-46.4687,1.164],[168.3031,-46.464,0.0],[168.2921,-46.4614,0.0],[168.2759,-46.4632,0.0],[168.267,-46.4604,0.0],[168.2641,-46.4572,0.0],[168.2637,-46.4539,0.0],[168.2684,-46.4417,0.3275],[168.273,-46.4416,5.9671],[168.267,-46.4483,4.7415],[168.2652,-46.4544,3.1786],[168.2668,-46.4577,0.0],[168.2711,-46.4598,2.6895],[168.2813,-46.4611,5.8118],[168.2897,-46.4571,5.193],[168.3183,-46.4558,1.5684],[168.3273,-46.4494,2.1646],[168.3216,-46.4381,1.1331],[168.3117,-46.4295,1.7368],[168.3401,-46.4179,3.1186],[168.3416,-46.4232,3.9766],[168.3469,-46.4259,7.6681],[168.3395,-46.4258,7.3447],[168.3398,-46.428,4.0467],[168.3448,-46.4346,0.3659],[168.3416,-46.4296,1.4659],[168.3422,-46.4283,2.924],[168.3469,-46.4282,1.0],[168.3494,-46.4319,3.9859],[168.349,-46.4395,1.0292],[168.3456,-46.4355,0.7017],[168.352,-46.4462,1.7558],[168.3548,-46.463,1.8496],[168.3583,-46.4682,2.1037],[168.3705,-46.4786,0.4284],[168.3746,-46.479,0.2449],[168.3733,-46.4777,1.9529],[168.375,-46.4753,1.0695],[168.3754,-46.4781,0.2449],[168.3788,-46.4802,0.7859],[168.3768,-46.4851,1.322],[168.3741,-46.4867,1.3949],[168.372,-46.4852,0.3544],[168.3655,-46.4853,0.0],[168.3632,-46.4905,1.077],[168.3577,-46.4904,0.7086],[168.3562,-46.4923,1.0361],[168.3581,-46.492,1.6246],[168.3614,-46.4963,1.2091],[168.3472,-46.4971,0.9551],[168.333,-46.5052,2.1791],[168.3166,-46.5105,1.2466],[168.3006,-46.5117,2.257],[168.2945,-46.5082,1.855],[168.291,-46.5148,3.5533],[168.2865,-46.5175,4.274],[168.2878,-46.5196,6.372],[168.2862,-46.524,6.1229],[168.2901,-46.5263,1.6102],[168.2956,-46.5259,6.3078],[168.2954,-46.5275,0.0],[168.2893,-46.527,0.1658],[168.2895,-46.5286,2.4222],[168.2926,-46.5306,0.775],[168.2954,-46.5297,0.3578],[168.2974,-46.5332,1.0171],[168.281,-46.5375,0.0],[168.2778,-46.5401,1.7167],[168.2748,-46.5375,7.3858],[168.2817,-46.5272,0.0],[168.2824,-46.5187,1.6703],[168.2891,-46.513,0.0],[168.286,-46.5117,2.9941],[168.2709,-46.5109,2.323],[168.2593,-46.5171,3.7316],[168.2345,-46.5137,4.9718],[168.225,-46.5169,5.258],[168.2261,-46.519,22.0515],[168.2241,-46.5232,28.2702],[168.2269,-46.526,15.8671],[168.2267,-46.5285,10.0703],[168.233,-46.5319,1.6705],[168.2331,-46.5374,1.6128],[168.2367,-46.5388,10.2167],[168.2369,-46.543,21.9707],[168.2301,-46.5499,9.784],[168.2307,-46.5524,7.1127],[168.236,-46.5531,0.0],[168.2435,-46.5509,20.5004],[168.252,-46.5528,21.8125],[168.2536,-46.5546,0.0],[168.2669,-46.5565,0.5438],[168.2722,-46.5621,1.0942],[168.2702,-46.5666,1.5425],[168.2762,-46.5703,0.3806],[168.2738,-46.5732,0.4174],[168.2744,-46.5776,0.6415],[168.2728,-46.579,0.0],[168.2754,-46.5823,13.7073],[168.2751,-46.5845,9.7424],[168.2842,-46.5899,0.4104],[168.2974,-46.5923,5.3933],[168.3006,-46.5952,1.1389],[168.3105,-46.594,5.4812],[168.3138,-46.5969,3.5895],[168.3113,-46.5986,0.0],[168.3152,-46.6003,6.6536],[168.3142,-46.6013,15.6085],[168.3163,-46.6082,3.0962],[168.319,-46.6118,4.9812],[168.3162,-46.6179,28.715],[168.3179,-46.6194,8.2137],[168.3222,-46.6192,18.8059],[168.3278,-46.6244,4.0513],[168.3368,-46.6257,11.4484],[168.3501,-46.6227,10.0997],[168.3536,-46.6203,1.0635],[168.3538,-46.6162,26.6607],[168.3602,-46.6119,0.1016],[168.353,-46.6027,1.1115],[168.3466,-46.5988,2.6118],[168.3487,-46.5989,0.0],[168.3448,-46.5981,4.0011],[168.3473,-46.598,0.0],[168.3409,-46.5958,0.0],[168.3443,-46.5973,0.0],[168.3315,-46.5959,0.0],[168.3326,-46.5945,2.5009],[168.3388,-46.5956,1.6367],[168.3371,-46.5941,2.5913],[168.3392,-46.594,0.0],[168.3328,-46.5927,0.5363],[168.3331,-46.5915,0.5363],[168.3359,-46.5915,0.9449],[168.3314,-46.5886,0.0],[168.3225,-46.588,1.89],[168.3324,-46.5944,2.5009],[168.3314,-46.5959,0.0],[168.3245,-46.5926,0.0],[168.3238,-46.5943,2.6495],[168.315,-46.5936,5.128],[168.3062,-46.5883,1.1829],[168.3054,-46.585,0.9672],[168.3082,-46.5788,0.0],[168.3071,-46.5768,2.9791],[168.3092,-46.5763,0.2206],[168.3045,-46.574,0.6031],[168.3,-46.5672,0.9549],[168.3006,-46.5481,1.2575],[168.3042,-46.5499,0.0],[168.3107,-46.549,0.9226],[168.325,-46.5443,2.3013],[168.3304,-46.5464,0.0],[168.3317,-46.5501,1.1731],[168.3343,-46.551,1.1488],[168.3364,-46.5458,2.7558],[168.3412,-46.5431,0.0],[168.342,-46.5394,1.6226],[168.3501,-46.5356,1.0266],[168.3532,-46.5364,0.1996],[168.3613,-46.5462,1.4078],[168.3742,-46.548,2.3686],[168.3657,-46.5499,2.5666],[168.3658,-46.5519,3.1064],[168.3625,-46.5555,0.4764],[168.3782,-46.5741,1.6409],[168.3743,-46.5693,1.9499],[168.39589344855776,-46.564404110708864,2.318]]],
[[[168.312,-46.5513,5.0496],[168.308,-46.5524,2.4949],[168.3129,-46.5554,0.9525],[168.3141,-46.5516,1.9222],[168.312,-46.5513,5.0496]]],
[[[168.3526,-46.5437,0.6866],[168.3525,-46.5432,0.6866],[168.3519,-46.5443,0.6866],[168.3523,-46.5444,0.6866],[168.3526,-46.5437,0.6866]]],
[[[168.3496,-46.5438,0.7053],[168.3501,-46.5418,0.922],[168.3475,-46.5443,1.9801],[168.3488,-46.5446,0.5068],[168.3496,-46.5438,0.7053]]],
[[[168.2214,-46.5159,2.5334],[168.2198,-46.514,0.0],[168.2181,-46.5152,2.9894],[168.2196,-46.5165,0.0],[168.2214,-46.5159,2.5334]]],
[[[168.0166,-46.3326,0.6298],[168.0174,-46.333,0.0],[168.0174,-46.331,0.8711],[168.0172,-46.3312,0.8711],[168.0166,-46.3326,0.6298]]],
[[[167.8508,-46.4618,0.0],[167.8508,-46.4622,0.0],[167.8515,-46.462,0.0],[167.8511,-46.4615,0.0],[167.8508,-46.4618,0.0]]],
[[[167.8441,-46.4518,10.2501],[167.8423,-46.4495,0.0],[167.8361,-46.4527,0.0],[167.8345,-46.4555,0.0],[167.8429,-46.4573,6.6057],[167.8443,-46.4585,5.3139],[167.8433,-46.461,9.5935],[167.847,-46.4605,34.987],[167.8471,-46.4623,0.0],[167.8494,-46.4605,7.9394],[167.8549,-46.4599,1.1629],[167.8539,-46.4553,1.4102],[167.8441,-46.4518,10.2501]]],
[[[168.4645,-46.5818,0.6679],[168.4665,-46.5824,0.2986],[168.4668,-46.5822,0.2986],[168.4635,-46.581,0.9358],[168.4645,-46.5818,0.6679]]],
[[[166.9007,-46.5857,0.0],[166.9052,-46.5863,0.0],[166.9024,-46.5812,1.8391],[166.9048,-46.578,16.6733],[166.904,-46.576,0.0],[166.9012,-46.5745,0.0],[166.8926,-46.5765,3.0469],[166.8938,-46.5808,0.0],[166.9007,-46.5857,0.0]]],
[[[168.4324,-46.5802,0.6406],[168.4334,-46.5798,0.6406],[168.4336,-46.5795,1.0066],[168.4314,-46.5801,0.3238],[168.4324,-46.5802,0.6406]]],
[[[168.4369,-46.5786,1.461],[168.4307,-46.5787,0.5943],[168.435,-46.5797,0.2436],[168.4406,-46.5785,0.6412],[168.4343,-46.5791,1.0066],[168.4369,-46.5786,1.461]]],
[[[168.4462,-46.5781,1.1979],[168.4346,-46.5752,1.1471],[168.4335,-46.576,1.1471],[168.436,-46.577,3.3061],[168.4357,-46.5783,1.461],[168.4408,-46.5782,0.6412],[168.4482,-46.5819,1.5372],[168.4571,-46.5804,1.2369],[168.449,-46.5804,1.8564],[168.4463,-46.5788,1.1979],[168.4617,-46.5802,0.8184],[168.4562,-46.5785,2.0176],[168.4572,-46.5784,2.0176],[168.4689,-46.5817,0.3194],[168.4641,-46.5798,0.9358],[168.4576,-46.5782,2.0176],[168.4462,-46.5781,1.1979]]],
[[[168.5973,-46.7525,0.0],[168.5971,-46.7525,0.0],[168.5974,-46.7526,0.0],[168.5973,-46.7525,0.0]]],
[[[168.5569,-46.7533,0.4312],[168.5564,-46.7526,0.5112],[168.5532,-46.7515,0.2012],[168.5539,-46.7525,0.2012],[168.5569,-46.7533,0.4312]]],
[[[168.5309,-46.7358,1.6987],[168.5286,-46.7351,4.3425],[168.5266,-46.7366,12.2581],[168.5284,-46.7399,15.9108],[168.5254,-46.7409,0.0],[168.5298,-46.7433,0.43],[168.5302,-46.7451,8.4277],[168.5225,-46.7457,1.4072],[168.5212,-46.7493,0.0],[168.518,-46.7485,1.132],[168.521,-46.7514,1.3973],[168.5192,-46.7535,6.7822],[168.514,-46.7512,0.0],[168.5124,-46.7519,2.5902],[168.5139,-46.753,22.0689],[168.5112,-46.7556,0.0],[168.5114,-46.7578,0.1241],[168.4988,-46.7601,4.5119],[168.4931,-46.7583,5.7535],[168.4913,-46.7559,2.9195],[168.494,-46.7537,9.6891],[168.4937,-46.7521,3.1889],[168.4796,-46.7534,10.199],[168.4802,-46.755,0.0],[168.4881,-46.7562,25.2993],[168.4892,-46.7599,0.0],[168.4906,-46.7588,7.3908],[168.4947,-46.7602,0.0],[168.4955,-46.7623,1.8422],[168.4915,-46.7648,7.1864],[168.4929,-46.7659,7.1864],[168.4912,-46.767,3.1193],[168.4998,-46.7691,0.3697],[168.4924,-46.77,0.3668],[168.493,-46.768,0.0],[168.4907,-46.7708,0.0],[168.4863,-46.7724,3.0661],[168.4758,-46.7662,0.0],[168.4764,-46.768,12.3422],[168.471,-46.7701,13.0042],[168.4708,-46.7717,14.9921],[168.4748,-46.7748,3.0138],[168.4756,-46.7781,0.0],[168.4769,-46.7775,6.7769],[168.4823,-46.7804,2.1008],[168.4858,-46.779,1.9361],[168.484,-46.7777,5.2934],[168.4873,-46.7762,22.8769],[168.4965,-46.7786,0.0],[168.5016,-46.7774,2.3047],[168.5063,-46.7798,2.9679],[168.5082,-46.7832,3.1344],[168.5068,-46.7843,0.1289],[168.509,-46.7857,0.2769],[168.507,-46.7881,12.5338],[168.5036,-46.787,1.2371],[168.5037,-46.789,3.3471],[168.505,-46.7887,3.3471],[168.5069,-46.7918,6.5065],[168.5055,-46.7921,0.0],[168.5067,-46.7926,6.5065],[168.5052,-46.7929,0.0],[168.5063,-46.7935,14.0997],[168.5049,-46.7954,0.0],[168.5081,-46.7995,11.279],[168.5115,-46.7996,0.0],[168.5137,-46.7974,9.7843],[168.513,-46.7958,15.9758],[168.5153,-46.7957,2.674],[168.5158,-46.7934,0.3447],[168.518,-46.7938,0.0],[168.5168,-46.7929,4.4923],[168.5181,-46.7917,0.0],[168.5146,-46.7885,0.0],[168.5167,-46.7851,0.599],[168.5202,-46.7846,0.0],[168.5193,-46.7832,2.4193],[168.5206,-46.782,4.7277],[168.5257,-46.7814,0.3365],[168.5238,-46.7798,4.8499],[168.5259,-46.7776,4.6878],[168.5394,-46.7754,2.5114],[168.5378,-46.7742,0.8423],[168.5389,-46.7726,5.8095],[168.5443,-46.7713,3.481],[168.5392,-46.7696,7.6596],[168.5382,-46.7658,3.2158],[168.5436,-46.7558,2.0599],[168.5488,-46.7525,0.8472],[168.5418,-46.7499,2.1495],[168.538,-46.7459,2.0871],[168.5359,-46.742,2.7824],[168.5371,-46.7376,0.0],[168.5361,-46.7361,0.0],[168.5309,-46.7358,1.6987]]],
[[[168.5966,-46.7523,0.0],[168.5966,-46.7524,0.0],[168.5968,-46.7523,0.0],[168.5966,-46.7523,0.0]]],
[[[168.5958,-46.7522,0.0],[168.596,-46.7522,0.0],[168.5959,-46.752,0.0],[168.5958,-46.7522,0.0]]],
[[[168.5978,-46.7502,0.5431],[168.5963,-46.7488,0.0],[168.5955,-46.7492,0.0],[168.5969,-46.7507,0.5431],[168.5978,-46.7502,0.5431]]],
[[[168.5898,-46.7497,0.0],[168.5899,-46.7498,0.0],[168.59,-46.7497,0.0],[168.5899,-46.7496,0.0],[168.5898,-46.7497,0.0]]],
[[[168.4739,-46.7473,0.2565],[168.4734,-46.7463,0.2565],[168.4726,-46.7469,0.2565],[168.4732,-46.7469,0.2565],[168.4739,-46.7473,0.2565]]],
[[[168.59,-46.7494,0.0],[168.5901,-46.7495,0.0],[168.5902,-46.7494,0.0],[168.59,-46.7493,0.0],[168.59,-46.7494,0.0]]],
[[[168.5963,-46.7518,0.0],[168.5962,-46.7518,0.0],[168.5962,-46.7519,0.0],[168.5964,-46.7518,0.0],[168.5963,-46.7518,0.0]]],
[[[167.6824,-46.9395,-0.0114],[167.6734,-46.94,13.7931],[167.6743,-46.9422,81.2326],[167.6649,-46.9459,1.386],[167.6664,-46.9469,35.7166],[167.6648,-46.9472,7.8712],[167.6719,-46.9484,4.9741],[167.6806,-46.9462,0.0],[167.6824,-46.9395,-0.0114]]],
[[[168.1661,-46.9402,6.1136],[168.1662,-46.94,6.1136],[168.1657,-46.9402,0.0],[168.1659,-46.9402,0.0],[168.1661,-46.9402,6.1136]]],
[[[168.1328,-46.9391,2.0966],[168.1328,-46.939,2.0966],[168.1324,-46.9391,2.0966],[168.1324,-46.9392,2.0966],[168.1328,-46.9391,2.0966]]],
[[[168.165,-46.9387,0.0],[168.1652,-46.9387,0.0],[168.1652,-46.9384,0.0],[168.1651,-46.9385,0.0],[168.165,-46.9387,0.0]]],
[[[168.1633,-46.9384,0.0],[168.1635,-46.9382,0.0],[168.1635,-46.9381,0.0],[168.1632,-46.9381,0.0],[168.1633,-46.9384,0.0]]],
[[[168.1081,-46.9317,0.0],[168.1082,-46.9316,0.0],[168.108,-46.931399999999996,0.0],[168.1079,-46.9316,0.0],[168.1081,-46.9317,0.0]]],
[[[168.1207,-46.9343,0.0],[168.12,-46.9345,0.0],[168.12,-46.9348,0.0],[168.1204,-46.9349,0.0],[168.1207,-46.9343,0.0]]],
[[[168.1068,-46.9332,0.2772],[168.1052,-46.9337,0.0],[168.1086,-46.9335,0.0],[168.108,-46.9331,0.2772],[168.1068,-46.9332,0.2772]]],
[[[168.119,-46.9327,2.1783],[168.1194,-46.9326,2.1783],[168.1195,-46.9324,2.1783],[168.1189,-46.9325,2.1783],[168.119,-46.9327,2.1783]]],
[[[168.1202,-46.9322,2.1783],[168.1199,-46.9323,2.1783],[168.1199,-46.9324,2.1783],[168.1201,-46.9324,2.1783],[168.1202,-46.9322,2.1783]]],
[[[168.1627,-46.9382,0.0],[168.1626,-46.938,0.0],[168.1624,-46.938,0.0],[168.1624,-46.9383,0.0],[168.1627,-46.9382,0.0]]],
[[[167.9785,-46.9262,4.2591],[167.9781,-46.9261,4.2591],[167.9777,-46.9262,4.2591],[167.9781,-46.9264,19.316],[167.9785,-46.9262,4.2591]]],
[[[168.1176,-46.9248,0.0],[168.1178,-46.9248,0.0],[168.1178,-46.9247,0.0],[168.1176,-46.9247,0.0],[168.1176,-46.9248,0.0]]],
[[[168.1104,-46.9245,0.0],[168.1105,-46.9246,0.0],[168.1106,-46.9245,0.0],[168.1104,-46.9245,0.0]]],
[[[168.1221,-46.9239,0.0],[168.1221,-46.9237,0.0],[168.1217,-46.9238,0.0],[168.1219,-46.9239,0.0],[168.1221,-46.9239,0.0]]],
[[[168.1033,-46.931,0.0],[168.1035,-46.9311,0.0],[168.1038,-46.9309,0.0],[168.1036,-46.9308,0.0],[168.1033,-46.931,0.0]]],
[[[168.1274,-46.9249,17.9769],[168.1182,-46.925,0.0],[168.1169,-46.9268,13.379],[168.1102,-46.9265,0.0],[168.1096,-46.9253,0.0],[168.1093,-46.9266,0.0],[168.1131,-46.9289,8.0926],[168.1213,-46.9303,9.0439],[168.1214,-46.9359,18.6855],[168.1254,-46.9382,0.0],[168.1317,-46.9386,2.0966],[168.1325,-46.9374,19.1471],[168.1342,-46.9387,4.6312],[168.1377,-46.9377,0.0],[168.1397,-46.9349,15.7909],[168.1408,-46.9378,12.5989],[168.146,-46.938,0.0],[168.1481,-46.9355,18.7994],[168.149,-46.9367,0.0],[168.1562,-46.9365,0.0],[168.1545,-46.9331,0.0],[168.1438,-46.9306,11.2872],[168.1336,-46.9302,22.1037],[168.1319,-46.9252,4.7161],[168.1274,-46.9249,17.9769]]],
[[[168.1464,-46.9306,0.0],[168.1465,-46.9312,0.0],[168.1471,-46.9311,0.0],[168.147,-46.9306,0.0],[168.1464,-46.9306,0.0]]],
[[[168.1192,-46.931,7.0384],[168.1193,-46.9309,7.0384],[168.1192,-46.9307,7.0384],[168.1191,-46.9307,7.0384],[168.1192,-46.931,7.0384]]],
[[[168.1096,-46.93,0.0],[168.1094,-46.9304,0.0],[168.1102,-46.9308,0.0],[168.1103,-46.9304,0.0],[168.1096,-46.93,0.0]]],
[[[168.1118,-46.9296,0.0],[168.1115,-46.9298,0.0],[168.1116,-46.9304,0.0],[168.1122,-46.9299,0.0],[168.1118,-46.9296,0.0]]],
[[[168.1118,-46.9289,0.0],[168.1116,-46.9293,0.0],[168.1119,-46.9295,0.0],[168.1121,-46.929,0.0],[168.1118,-46.9289,0.0]]],
[[[168.1118,-46.9286,0.0],[168.1115,-46.9283,0.0],[168.1111,-46.9288,0.0],[168.1114,-46.9289,0.0],[168.1118,-46.9286,0.0]]],
[[[168.1086,-46.9268,0.0],[168.1088,-46.9267,0.0],[168.1088,-46.9266,0.0],[168.1085,-46.9266,0.0],[168.1086,-46.9268,0.0]]],
[[[168.1347,-46.9264,0.0],[168.1354,-46.9262,0.0],[168.1338,-46.9262,0.0],[168.134,-46.9264,0.0],[168.1347,-46.9264,0.0]]],
[[[168.1143,-46.9257,0.0],[168.1144,-46.9253,0.0],[168.114,-46.9254,0.0],[168.1141,-46.9258,0.0],[168.1143,-46.9257,0.0]]],
[[[168.1087,-46.9263,0.0],[168.109,-46.9262,0.0],[168.109,-46.9261,0.0],[168.1086,-46.9262,0.0],[168.1087,-46.9263,0.0]]],
[[[168.1125,-46.9257,0.0],[168.1124,-46.9255,0.0],[168.112,-46.9259,0.0],[168.1125,-46.9262,0.0],[168.1125,-46.9257,0.0]]],
[[[168.1627,-46.9157,2.926],[168.1626,-46.9157,2.926],[168.1625,-46.9158,2.926],[168.1628,-46.9157,2.926],[168.1627,-46.9157,2.926]]],
[[[168.0813,-46.91,0.0],[168.0808,-46.9102,0.0],[168.081,-46.9108,0.0],[168.0816,-46.9104,0.0],[168.0813,-46.91,0.0]]],
[[[168.0849,-46.9072,0.0],[168.085,-46.9069,0.0],[168.0845,-46.9069,0.0],[168.0846,-46.9071,0.0],[168.0849,-46.9072,0.0]]],
[[[168.0845,-46.9067,0.0],[168.0842,-46.9062,13.2612],[168.084,-46.9064,0.0],[168.0841,-46.9066,0.0],[168.0845,-46.9067,0.0]]],
[[[168.1232,-46.9058,0.0],[168.1233,-46.906,0.0],[168.1236,-46.9058,0.0],[168.1235,-46.9058,0.0],[168.1232,-46.9058,0.0]]],
[[[168.1093,-46.9064,0.0],[168.1087,-46.9069,0.0],[168.1095,-46.9075,0.0],[168.1098,-46.9069,0.0],[168.1093,-46.9064,0.0]]],
[[[168.1122,-46.9062,0.0],[168.1114,-46.9063,0.0],[168.1118,-46.9074,0.0],[168.1122,-46.9072,0.0],[168.1122,-46.9062,0.0]]],
[[[168.0842,-46.9085,0.0],[168.0839,-46.908,0.0],[168.0836,-46.9081,0.0],[168.084,-46.9086,0.0],[168.0842,-46.9085,0.0]]],
[[[168.1526,-46.911,4.1155],[168.1543,-46.9105,0.0],[168.1464,-46.9111,0.8159],[168.1478,-46.9123,4.2697],[168.1472,-46.9156,0.0],[168.1514,-46.9188,0.0],[168.1555,-46.9197,0.0],[168.157,-46.9173,22.2694],[168.1621,-46.9164,2.0412],[168.1602,-46.9139,0.578],[168.1548,-46.914,7.549],[168.1526,-46.911,4.1155]]],
[[[168.2054,-46.9132,0.0],[168.206,-46.9134,0.0],[168.2065,-46.9131,0.0],[168.2062,-46.9125,0.0],[168.2054,-46.9132,0.0]]],
[[[168.0854,-46.9084,0.0],[168.0853,-46.908,0.0],[168.0851,-46.9081,0.0],[168.0851,-46.9083,0.0],[168.0854,-46.9084,0.0]]],
[[[168.1216,-46.9083,5.4977],[168.1244,-46.9072,12.3536],[168.1217,-46.9058,0.0],[168.1198,-46.9073,10.402],[168.1216,-46.9083,5.4977]]],
[[[168.0029,-46.9014,9.6518],[168.0013,-46.9012,0.0],[168.0005,-46.9018,0.0],[168.0023,-46.9028,9.6518],[168.0029,-46.9014,9.6518]]],
[[[168.0733,-46.901,0.0],[168.0744,-46.9012,0.0],[168.0747,-46.9011,0.0],[168.0735,-46.9003,0.0],[168.0733,-46.901,0.0]]],
[[[168.1309,-46.8994,0.0],[168.1312,-46.8993,0.0],[168.1312,-46.8992,0.0],[168.1309,-46.8993,0.0],[168.1309,-46.8994,0.0]]],
[[[168.1342,-46.8992,0.0],[168.1343,-46.8993,0.0],[168.1345,-46.899,0.0],[168.1343,-46.899,0.0],[168.1342,-46.8992,0.0]]],
[[[168.0231,-46.9026,0.0],[168.0226,-46.9027,0.0],[168.023,-46.9029,0.0],[168.024,-46.9024,0.0],[168.0236,-46.9024,0.0],[168.0231,-46.9026,0.0]]],
[[[168.0258,-46.9027,0.0],[168.0258,-46.9024,0.0],[168.0256,-46.9025,0.0],[168.0256,-46.9027,0.0],[168.0258,-46.9027,0.0]]],
[[[168.1416,-46.8955,0.0],[168.1418,-46.8953,0.0],[168.1415,-46.8952,0.0],[168.1414,-46.8954,0.0],[168.1416,-46.8955,0.0]]],
[[[168.1705,-46.8954,0.0],[168.1704,-46.8951,0.0],[168.17,-46.8953,0.0],[168.1702,-46.8954,0.0],[168.1705,-46.8954,0.0]]],
[[[168.0206,-46.8952,0.0],[168.0204,-46.8951,0.0],[168.0203,-46.8951,0.0],[168.0204,-46.8953,0.0],[168.0206,-46.8952,0.0]]],
[[[168.1325,-46.8949,0.0],[168.1323,-46.8948,0.0],[168.1321,-46.895,0.0],[168.1324,-46.8951,0.0],[168.1325,-46.8949,0.0]]],
[[[168.2049,-46.8872,0.0],[168.2052,-46.8871,0.0],[168.2051,-46.8869,0.0],[168.2048,-46.887,0.0],[168.2049,-46.8872,0.0]]],
[[[167.7517,-46.8777,4.2439],[167.7512,-46.877,4.2439],[167.7482,-46.8777,0.0],[167.7496,-46.8784,0.0],[167.7517,-46.8777,4.2439]]],
[[[167.7491,-46.8746,5.9681],[167.7471,-46.8745,0.0],[167.7464,-46.8752,9.809],[167.7484,-46.876,5.9681],[167.7491,-46.8746,5.9681]]],
[[[168.242,-46.9027,29.7578],[168.2399,-46.9012,0.0],[168.2349,-46.9025,0.8088],[168.2317,-46.9089,0.0],[168.2282,-46.9107,14.3763],[168.2277,-46.9136,0.0],[168.2323,-46.9151,1.2865],[168.2437,-46.9139,16.0709],[168.2506,-46.9152,0.0],[168.2495,-46.9116,39.9919],[168.2509,-46.9111,0.0],[168.2474,-46.9094,13.592],[168.248,-46.9058,21.5615],[168.242,-46.9027,29.7578]]],
[[[168.1095,-46.9049,0.0],[168.1093,-46.9053,0.0],[168.1087,-46.9057,0.0],[168.1102,-46.9057,0.0],[168.1095,-46.9049,0.0]]],
[[[168.1455,-46.8699,0.0],[168.1455,-46.8697,0.0],[168.145,-46.8699,2.9194],[168.1451,-46.87,2.9194],[168.1455,-46.8699,0.0]]],
[[[168.1405,-46.859,0.0],[168.1409,-46.8594,0.0],[168.1424,-46.8578,0.0],[168.1407,-46.8583,0.0],[168.1405,-46.859,0.0]]],
[[[168.1711,-46.8579,0.0],[168.1707,-46.858,0.0],[168.1707,-46.8586,0.0],[168.171,-46.8584,0.0],[168.1711,-46.8579,0.0]]],
[[[168.2292,-46.8645,8.3227],[168.2303,-46.863,3.0048],[168.2249,-46.8648,19.6861],[168.2215,-46.8685,0.0],[168.2274,-46.8673,22.4448],[168.2312,-46.8691,1.1001],[168.2292,-46.8645,8.3227]]],
[[[168.2128,-46.8464,32.0487],[168.2088,-46.8462,0.0],[168.2066,-46.8507,0.0],[168.2098,-46.8514,0.0],[168.2132,-46.8492,25.9354],[168.2165,-46.8503,0.8433],[168.2168,-46.8469,6.211],[168.2128,-46.8464,32.0487]]],
[[[167.7162,-46.835,0.1768],[167.7159,-46.8359,0.1768],[167.7174,-46.8349,0.0],[167.7166,-46.8348,0.1768],[167.7162,-46.835,0.1768]]],
[[[168.2222,-46.8298,0.0],[168.2185,-46.8277,0.5834],[168.2155,-46.8288,14.7837],[168.2167,-46.8333,39.7],[168.2153,-46.8346,0.0],[168.2155,-46.8393,34.7989],[168.2187,-46.8418,0.6656],[168.2214,-46.8393,16.071],[168.2194,-46.8344,31.7178],[168.2201,-46.8308,16.16],[168.2222,-46.8298,0.0]]],
[[[167.5951,-46.7642,0.0],[167.595,-46.7644,0.0],[167.5956,-46.7645,0.0],[167.5956,-46.7643,0.0],[167.5951,-46.7642,0.0]]],
[[[167.596,-46.7641,0.0379],[167.5966,-46.7645,0.0379],[167.5974,-46.7643,0.0379],[167.5964,-46.7635,0.0379],[167.596,-46.7641,0.0379]]],
[[[167.6843,-46.7764,0.0],[167.6841,-46.7768,0.0],[167.6848,-46.7771,0.0],[167.6849,-46.7766,0.0],[167.6843,-46.7764,0.0]]],
[[[167.6609,-46.7842,0.0],[167.6603,-46.7847,0.0],[167.6618,-46.7842,0.0],[167.6612,-46.7841,0.0],[167.6609,-46.7842,0.0]]],
[[[167.6601,-46.7838,0.0],[167.6599,-46.7834,0.0],[167.6595,-46.7838,2.4052],[167.6598,-46.7839,0.0],[167.6601,-46.7838,0.0]]],
[[[167.6637,-46.7812,13.7818],[167.6636,-46.7819,28.6869],[167.6643,-46.7819,0.0],[167.6641,-46.7813,0.0],[167.6637,-46.7812,13.7818]]],
[[[167.667,-46.7786,0.0],[167.6672,-46.7783,0.0],[167.6665,-46.7786,0.0],[167.6669,-46.7786,0.0],[167.667,-46.7786,0.0]]],
[[[167.5983,-46.7636,0.0],[167.5979,-46.7635,0.0379],[167.5978,-46.7637,0.0379],[167.5979,-46.7638,0.0379],[167.5983,-46.7636,0.0]]],
[[[167.6626,-46.7619,0.0],[167.6622,-46.7623,0.0],[167.6632,-46.7624,0.0],[167.6633,-46.7622,0.0],[167.6626,-46.7619,0.0]]],
[[[167.662,-46.7634,0.5644],[167.6609,-46.7628,0.0],[167.6599,-46.7638,0.0],[167.661,-46.7642,0.0],[167.662,-46.7634,0.5644]]],
[[[167.5982,-46.7634,0.0],[167.5984,-46.7634,0.0],[167.5984,-46.7633,0.0],[167.5984,-46.7632,0.0],[167.5982,-46.7634,0.0]]],
[[[167.6008,-46.7555,0.0],[167.6004,-46.7551,0.0],[167.6002,-46.7552,0.0],[167.6003,-46.7556,0.0],[167.6008,-46.7555,0.0]]],
[[[167.5967,-46.7529,0.0],[167.5967,-46.7527,0.0],[167.5962,-46.753,0.0],[167.5964,-46.7531,0.0],[167.5967,-46.7529,0.0]]],
[[[167.6449,-46.7535,5.9542],[167.6452,-46.7534,5.9542],[167.6452,-46.7532,5.9542],[167.6449,-46.7533,5.9542],[167.6449,-46.7535,5.9542]]],
[[[167.6256,-46.7959,1.2202],[167.6259,-46.7959,1.2202],[167.6259,-46.7956,1.2202],[167.6257,-46.7956,1.2202],[167.6256,-46.7959,1.2202]]],
[[[167.6252,-46.7951,1.2202],[167.6249,-46.7952,1.2202],[167.6247,-46.7955,0.0],[167.6253,-46.7954,1.2202],[167.6252,-46.7951,1.2202]]],
[[[167.6504,-46.79,0.0],[167.6509,-46.7907,0.0],[167.6518,-46.7901,0.0],[167.6514,-46.7899,0.0],[167.6504,-46.79,0.0]]],
[[[167.6485,-46.7903,0.0],[167.6487,-46.7903,0.0],[167.6487,-46.7901,0.0],[167.6486,-46.7901,0.0],[167.6485,-46.7903,0.0]]],
[[[167.6491,-46.7896,0.0],[167.6492,-46.7896,0.0],[167.6494,-46.7894,57.0179],[167.6492,-46.7894,57.0179],[167.6491,-46.7896,0.0]]],
[[[167.6043,-46.7895,0.0],[167.6045,-46.7895,0.0],[167.6046,-46.7892,0.0],[167.6044,-46.7892,0.0],[167.6043,-46.7895,0.0]]],
[[[167.6061,-46.7888,0.0],[167.6064,-46.7885,0.0615],[167.6064,-46.7883,0.0615],[167.606,-46.7884,0.0],[167.6061,-46.7888,0.0]]],
[[[167.6544,-46.7877,0.0],[167.6542,-46.7877,0.0],[167.6542,-46.7881,0.0],[167.6545,-46.7879,0.0],[167.6544,-46.7877,0.0]]],
[[[167.6078,-46.7881,0.0615],[167.6078,-46.7877,0.0],[167.6075,-46.788,0.0615],[167.6077,-46.7881,0.0615],[167.6078,-46.7881,0.0615]]],
[[[167.6515,-46.789,27.353],[167.6515,-46.7892,27.353],[167.6517,-46.7891,17.08],[167.6516,-46.789,17.08],[167.6515,-46.789,27.353]]],
[[[167.6051,-46.7892,0.0],[167.6058,-46.7891,0.0],[167.606,-46.7887,0.0],[167.6054,-46.7887,0.0],[167.6051,-46.7892,0.0]]],
[[[167.7191,-46.7044,7.6],[167.7187,-46.7043,7.6],[167.7186,-46.7047,5.1422],[167.7188,-46.7048,5.1422],[167.7191,-46.7044,7.6]]],
[[[167.7128,-46.6995,0.0],[167.7129,-46.6996,0.0],[167.713,-46.6994,0.0],[167.7128,-46.6994,0.0],[167.7128,-46.6995,0.0]]],
[[[167.7131,-46.6997,0.0],[167.713,-46.7,0.0],[167.7135,-46.7002,0.0],[167.7135,-46.7,0.0],[167.7131,-46.6997,0.0]]],
[[[167.7126,-46.7,0.0],[167.7125,-46.6997,0.0],[167.7124,-46.6997,0.0],[167.7122,-46.7,0.0],[167.7126,-46.7,0.0]]],
[[[167.7106,-46.6984,0.0],[167.7108,-46.6985,0.0],[167.7109,-46.6984,0.0],[167.7107,-46.6983,0.0],[167.7106,-46.6984,0.0]]],
[[[167.709,-46.6978,0.1053],[167.7089,-46.6976,0.1053],[167.7085,-46.6979,0.1053],[167.7086,-46.698,0.0467],[167.709,-46.6978,0.1053]]],
[[[167.7062,-46.6964,0.0],[167.7057,-46.6957,0.0],[167.7051,-46.6967,0.0],[167.7058,-46.6972,0.0],[167.7062,-46.6964,0.0]]],
[[[167.7072,-46.6965,0.1053],[167.7069,-46.6965,0.0],[167.7068,-46.6968,0.0],[167.7076,-46.6967,0.1053],[167.7072,-46.6965,0.1053]]],
[[[167.7078,-46.6965,0.1053],[167.7079,-46.6963,0.1053],[167.7078,-46.6961,0.0],[167.7076,-46.6964,0.1053],[167.7078,-46.6965,0.1053]]],
[[[167.7067,-46.6977,0.0],[167.7076,-46.6975,0.1053],[167.7078,-46.6971,0.1053],[167.7068,-46.697,0.0],[167.7067,-46.6977,0.0]]],
[[[167.7084,-46.6975,0.1053],[167.7086,-46.6969,0.1053],[167.7081,-46.6967,0.1053],[167.7079,-46.6969,0.1053],[167.7084,-46.6975,0.1053]]],
[[[167.7108,-46.699,0.0],[167.7112,-46.6996,0.0],[167.7117,-46.6996,0.0],[167.711,-46.6988,0.0],[167.7108,-46.699,0.0]]],
[[[167.7087,-46.6991,0.0467],[167.7092,-46.6994,0.0],[167.7096,-46.6993,0.0],[167.7093,-46.6987,0.0],[167.7087,-46.6991,0.0467]]],
[[[167.7101,-46.6987,0.0],[167.7098,-46.699,0.0],[167.7103,-46.6993,0.0],[167.7103,-46.699,0.0],[167.7101,-46.6987,0.0]]],
[[[167.7219,-46.7055,5.1895],[167.7191,-46.7052,5.1422],[167.7176,-46.7064,2.9765],[167.7238,-46.7082,0.0],[167.7219,-46.7055,5.1895]]],
[[[167.7084,-46.7059,0.0],[167.7085,-46.7064,0.0],[167.7089,-46.7065,0.0],[167.7085,-46.7058,0.0],[167.7084,-46.7059,0.0]]],
[[[167.7089,-46.706,0.0],[167.709,-46.7061,0.0],[167.7092,-46.7059,-0.0137],[167.709,-46.7058,0.0],[167.7089,-46.706,0.0]]],
[[[167.7164,-46.7013,77.0161],[167.7128,-46.7009,0.0],[167.7122,-46.7047,17.5836],[167.7102,-46.7052,-0.0137],[167.7109,-46.7066,2.3103],[167.7088,-46.7081,0.0],[167.7173,-46.705,5.8342],[167.7192,-46.7021,24.2694],[167.7164,-46.7013,77.0161]]],
[[[167.5905,-46.7528,0.0],[167.5906,-46.7527,0.0],[167.5905,-46.7525,0.0],[167.5903,-46.7527,0.0],[167.5905,-46.7528,0.0]]],
[[[167.5961,-46.7527,0.0],[167.5964,-46.7525,0.0],[167.5966,-46.7524,0.0],[167.596,-46.7524,0.0],[167.5961,-46.7527,0.0]]],
[[[167.5951,-46.7529,0.1849],[167.5954,-46.7529,0.1849],[167.5961,-46.7523,0.0],[167.5945,-46.7522,0.1849],[167.5951,-46.7529,0.1849]]],
[[[167.6504,-46.789063636363636,27.353],[167.65035,-46.789075,27.353],[167.6504,-46.7891,27.353],[167.6504,-46.789063636363636,27.353]]],
[[[167.65035,-46.789075,27.353],[167.6502,-46.789,27.353],[167.6503,-46.7889,27.353],[167.6504,-46.789,27.353],[167.6504,-46.789063636363636,27.353],[167.652,-46.7887,17.08],[167.6542,-46.7877,0.0],[167.6529,-46.7867,79.3557],[167.6538,-46.785,0.0],[167.6566,-46.7831,8.8503],[167.663,-46.7835,7.9793],[167.6634,-46.781,13.7818],[167.659,-46.7759,18.327],[167.6621,-46.773,2.099],[167.6622,-46.7699,6.8179],[167.6605,-46.7651,6.0221],[167.651,-46.7664,13.7861],[167.6421,-46.7632,3.1464],[167.643,-46.7627,0.8881],[167.6409,-46.7614,22.5201],[167.641,-46.7595,50.6159],[167.6441,-46.754,5.9542],[167.6402,-46.7531,66.0909],[167.6395,-46.7511,0.0],[167.6368,-46.754,7.1063],[167.6321,-46.7537,20.991],[167.6227,-46.7575,4.773],[167.6183,-46.7576,18.2796],[167.6147,-46.7542,4.6466],[167.615,-46.7501,4.101],[167.6117,-46.7498,32.8004],[167.6022,-46.7557,5.8803],[167.603,-46.7608,29.9349],[167.5979,-46.7669,0.0],[167.6122,-46.775,1.7956],[167.6116,-46.7794,11.3326],[167.6147,-46.7841,28.6826],[167.6124,-46.7872,1.0311],[167.6065,-46.7894,0.0615],[167.617,-46.7894,45.9889],[167.6207,-46.7919,39.0887],[167.6208,-46.795,0.964],[167.6379,-46.7928,55.519],[167.6379,-46.7955,6.952],[167.6408,-46.7955,41.678],[167.6404,-46.7967,2.0645],[167.6476,-46.7897,0.0],[167.65035,-46.789075,27.353]]],
[[[167.5905,-46.7517,0.0],[167.5907,-46.7518,0.0],[167.5908,-46.7518,0.0],[167.5908,-46.7517,0.0],[167.5905,-46.7517,0.0]]],
[[[167.6385,-46.7504,0.0],[167.6386,-46.7501,0.0],[167.6382,-46.75,0.0],[167.6383,-46.7504,0.0],[167.6385,-46.7504,0.0]]],
[[[167.5939,-46.7522,2.9145],[167.5926,-46.751,0.0],[167.591,-46.7522,0.0],[167.5921,-46.7526,2.9145],[167.5939,-46.7522,2.9145]]]]}
,"properties": {"GID_1": "NZL.14_1","GID_0": "NZL","country": "NewZealand","province": "Southland","VARNAME_1": "NA","NL_NAME_1": "NA","TYPE_1": "Region","ENGTYPE_1": "Region","CC_1": "15","HASC_1": "NZ.SO","ISO_1": "NZ-STL","name": "Southland.province","area_km2": 31665.87,"hist_schema_id": "Elevation0-9000","hist_area_km2": {"0": 903.87,"25": 1549.04,"50": 1572.65,"75": 1290.22,"100": 1075.65,"125": 1121.66,"150": 1200.77,"175": 1234.32,"200": 1364.54,"225": 938.34,"250": 918.01,"275": 887.15,"300": 806.21,"325": 767.16,"350": 750.51,"375": 694.03,"400": 637.96,"425": 591.58,"450": 557.08,"475": 534.94,"500": 502.1,"525": 480.88,"550": 469.73,"575": 454.45,"600": 440.28,"625": 440.77,"650": 418.28,"675": 400.58,"700": 398.22,"725": 392.89,"750": 377.72,"775": 376.87,"800": 370.42,"825": 363.56,"850": 352.94,"875": 345.28,"900": 333.09,"925": 323.02,"950": 316.16,"975": 306.95,"1000": 295.56,"1025": 289.91,"1050": 277.95,"1075": 268.0,"1100": 251.71,"1125": 238.32,"1150": 228.76,"1175": 214.93,"1200": 208.8,"1225": 198.56,"1250": 181.16,"1275": 173.89,"1300": 166.37,"1325": 156.4,"1350": 149.52,"1375": 132.11,"1400": 122.24,"1425": 109.84,"1450": 97.8,"1475": 90.55,"1500": 81.56,"1525": 72.77,"1550": 62.03,"1575": 53.75,"1600": 45.51,"1625": 41.4,"1650": 32.23,"1675": 27.75,"1700": 23.1,"1725": 19.09,"1750": 15.59,"1775": 12.15,"1800": 10.5,"1825": 9.37,"1850": 7.02,"1875": 6.18,"1900": 5.2,"1925": 4.79,"1950": 4.06,"1975": 3.32,"2000": 2.7,"2025": 2.67,"2050": 2.05,"2075": 1.71,"2100": 1.13,"2125": 1.06,"2150": 0.79,"2175": 0.65,"2200": 0.51,"2225": 0.5,"2250": 0.36,"2275": 0.32}}}