{"type": "Feature","bbox": [174.5641,-39.3003,176.6977,-36.4213],"geometry": {"type": "MultiPolygon","coordinates": [[[[174.5686,-37.9731,0.0],[174.5658,-37.9714,0.0],[174.5641,-37.9721,0.0],[174.5658,-37.9739,0.0],[174.5686,-37.9731,0.0]]],
[[[175.9008,-37.2209,0.0],[175.9004,-37.2212,0.0],[175.9003,-37.2214,1.1642],[175.9012,-37.2207,0.0],[175.9008,-37.2209,0.0]]],
[[[175.8968,-37.2196,5.2947],[175.8972,-37.2182,0.0],[175.8952,-37.2189,6.1581],[175.8959,-37.2199,5.2947],[175.8968,-37.2196,5.2947]]],
[[[175.8935,-37.2132,0.0],[175.8923,-37.2126,2.7328],[175.8886,-37.2139,0.0],[175.8917,-37.2152,19.2561],[175.8935,-37.2132,0.0]]],
[[[174.8643,-38.104,0.0],[174.8638,-38.1023,0.0],[174.8619,-38.1029,0.0],[174.8619,-38.1054,2.5609],[174.8649,-38.1084,14.2207],[174.8633,-38.1117,4.645],[174.8664,-38.1135,17.8419],[174.8655,-38.1177,12.7584],[174.8688,-38.1186,5.11],[174.8696,-38.1158,29.7117],[174.8726,-38.117,0.0],[174.8724,-38.1108,0.0],[174.8705,-38.1092,0.0],[174.8673,-38.1107,9.6165],[174.8643,-38.104,0.0]]],
[[[174.8044,-38.1007,0.0],[174.8002,-38.1005,2.3222],[174.802,-38.1049,0.0],[174.8018,-38.1035,0.0],[174.8051,-38.1023,0.0],[174.8044,-38.1007,0.0]]],
[[[174.7584,-37.8864,2.1918],[174.7582,-37.8864,2.1918],[174.7582,-37.8865,2.1918],[174.7583,-37.8865,2.1918],[174.7584,-37.8864,2.1918]]],
[[[175.9274,-37.0693,0.0],[175.9243,-37.0675,0.0],[175.9245,-37.0698,11.0654],[175.927,-37.0721,13.9533],[175.9289,-37.0697,8.807],[175.9274,-37.0693,0.0]]],
[[[175.9291,-37.0655,0.0],[175.9312,-37.0671,6.4218],[175.9342,-37.0633,0.0],[175.9333,-37.0629,0.0],[175.9291,-37.0655,0.0]]],
[[[175.9454,-37.038,1.6232],[175.9443,-37.0369,3.148],[175.9399,-37.0379,0.0],[175.9364,-37.0429,8.3416],[175.9372,-37.049,2.469],[175.9346,-37.0497,15.4022],[175.9344,-37.0518,17.5728],[175.9364,-37.0534,4.8014],[175.935,-37.0554,5.4261],[175.9391,-37.0566,0.0],[175.9395,-37.0591,0.7168],[175.9375,-37.06,0.0],[175.9392,-37.0613,0.0],[175.9418,-37.0587,12.8631],[175.9434,-37.0603,2.0318],[175.9468,-37.0595,-0.0836],[175.9453,-37.0582,21.8087],[175.9471,-37.0576,1.1155],[175.9447,-37.0556,7.8711],[175.9467,-37.0548,0.0],[175.945,-37.054,6.207],[175.9456,-37.0519,23.3704],[175.9491,-37.0496,14.7602],[175.9546,-37.0493,0.0],[175.9541,-37.0473,52.0789],[175.9559,-37.0469,4.0219],[175.9547,-37.0455,1.4549],[175.9467,-37.0446,28.7161],[175.9469,-37.0423,3.5573],[175.9433,-37.0408,54.0252],[175.9454,-37.038,1.6232]]],
[[[175.8515,-37.0094,4.5788],[175.8514,-37.0093,4.5788],[175.8513,-37.0094,4.5788],[175.8514,-37.0095,4.5788],[175.8515,-37.0094,4.5788]]],
[[[175.9077,-36.9901,0.0],[175.9032,-36.9904,20.0802],[175.9044,-36.9947,34.0831],[175.902,-36.9995,6.142],[175.9087,-36.9979,0.0],[175.908,-36.9962,0.0],[175.91,-36.9931,0.0],[175.9077,-36.9901,0.0]]],
[[[176.0833,-36.978,0.0],[176.0832,-36.9781,0.0],[176.0833,-36.9781,0.0],[176.0833,-36.978,0.0]]],
[[[176.0817,-36.9783,0.0],[176.0818,-36.9783,0.0],[176.0817,-36.9781,0.0],[176.0816,-36.9782,0.0],[176.0817,-36.9783,0.0]]],
[[[176.0796,-36.9776,1.8406],[176.0796,-36.9772,1.8406],[176.0795,-36.9771,1.8406],[176.0794,-36.9775,1.8406],[176.0796,-36.9776,1.8406]]],
[[[176.0738,-36.9764,0.0],[176.0738,-36.9765,0.0],[176.0739,-36.9765,0.0],[176.0739,-36.9763,0.0],[176.0738,-36.9764,0.0]]],
[[[176.09,-36.9762,0.0],[176.09,-36.9764,13.9008],[176.0901,-36.9764,13.9008],[176.0901,-36.9761,0.0],[176.09,-36.9762,0.0]]],
[[[176.0827,-36.9723,5.5897],[176.0831,-36.9722,5.5897],[176.0831,-36.9718,5.5897],[176.0828,-36.9718,5.5897],[176.0827,-36.9723,5.5897]]],
[[[176.0869,-36.9772,0.0],[176.0883,-36.9773,13.9008],[176.0885,-36.9764,13.9008],[176.0874,-36.9764,0.0],[176.0869,-36.9772,0.0]]],
[[[176.0865,-36.9766,0.0],[176.0865,-36.9765,0.0],[176.0864,-36.9766,0.0],[176.0864,-36.9767,0.0],[176.0865,-36.9766,0.0]]],
[[[176.0772,-36.9759,5.4023],[176.0771,-36.9767,1.7067],[176.0776,-36.9769,1.7067],[176.0774,-36.9759,5.4023],[176.0772,-36.9759,5.4023]]],
[[[176.0768,-36.9762,5.4023],[176.0768,-36.9761,5.4023],[176.0767,-36.9762,5.4023],[176.0767,-36.9763,1.7067],[176.0768,-36.9762,5.4023]]],
[[[176.083,-36.9725,5.5897],[176.0794,-36.9727,0.0],[176.0779,-36.9768,1.7067],[176.0789,-36.9759,44.3937],[176.0833,-36.9776,12.7237],[176.0848,-36.9758,0.0],[176.083,-36.9725,5.5897]],
[[176.0839,-36.9744,27.4627],[176.0839,-36.9745,27.4627],[176.0838,-36.9744,27.4627],[176.0839,-36.9744,27.4627]]],
[[[176.0782,-36.971,0.0],[176.0785,-36.9706,0.0],[176.0784,-36.9704,0.0],[176.0782,-36.9705,0.0],[176.0782,-36.971,0.0]]],
[[[176.0749,-36.9692,0.0],[176.0758,-36.9697,0.0],[176.0766,-36.9686,0.0],[176.0758,-36.9681,0.0],[176.0749,-36.9692,0.0]]],
[[[176.078,-36.9666,0.0],[176.0792,-36.9653,0.463],[176.0752,-36.9663,0.0],[176.0755,-36.9669,0.0],[176.078,-36.9666,0.0]]],
[[[176.0823,-36.9718,5.5897],[176.0824,-36.9718,5.5897],[176.0824,-36.9717,5.5897],[176.0823,-36.9718,5.5897]]],
[[[176.0817,-36.9718,12.0315],[176.0816,-36.9715,12.0315],[176.0814,-36.9715,12.0315],[176.0813,-36.9718,12.0315],[176.0817,-36.9718,12.0315]]],
[[[176.079,-36.9603,0.0],[176.079,-36.9605,0.0],[176.0791,-36.9606,0.0],[176.0791,-36.9602,0.0],[176.079,-36.9603,0.0]]],
[[[176.0757,-36.9603,0.0],[176.0756,-36.9602,0.0],[176.0755,-36.9602,0.0],[176.0756,-36.9603,0.0],[176.0757,-36.9603,0.0]]],
[[[176.0787,-36.9602,0.0],[176.0788,-36.9602,0.0],[176.0789,-36.96,0.0],[176.0788,-36.96,0.0],[176.0787,-36.9602,0.0]]],
[[[176.0754,-36.9598,0.0],[176.0754,-36.9599,0.0],[176.0755,-36.9599,0.0],[176.0755,-36.9598,0.0],[176.0754,-36.9598,0.0]]],
[[[176.0752,-36.9598,0.0],[176.0753,-36.9597,0.0],[176.0752,-36.9596,0.0],[176.0752,-36.9598,0.0]]],
[[[176.0819,-36.959,9.6565],[176.0818,-36.959,9.6565],[176.0818,-36.9591,9.6565],[176.0819,-36.9591,9.6565],[176.0819,-36.959,9.6565]]],
[[[176.078,-36.9575,1.0195],[176.078,-36.9574,1.0195],[176.0779,-36.9574,0.0],[176.0779,-36.9575,0.0],[176.078,-36.9575,1.0195]]],
[[[176.0772,-36.9581,0.7186],[176.0775,-36.9581,0.7186],[176.0775,-36.958,0.7186],[176.0773,-36.9579,0.0],[176.0772,-36.9581,0.7186]]],
[[[176.076,-36.9585,0.7186],[176.0759,-36.9582,0.0],[176.0758,-36.9582,0.0],[176.0758,-36.9588,0.0],[176.076,-36.9585,0.7186]]],
[[[176.0764,-36.9583,0.7186],[176.0761,-36.9581,0.7186],[176.0765,-36.9588,0.7186],[176.0765,-36.9587,0.7186],[176.0764,-36.9583,0.7186]]],
[[[176.0601,-36.9551,4.3584],[176.0591,-36.9531,7.0079],[176.0579,-36.9544,7.0079],[176.057,-36.9535,5.1172],[176.0548,-36.9545,0.0],[176.0547,-36.957,0.0],[176.0572,-36.9584,0.0],[176.0566,-36.9574,13.969],[176.0601,-36.9551,4.3584]]],
[[[176.0819,-36.9561,0.0],[176.0819,-36.9562,0.0],[176.082,-36.9562,0.0],[176.0819,-36.9561,0.0]]],
[[[176.0798,-36.956,0.0],[176.0799,-36.956,0.0],[176.0798,-36.9558,0.0],[176.0798,-36.956,0.0]]],
[[[176.0787,-36.9567,1.0195],[176.0786,-36.9564,1.0195],[176.0784,-36.9569,1.0195],[176.0786,-36.957,1.0195],[176.0787,-36.9567,1.0195]]],
[[[176.0797,-36.9567,1.0195],[176.0794,-36.9563,1.0195],[176.0791,-36.9565,1.0195],[176.0792,-36.9571,1.0195],[176.0797,-36.9567,1.0195]]],
[[[176.0779,-36.9564,0.0],[176.0779,-36.9567,0.0],[176.0781,-36.9565,1.0195],[176.0779,-36.9564,0.0]]],
[[[176.0777,-36.9564,0.0],[176.0775,-36.9562,0.0],[176.0771,-36.9564,0.0],[176.0775,-36.9566,0.0],[176.0777,-36.9564,0.0]]],
[[[176.0782,-36.9563,1.0195],[176.0783,-36.9564,1.0195],[176.0784,-36.9562,0.0],[176.0783,-36.9561,0.0],[176.0782,-36.9563,1.0195]]],
[[[176.0976,-36.9557,6.3995],[176.0977,-36.9558,6.3995],[176.0979,-36.9556,6.3995],[176.0978,-36.9555,6.3995],[176.0976,-36.9557,6.3995]]],
[[[176.0974,-36.9553,6.3995],[176.0974,-36.9554,6.3995],[176.0974,-36.9555,6.3995],[176.0975,-36.9553,6.3995],[176.0974,-36.9553,6.3995]]],
[[[176.0857,-36.9567,8.0059],[176.0871,-36.9535,2.2491],[176.0819,-36.9573,14.5847],[176.0801,-36.9565,14.5847],[176.0797,-36.9577,1.0195],[176.076,-36.9592,0.7186],[176.076,-36.9623,2.424],[176.0777,-36.9616,2.424],[176.0771,-36.9599,2.0397],[176.0791,-36.9589,4.3886],[176.0804,-36.9599,0.0],[176.0814,-36.9581,9.6565],[176.0836,-36.9586,1.5773],[176.0857,-36.9567,8.0059]]],
[[[176.0872,-36.9557,3.8027],[176.0872,-36.9556,3.8027],[176.0871,-36.9556,3.8027],[176.0871,-36.9557,3.8027],[176.0872,-36.9557,3.8027]]],
[[[176.0845,-36.9549,20.5886],[176.0844,-36.955,20.5886],[176.0845,-36.9552,20.5886],[176.0846,-36.9551,20.5886],[176.0845,-36.9549,20.5886]]],
[[[176.1067,-36.9526,0.0],[176.1067,-36.9528,0.0],[176.1068,-36.9528,0.0],[176.1068,-36.9526,0.0],[176.1067,-36.9526,0.0]]],
[[[176.0557,-36.9524,0.0],[176.0557,-36.9525,0.0],[176.0558,-36.9524,0.0],[176.0557,-36.9524,0.0]]],
[[[176.1054,-36.9527,0.0],[176.1056,-36.9527,0.0],[176.1055,-36.9524,0.0],[176.1054,-36.9526,0.0],[176.1054,-36.9527,0.0]]],
[[[176.0981,-36.9512,21.076],[176.0985,-36.9511,21.076],[176.0985,-36.951,21.076],[176.0981,-36.951,21.076],[176.0981,-36.9512,21.076]]],
[[[176.0826,-36.9551,8.4593],[176.0828,-36.955,8.4593],[176.0827,-36.9549,8.4593],[176.0826,-36.955,8.4593],[176.0826,-36.9551,8.4593]]],
[[[176.1015,-36.9533,1.1068],[176.1011,-36.9524,0.0],[176.0995,-36.9539,1.4125],[176.1006,-36.9546,0.0],[176.1015,-36.9533,1.1068]]],
[[[176.0563,-36.9536,5.1172],[176.0565,-36.9535,5.1172],[176.0564,-36.9533,5.1172],[176.0562,-36.9534,5.1172],[176.0563,-36.9536,5.1172]]],
[[[176.058,-36.954,7.0079],[176.0582,-36.9538,7.0079],[176.058,-36.9537,7.0079],[176.0579,-36.9539,7.0079],[176.058,-36.954,7.0079]]],
[[[176.0599,-36.9534,3.0236],[176.0598,-36.9535,3.0236],[176.0598,-36.9536,3.0236],[176.0599,-36.9536,3.0236],[176.0599,-36.9534,3.0236]]],
[[[176.0849,-36.9546,20.5886],[176.0849,-36.9545,1.4086],[176.0848,-36.9545,1.4086],[176.0848,-36.9546,20.5886],[176.0849,-36.9546,20.5886]]],
[[[176.0851,-36.9546,20.5886],[176.0852,-36.9546,20.5886],[176.0852,-36.9545,1.4086],[176.0851,-36.9546,20.5886]]],
[[[176.088,-36.9542,2.2491],[176.088,-36.9543,2.2491],[176.0882,-36.9543,2.2491],[176.088,-36.9541,2.2491],[176.088,-36.9542,2.2491]]],
[[[176.0567,-36.953,5.1172],[176.0567,-36.9532,5.1172],[176.0568,-36.9532,5.1172],[176.0568,-36.9531,5.1172],[176.0567,-36.953,5.1172]]],
[[[176.0993,-36.9534,1.4125],[176.0993,-36.9535,1.4125],[176.0997,-36.9533,1.4125],[176.0993,-36.9534,1.4125]]],
[[[176.0768,-36.9453,0.0],[176.0771,-36.945,0.0],[176.077,-36.9449,0.0],[176.0766,-36.9453,0.0],[176.0768,-36.9453,0.0]]],
[[[176.0968,-36.9482,0.6448],[176.0965,-36.9485,1.4462],[176.0973,-36.9486,0.6448],[176.0971,-36.9482,0.6448],[176.0968,-36.9482,0.6448]]],
[[[176.0977,-36.9468,0.0],[176.0975,-36.9481,0.6448],[176.098,-36.9483,0.6448],[176.0987,-36.9468,0.0],[176.0977,-36.9468,0.0]]],
[[[176.0758,-36.9443,0.0],[176.0762,-36.9448,0.0],[176.0765,-36.9445,0.0],[176.0764,-36.9441,0.0],[176.0758,-36.9443,0.0]]],
[[[175.8607,-36.9311,6.4237],[175.86,-36.9296,6.4237],[175.8591,-36.9299,5.8505],[175.8591,-36.9323,2.3373],[175.8607,-36.9311,6.4237]]],
[[[176.0801,-36.9198,0.0],[176.0797,-36.9202,0.0],[176.0805,-36.9208,0.0],[176.0809,-36.9202,0.0],[176.0801,-36.9198,0.0]]],
[[[176.0793,-36.9185,0.0],[176.0791,-36.9187,0.0],[176.0795,-36.9188,0.0],[176.0795,-36.9186,0.0],[176.0793,-36.9185,0.0]]],
[[[176.0781,-36.9181,0.0],[176.0784,-36.9184,0.0],[176.0786,-36.9184,0.0],[176.0784,-36.9179,0.0],[176.0781,-36.9181,0.0]]],
[[[175.7023,-36.8929,1.1261],[175.7023,-36.892,1.1261],[175.7014,-36.8913,2.0747],[175.7023,-36.8929,1.1261]]],
[[[175.4225,-36.8705,2.1338],[175.4226,-36.8704,2.1338],[175.4224,-36.8703,2.1338],[175.4224,-36.8704,2.1338],[175.4225,-36.8705,2.1338]]],
[[[175.8908,-36.8673,0.0],[175.8904,-36.8667,0.0],[175.8894,-36.8672,0.0],[175.8906,-36.8679,0.0],[175.8908,-36.8673,0.0]]],
[[[175.4094,-36.8637,0.0],[175.4092,-36.8636,0.0],[175.4091,-36.8637,0.0],[175.4094,-36.8639,0.0],[175.4094,-36.8637,0.0]]],
[[[175.4109,-36.8628,0.0],[175.4109,-36.8632,0.0],[175.4113,-36.8633,9.3328],[175.4114,-36.8629,8.8023],[175.4109,-36.8628,0.0]]],
[[[175.408,-36.8595,3.165],[175.4073,-36.8591,3.165],[175.4066,-36.859,0.0],[175.4074,-36.8597,0.0],[175.408,-36.8595,3.165]]],
[[[175.4055,-36.8591,0.0],[175.4056,-36.8591,0.0],[175.4057,-36.859,0.0],[175.4054,-36.859,0.0],[175.4055,-36.8591,0.0]]],
[[[176.077,-36.9505,0.2678],[176.0777,-36.9495,0.0],[176.0777,-36.9491,0.0],[176.0766,-36.9493,0.0],[176.077,-36.9505,0.2678]]],
[[[176.0986,-36.9502,0.0],[176.0959,-36.9488,1.4462],[176.09,-36.9549,0.0],[176.0929,-36.9565,0.0],[176.0974,-36.9551,6.3995],[176.0972,-36.9508,21.076],[176.0986,-36.9502,0.0]]],
[[[176.0988,-36.9494,0.0],[176.099,-36.9492,0.0],[176.0989,-36.9491,0.0],[176.0988,-36.9491,0.0],[176.0988,-36.9494,0.0]]],
[[[175.8265,-36.8516,1.8774],[175.8267,-36.8509,0.0],[175.825,-36.8511,0.0],[175.8256,-36.8522,1.8774],[175.8265,-36.8516,1.8774]]],
[[[175.4222,-36.8407,2.9797],[175.4175,-36.8405,3.9245],[175.4169,-36.8414,0.0],[175.4203,-36.8424,11.6371],[175.4222,-36.8407,2.9797]]],
[[[175.8212,-36.8386,0.0],[175.8202,-36.8384,0.5037],[175.8199,-36.8386,0.5037],[175.8205,-36.8391,0.5037],[175.8212,-36.8386,0.0]]],
[[[175.4262,-36.8407,0.0],[175.4267,-36.8415,0.0],[175.4273,-36.8394,0.0],[175.4265,-36.8396,0.0],[175.4262,-36.8407,0.0]]],
[[[175.8208,-36.8378,0.0],[175.8206,-36.838,0.5037],[175.8214,-36.8379,0.0],[175.8212,-36.8376,0.0],[175.8208,-36.8378,0.0]]],
[[[175.8227,-36.8306,1.2241],[175.8229,-36.8308,0.0],[175.8235,-36.8309,0.0],[175.823,-36.8301,0.0],[175.8227,-36.8306,1.2241]]],
[[[175.4085,-36.8216,12.0196],[175.4065,-36.8209,0.0],[175.4076,-36.8254,31.9841],[175.412,-36.8279,20.8156],[175.412,-36.8308,5.957],[175.4139,-36.8326,0.0],[175.4167,-36.8295,0.0],[175.4132,-36.8283,7.9053],[175.4138,-36.8252,2.95],[175.4095,-36.8235,9.4494],[175.4085,-36.8216,12.0196]]],
[[[175.8195,-36.8254,0.4945],[175.8202,-36.8258,0.4945],[175.8208,-36.8251,0.0],[175.8204,-36.8249,0.4945],[175.8195,-36.8254,0.4945]]],
[[[175.817,-36.8228,0.0],[175.8178,-36.8228,0.0],[175.8182,-36.8225,0.0],[175.8176,-36.8222,0.0],[175.817,-36.8228,0.0]]],
[[[175.7915,-36.8153,0.0],[175.7905,-36.8152,0.0],[175.7904,-36.8155,0.0],[175.791,-36.8157,0.0],[175.7915,-36.8153,0.0]]],
[[[175.4035,-36.8101,0.0],[175.4033,-36.8103,0.0],[175.4038,-36.8104,0.0],[175.4038,-36.8102,0.0],[175.4035,-36.8101,0.0]]],
[[[175.4035,-36.8061,0.0],[175.4029,-36.8061,0.0],[175.4026,-36.8063,0.0],[175.4033,-36.8065,0.0],[175.4035,-36.8061,0.0]]],
[[[175.7978,-36.8201,0.0],[175.7979,-36.8207,0.0],[175.7982,-36.8208,0.0],[175.7983,-36.8204,0.0],[175.7978,-36.8201,0.0]]],
[[[175.8036,-36.8186,1.1061],[175.8013,-36.8187,9.7233],[175.7996,-36.8201,0.0],[175.8042,-36.8195,1.1061],[175.8036,-36.8186,1.1061]]],
[[[175.4648,-36.8293,4.5269],[175.4649,-36.8294,4.5269],[175.465,-36.8294,4.5269],[175.4649,-36.8293,4.5269],[175.4648,-36.8293,4.5269]]],
[[[175.8233,-36.8264,11.3521],[175.8212,-36.826,0.0],[175.8162,-36.8302,0.0],[175.8164,-36.8338,0.0],[175.8189,-36.8331,0.0],[175.8191,-36.8309,24.3151],[175.8213,-36.8307,1.2241],[175.8206,-36.8287,39.213],[175.8248,-36.8273,11.3521],[175.8233,-36.8264,11.3521]]],
[[[175.7493,-36.7914,0.0],[175.7491,-36.7916,0.0],[175.7496,-36.7916,0.0],[175.7497,-36.7915,0.0],[175.7493,-36.7914,0.0]]],
[[[175.7523,-36.7917,0.3537],[175.7531,-36.7912,0.0],[175.752,-36.7905,0.0],[175.7517,-36.7914,0.3537],[175.7523,-36.7917,0.3537]]],
[[[175.4015,-36.4611,0.0],[175.3992,-36.4606,0.0],[175.3994,-36.4621,12.1801],[175.4024,-36.4629,13.0462],[175.4028,-36.4613,13.0462],[175.4015,-36.4611,0.0]]],
[[[175.332,-36.4222,4.7094],[175.3315,-36.4213,4.7094],[175.3305,-36.4218,8.1041],[175.3312,-36.4234,0.0],[175.332,-36.4222,4.7094]]],
[[[175.7832,-36.4381,3.58],[175.7826,-36.438,3.58],[175.7822,-36.4383,3.58],[175.7827,-36.4387,3.58],[175.7832,-36.4381,3.58]]],
[[[175.7724,-36.4292,13.8695],[175.7629,-36.4318,18.695],[175.7621,-36.4354,24.9002],[175.7597,-36.4379,25.2031],[175.7639,-36.4382,21.8135],[175.7649,-36.441,2.8503],[175.7697,-36.4417,4.1438],[175.7749,-36.44,16.4601],[175.7776,-36.4422,4.1735],[175.7819,-36.4421,3.485],[175.7825,-36.4401,13.9802],[175.7873,-36.4418,3.7111],[175.786,-36.4384,3.667],[175.7831,-36.4395,3.58],[175.7815,-36.4386,39.1385],[175.7815,-36.4373,-0.0485],[175.78,-36.438,39.1385],[175.7773,-36.4349,27.4318],[175.7741,-36.4342,4.5766],[175.7727,-36.432,60.2741],[175.7744,-36.4293,6.2448],[175.7724,-36.4292,13.8695]]],
[[[176.0285,-38.386,253.5],[176.026,-38.3844,253.5],[176.0312,-38.3798,266.1775],[176.0275,-38.3733,268.6714],[176.0272,-38.3691,254.1252],[176.0248,-38.3686,255.2923],[176.0238,-38.3651,253.5],[176.0311,-38.3636,286.631],[176.0376,-38.3582,253.5],[176.0399,-38.3587,255.9586],[176.0465,-38.3564,260.7111],[176.0477,-38.3542,258.5597],[176.0501,-38.3544,267.8365],[176.0488,-38.3498,264.062],[176.057,-38.3453,268.1797],[176.0555,-38.3431,260.4291],[176.0606,-38.3429,266.1909],[176.063,-38.3404,262.1225],[176.0586,-38.3345,277.2111],[176.0642,-38.3348,274.2924],[176.0735,-38.3269,290.657],[176.0886,-38.322,337.1993],[176.0935,-38.3175,370.4984],[176.0999,-38.3171,408.763],[176.1097,-38.3134,351.8178],[176.1171,-38.3146,319.6454],[176.1265,-38.3088,316.428],[176.1311,-38.3036,313.5389],[176.1309,-38.3014,306.6091],[176.1292,-38.3016,318.2344],[176.1308,-38.2998,306.2992],[176.1301,-38.2978,310.9757],[176.1281,-38.2969,309.7462],[176.1378,-38.2943,340.1389],[176.1361,-38.2926,325.3558],[176.1377,-38.2876,352.907],[176.1355,-38.2878,342.2986],[176.133,-38.2841,351.1355],[176.1312,-38.2854,345.9096],[176.1299,-38.2828,355.7148],[176.123,-38.2809,371.5139],[176.121,-38.2818,355.9778],[176.1197,-38.2802,362.6453],[176.114,-38.2804,355.8837],[176.1135,-38.2778,370.8731],[176.1087,-38.2758,358.4955],[176.1293,-38.2732,685.0859],[176.116,-38.2691,455.899],[176.1205,-38.2679,627.0029],[176.1503,-38.2182,479.1332],[176.1101,-38.1669,644.3419],[176.09,-38.167,657.3765],[176.0887,-38.1643,652.9938],[176.0583,-38.1642,600.2585],[176.0583,-38.1667,613.2113],[176.0307,-38.1666,553.9214],[176.0307,-38.1392,574.532],[176.022,-38.1393,559.9472],[176.0197,-38.1425,548.9321],[175.9845,-38.142,345.8654],[175.9818,-38.1386,404.1497],[175.9991,-38.1315,523.6631],[176.0622,-38.0268,572.6089],[176.0545,-38.0194,564.7075],[176.0328,-38.0083,571.6085],[176.0229,-37.9989,573.8287],[176.0132,-37.9935,570.5463],[175.9715,-37.9864,635.9507],[175.9701,-37.9835,613.1882],[175.9726,-37.9745,522.2342],[175.9711,-37.9702,520.9934],[175.9653,-37.9655,506.9825],[175.9593,-37.9675,505.1183],[175.9533,-37.9628,539.4326],[175.9494,-37.9567,555.3348],[175.9422,-37.9356,556.1863],[175.9413,-37.9282,533.4558],[175.9483,-37.9222,528.9187],[175.9772,-37.9137,422.088],[175.958,-37.9058,503.028],[175.9542,-37.9019,491.4176],[175.9718,-37.8828,389.7244],[175.9677,-37.8833,432.6346],[175.9609,-37.8894,479.6003],[175.9478,-37.8788,592.0181],[175.943,-37.8791,611.0831],[175.9396,-37.8826,615.1753],[175.9362,-37.8814,627.88],[175.9379,-37.8737,567.2107],[175.9365,-37.8701,514.6167],[175.9399,-37.868,499.9478],[175.9319,-37.8616,549.3895],[175.9279,-37.8521,560.5627],[175.9281,-37.8472,546.8506],[175.935,-37.8426,522.6218],[175.9059,-37.8286,727.9532],[175.9277,-37.776,544.4175],[175.8952,-37.7242,484.6845],[175.8996,-37.7222,511.3889],[175.8978,-37.7213,509.9882],[175.8981,-37.7194,510.4145],[175.9002,-37.7184,513.0096],[175.8957,-37.7167,503.6457],[175.898,-37.7142,490.1337],[175.8968,-37.7118,509.8231],[175.8921,-37.7112,532.2125],[175.8899,-37.7092,522.6252],[175.8897,-37.7011,490.3081],[175.8795,-37.6993,647.4583],[175.8725,-37.6872,760.0731],[175.8709,-37.6775,806.834],[175.8648,-37.6722,819.4907],[175.8652,-37.6681,819.6627],[175.8563,-37.6628,801.5032],[175.8521,-37.662,785.6152],[175.8481,-37.6519,510.9021],[175.8445,-37.6486,487.513],[175.8451,-37.6469,489.3423],[175.8432,-37.6432,512.0676],[175.8408,-37.6419,568.4228],[175.8415,-37.6388,518.1154],[175.8375,-37.6354,529.8456],[175.8371,-37.6322,617.5615],[175.8336,-37.6275,695.3596],[175.8358,-37.6267,644.4369],[175.8367,-37.6228,539.7688],[175.8408,-37.6206,578.3728],[175.8398,-37.6183,598.0917],[175.8415,-37.6133,601.6669],[175.8389,-37.6075,511.5215],[175.8369,-37.6066,451.1736],[175.8345,-37.5983,517.3342],[175.823,-37.5826,647.1131],[175.8217,-37.5716,736.5317],[175.8117,-37.5643,787.4271],[175.8129,-37.5552,663.7358],[175.8266,-37.5457,633.629],[175.831,-37.5368,600.0076],[175.829,-37.5318,577.1237],[175.8237,-37.5268,718.6422],[175.8246,-37.5201,557.8992],[175.8233,-37.5158,589.6404],[175.8091,-37.5137,568.9805],[175.806,-37.5107,570.4309],[175.8085,-37.5011,500.7001],[175.8169,-37.4955,479.8039],[175.8179,-37.4929,474.4504],[175.8167,-37.4887,483.5338],[175.8135,-37.4849,518.6398],[175.8328,-37.4716,298.1856],[175.8437,-37.487,382.5406],[175.8576,-37.4973,345.6135],[175.8656,-37.5004,196.1206],[175.8707,-37.5005,134.7797],[175.8707,-37.4956,148.5477],[175.8993,-37.4956,136.66],[175.8961,-37.4867,155.2291],[175.8806,-37.4695,131.925],[175.872,-37.4735,198.9226],[175.8609,-37.4611,163.291],[175.8754,-37.4495,124.6779],[175.8775,-37.4511,127.6305],[175.8788,-37.4461,137.9164],[175.8775,-37.4432,129.3732],[175.8824,-37.44,179.7879],[175.8908,-37.4437,106.1421],[175.9101,-37.4303,210.6197],[175.9136,-37.425,203.9467],[175.9083,-37.4226,173.7071],[175.9089,-37.4197,138.2239],[175.9057,-37.4163,125.1588],[175.9067,-37.4162,127.0838],[175.9064,-37.41,154.6259],[175.9042,-37.4101,155.9908],[175.9039,-37.4057,116.4029],[175.9052,-37.4041,122.735],[175.9245,-37.4044,140.7805],[175.9172,-37.4028,187.6004],[175.9168,-37.3986,188.7509],[175.9198,-37.3921,234.418],[175.922,-37.392,244.1529],[175.921,-37.3869,253.269],[175.9259,-37.3865,198.567],[175.926,-37.3833,156.6776],[175.9214,-37.3813,228.2065],[175.9184,-37.3827,246.0911],[175.9169,-37.3815,277.1689],[175.9184,-37.3799,225.2344],[175.9166,-37.3793,239.0818],[175.9217,-37.3752,262.1975],[175.9229,-37.376,262.1975],[175.9228,-37.3742,281.632],[175.9289,-37.3761,178.7644],[175.94,-37.3732,70.9549],[175.9378,-37.3698,59.1549],[175.9385,-37.3665,16.3649],[175.9408,-37.3659,19.2014],[175.9373,-37.3622,14.3424],[175.9388,-37.358,5.1108],[175.9418,-37.3573,63.7631],[175.9432,-37.3531,5.6758],[175.9411,-37.3485,117.3423],[175.9433,-37.3452,16.7318],[175.9368,-37.3393,10.9166],[175.9348,-37.3334,0.0],[175.9322,-37.3321,0.0],[175.9326,-37.3299,0.0],[175.9296,-37.329,45.6719],[175.928,-37.3239,0.0],[175.924,-37.3208,36.9093],[175.9238,-37.3134,1.0396],[175.9253,-37.3126,4.0556],[175.9223,-37.3105,12.874],[175.923,-37.3076,7.1933],[175.9193,-37.3079,1.1856],[175.915,-37.3026,62.0325],[175.9133,-37.292,43.6139],[175.9099,-37.2915,16.9763],[175.906,-37.2879,3.2644],[175.8997,-37.2756,7.4224],[175.8982,-37.271,10.9233],[175.8998,-37.2688,5.439],[175.8915,-37.2528,29.1039],[175.8939,-37.2515,1.6517],[175.8919,-37.2507,26.4987],[175.8955,-37.2484,22.8758],[175.8944,-37.241,20.8023],[175.8908,-37.2407,13.9025],[175.8869,-37.2319,22.1984],[175.8799,-37.2312,2.9449],[175.881,-37.2248,0.0],[175.8847,-37.2178,0.0],[175.8768,-37.2097,2.8287],[175.8785,-37.1995,0.0],[175.8711,-37.1963,2.6984],[175.8674,-37.1966,0.4375],[175.8627,-37.2047,2.5175],[175.8655,-37.2096,2.6138],[175.8645,-37.2112,2.6138],[175.8619,-37.2098,58.0021],[175.8612,-37.2068,10.9962],[175.8578,-37.2072,11.6695],[175.8623,-37.1975,2.8624],[175.8653,-37.1954,0.0],[175.8637,-37.1953,2.0365],[175.864,-37.1931,0.0],[175.862,-37.194,2.1724],[175.8631,-37.192,0.0],[175.858,-37.1923,0.2678],[175.8595,-37.1882,2.6798],[175.8554,-37.1871,1.4393],[175.8527,-37.1841,6.2019],[175.8604,-37.18,0.0],[175.8563,-37.1782,4.2294],[175.854,-37.1789,5.8188],[175.8506,-37.176,2.6212],[175.8507,-37.1743,7.0355],[175.8548,-37.1718,0.1511],[175.8506,-37.1704,7.5192],[175.8591,-37.1701,1.9679],[175.8536,-37.1683,22.5993],[175.8544,-37.1668,3.5058],[175.8636,-37.1649,17.5487],[175.8642,-37.1725,39.7213],[175.8663,-37.1747,0.0],[175.8687,-37.1743,28.7807],[175.8686,-37.1846,3.5976],[175.8745,-37.1927,37.2837],[175.8806,-37.1971,62.4094],[175.881,-37.2018,37.5353],[175.8848,-37.2031,2.9376],[175.8855,-37.2011,98.7581],[175.8885,-37.1999,35.3406],[175.8881,-37.1981,81.8835],[175.8911,-37.1977,1.2709],[175.8928,-37.1956,33.3279],[175.8915,-37.1922,3.573],[175.888,-37.1905,83.7163],[175.8853,-37.1801,8.8612],[175.8838,-37.1798,39.2129],[175.8848,-37.1785,0.0],[175.883,-37.1772,6.7299],[175.8837,-37.1756,8.111],[175.8819,-37.1742,26.4192],[175.8814,-37.1693,25.7526],[175.8833,-37.1681,4.0017],[175.8809,-37.1672,10.9241],[175.8826,-37.1653,0.0],[175.8808,-37.1617,1.4032],[175.8841,-37.158,22.5133],[175.8839,-37.1549,16.3963],[175.879,-37.1499,6.1106],[175.8795,-37.1454,37.4061],[175.886,-37.1375,2.8905],[175.883,-37.1373,9.7556],[175.8857,-37.1314,8.5949],[175.8849,-37.1283,3.4224],[175.8907,-37.1259,17.5591],[175.89,-37.1243,22.2975],[175.892,-37.1221,7.109],[175.8921,-37.1202,3.6229],[175.8895,-37.1176,6.8821],[175.891,-37.1167,0.0],[175.8896,-37.1152,18.2665],[175.8902,-37.1129,0.0],[175.8833,-37.116,2.1875],[175.8808,-37.1124,0.0],[175.8783,-37.1121,0.0],[175.8788,-37.1138,0.9942],[175.8741,-37.1156,0.7059],[175.8679,-37.1262,0.0],[175.8672,-37.134,2.3712],[175.8659,-37.1289,0.5076],[175.8604,-37.1265,3.4607],[175.8624,-37.1263,0.9216],[175.8639,-37.1174,1.437],[175.8629,-37.1139,29.6908],[175.866,-37.1161,15.1898],[175.8712,-37.1105,14.9096],[175.877,-37.1104,8.8387],[175.8785,-37.1054,4.9439],[175.8813,-37.1053,21.6718],[175.8815,-37.1072,9.6314],[175.8865,-37.1101,0.0],[175.8887,-37.1133,15.3609],[175.886,-37.0903,16.2517],[175.8882,-37.0743,3.7467],[175.8864,-37.0743,6.7785],[175.891,-37.0652,15.1835],[175.8893,-37.0562,0.0],[175.8845,-37.05,97.2774],[175.8848,-37.0456,22.9765],[175.8869,-37.0442,40.4405],[175.8883,-37.0394,68.6192],[175.8834,-37.034,69.1541],[175.8834,-37.0315,102.7103],[175.8859,-37.0287,0.0],[175.8734,-37.0281,35.4087],[175.8642,-37.0056,0.0],[175.862,-37.0059,0.0],[175.8577,-37.0119,2.5117],[175.8545,-37.0134,3.5715],[175.8563,-37.0228,4.367],[175.8552,-37.0261,1.7957],[175.8509,-37.0274,0.2765],[175.8518,-37.0316,3.5019],[175.8455,-37.0308,0.6248],[175.8428,-37.0321,0.0],[175.8427,-37.0369,1.8161],[175.8415,-37.0387,6.8182],[175.8407,-37.0378,0.3771],[175.837,-37.0524,0.2459],[175.8225,-37.0541,0.2457],[175.8127,-37.0596,7.1907],[175.8149,-37.0561,19.281],[175.8295,-37.0521,3.9333],[175.8356,-37.048,0.7971],[175.8352,-37.0441,0.2097],[175.8305,-37.0387,4.5219],[175.8335,-37.0345,1.066],[175.8346,-37.0282,1.1288],[175.8424,-37.0232,0.5405],[175.8406,-37.0204,8.3921],[175.8426,-37.0204,2.4535],[175.8465,-37.0157,2.0379],[175.8457,-37.0122,4.0915],[175.8512,-37.0089,4.5788],[175.8485,-37.0031,1.4591],[175.8573,-36.998,0.0],[175.8582,-36.9951,1.974],[175.8618,-36.9972,0.0],[175.8614,-36.9993,0.0],[175.86,-36.999,0.0],[175.8614,-37.0014,0.0],[175.8662,-37.0047,1.5926],[175.8695,-37.0046,0.0],[175.872,-37.0001,84.0238],[175.8714,-36.9983,31.7913],[175.8634,-36.9967,22.969],[175.8559,-36.9884,0.0],[175.8555,-36.9764,25.3741],[175.8473,-36.9699,43.1998],[175.8479,-36.9685,0.0],[175.8432,-36.9645,30.3532],[175.8426,-36.9619,14.2189],[175.8441,-36.9595,28.2334],[175.8413,-36.9548,36.469],[175.8423,-36.9518,21.596],[175.8409,-36.9507,60.4404],[175.8428,-36.9491,25.9167],[175.8422,-36.9475,24.7149],[175.8494,-36.9451,3.5141],[175.8514,-36.9422,29.5259],[175.8557,-36.9435,5.0388],[175.8573,-36.9417,41.5673],[175.8542,-36.9342,0.0],[175.8516,-36.9331,45.8475],[175.8523,-36.9313,2.7233],[175.8568,-36.9303,4.7965],[175.8548,-36.9243,13.4491],[175.856,-36.9229,0.7228],[175.8478,-36.9179,0.0],[175.8465,-36.9127,2.4786],[175.8417,-36.9109,2.4723],[175.8374,-36.9065,8.9092],[175.838,-36.8987,0.3283],[175.8354,-36.8916,13.3965],[175.8315,-36.8887,3.6823],[175.8243,-36.8885,5.688],[175.8193,-36.8831,5.4433],[175.8158,-36.8714,8.0772],[175.8167,-36.8684,20.1654],[175.8151,-36.8674,4.3329],[175.815,-36.8667,4.3329],[175.8135,-36.8674,3.288],[175.815,-36.8666,4.3329],[175.8152,-36.8667,4.3329],[175.8152,-36.8674,4.3329],[175.8161,-36.8674,4.3329],[175.8168,-36.8681,20.1654],[175.8171,-36.8696,26.2182],[175.8161,-36.8712,4.9878],[175.8165,-36.8723,8.0772],[175.8198,-36.8726,36.2752],[175.8244,-36.8698,26.5205],[175.8254,-36.867,52.7275],[175.827,-36.8673,0.0],[175.825,-36.8654,50.0738],[175.8281,-36.8624,8.1735],[175.8253,-36.861,45.981],[175.8268,-36.8585,52.2702],[175.8204,-36.8573,28.2238],[175.8215,-36.8557,0.0],[175.8196,-36.8541,14.589],[175.8233,-36.8518,2.4241],[175.8184,-36.8503,59.0513],[175.8196,-36.8483,7.5506],[175.8158,-36.8467,84.7111],[175.8192,-36.8431,0.0],[175.8179,-36.8417,19.4522],[175.8196,-36.8412,0.0],[175.8182,-36.8406,0.0],[175.8148,-36.8429,0.0],[175.8025,-36.8362,0.0],[175.7996,-36.8329,14.9827],[175.7962,-36.833,67.1096],[175.7954,-36.8315,20.5317],[175.7931,-36.8328,22.2453],[175.7932,-36.8299,0.0],[175.7906,-36.8299,54.01],[175.7908,-36.8282,17.9897],[175.7849,-36.8234,6.6153],[175.7812,-36.8224,10.1868],[175.7754,-36.8239,61.4623],[175.7708,-36.8203,30.0476],[175.7642,-36.8209,0.0],[175.7594,-36.8261,37.6139],[175.7584,-36.8351,3.805],[175.7622,-36.8377,20.1839],[175.7617,-36.8429,26.3093],[175.7593,-36.8463,11.5063],[175.7613,-36.8478,27.4039],[175.7643,-36.8472,11.0572],[175.7635,-36.849,3.3369],[175.7651,-36.8495,3.3369],[175.7682,-36.8495,22.3381],[175.7741,-36.8464,2.4232],[175.7713,-36.8502,2.5488],[175.7698,-36.8496,2.5488],[175.766,-36.8519,0.0],[175.7707,-36.8516,1.6909],[175.7697,-36.8533,2.8442],[175.7709,-36.8557,3.3579],[175.7669,-36.856,0.8381],[175.7664,-36.8606,1.7488],[175.7632,-36.8648,7.3454],[175.7646,-36.8578,4.1039],[175.7632,-36.8573,4.1039],[175.761,-36.8494,10.4344],[175.759,-36.8482,19.1866],[175.758,-36.8521,6.0059],[175.7537,-36.853,8.0113],[175.7562,-36.8479,28.24],[175.7545,-36.8428,3.5465],[175.7572,-36.8403,0.0],[175.7563,-36.8397,4.2575],[175.7588,-36.8381,2.3366],[175.7599,-36.8393,0.0],[175.7589,-36.8365,3.2932],[175.7464,-36.8375,1.3116],[175.7405,-36.8362,1.6167],[175.7325,-36.8315,0.8181],[175.7334,-36.8298,0.0],[175.7312,-36.8267,2.8271],[175.7245,-36.8282,46.887],[175.7252,-36.8327,8.4663],[175.7181,-36.8312,0.0],[175.7149,-36.8266,0.0],[175.713,-36.8271,0.0],[175.7106,-36.8312,0.0],[175.7116,-36.8324,0.0],[175.7107,-36.8347,0.0],[175.7131,-36.8333,0.0],[175.7144,-36.8355,40.7248],[175.7123,-36.8373,3.2905],[175.7135,-36.8383,0.0],[175.7126,-36.8406,0.6143],[175.7113,-36.8429,10.8303],[175.7089,-36.8413,19.6027],[175.7058,-36.849,32.0971],[175.6999,-36.8512,3.9393],[175.7028,-36.8578,2.5805],[175.697,-36.8636,5.4236],[175.7052,-36.8695,6.8773],[175.7109,-36.8707,10.9212],[175.7119,-36.8684,10.0268],[175.7119,-36.8699,3.5993],[175.7133,-36.8696,3.5993],[175.7168,-36.8729,43.2129],[175.7194,-36.8725,14.9434],[175.7151,-36.8754,7.6479],[175.7139,-36.8804,22.0684],[175.7096,-36.8786,1.0396],[175.7072,-36.8832,3.4259],[175.6996,-36.8885,21.1385],[175.7009,-36.8902,3.0245],[175.7047,-36.8882,15.758],[175.7072,-36.8888,16.3645],[175.711,-36.8954,0.6405],[175.7105,-36.9004,0.4845],[175.7164,-36.9046,1.2286],[175.7154,-36.9061,1.1991],[175.7111,-36.9022,0.9914],[175.707,-36.9013,3.0529],[175.7067,-36.8958,1.4756],[175.7035,-36.894,0.2837],[175.699,-36.8992,0.7296],[175.6991,-36.9018,0.4739],[175.6978,-36.9017,0.4739],[175.6977,-36.8977,0.3176],[175.7023,-36.8935,0.8992],[175.7023,-36.8929,1.1261],[175.6973,-36.8972,1.0013],[175.6962,-36.8947,1.0753],[175.693,-36.8954,1.7572],[175.6926,-36.8923,2.1183],[175.69,-36.8904,1.1631],[175.6844,-36.8974,3.9902],[175.6845,-36.8899,15.2261],[175.6915,-36.8847,0.0],[175.6909,-36.8803,6.1203],[175.6856,-36.8766,13.0319],[175.6799,-36.8781,19.5592],[175.6783,-36.881,1.1186],[175.679,-36.8838,35.5243],[175.6762,-36.8889,3.1447],[175.6747,-36.8881,3.1447],[175.6743,-36.8814,21.9678],[175.6685,-36.8808,2.3263],[175.6732,-36.8783,1.0896],[175.6692,-36.8754,4.4795],[175.6728,-36.876,1.3458],[175.6719,-36.8751,5.4943],[175.6744,-36.873,9.6441],[175.6666,-36.8719,4.7367],[175.6785,-36.8665,34.2315],[175.68,-36.8674,16.2495],[175.682,-36.8622,13.7149],[175.685,-36.8617,6.326],[175.6849,-36.8537,22.4964],[175.687,-36.8472,10.0575],[175.6772,-36.8532,1.2162],[175.6733,-36.8539,0.2957],[175.6721,-36.8516,0.6331],[175.6721,-36.8469,0.8873],[175.6678,-36.8409,2.0795],[175.6733,-36.835,3.0977],[175.6843,-36.8417,0.5076],[175.688,-36.8417,3.5843],[175.689,-36.8401,4.2733],[175.6882,-36.8424,3.5843],[175.6896,-36.8442,6.0817],[175.6952,-36.8455,1.6744],[175.7083,-36.8363,0.0],[175.7057,-36.8376,0.3563],[175.7068,-36.8352,1.7229],[175.7084,-36.8357,0.0],[175.7086,-36.8324,0.8968],[175.704,-36.8274,0.9304],[175.701,-36.8191,1.0441],[175.7016,-36.8071,0.6218],[175.7065,-36.8046,0.9702],[175.7141,-36.8078,36.7806],[175.7179,-36.8069,20.8749],[175.721,-36.8081,0.0],[175.7248,-36.8061,0.0],[175.7238,-36.7981,2.7513],[175.7257,-36.794,5.8898],[175.7298,-36.7912,5.4733],[175.7272,-36.7913,3.7901],[175.7248,-36.7882,4.1124],[175.7256,-36.7881,4.1124],[175.7263,-36.7884,11.0535],[175.7272,-36.7908,5.4964],[175.7294,-36.7902,5.4733],[175.7317,-36.7915,11.1878],[175.7341,-36.7952,2.3565],[175.736,-36.7935,58.9502],[175.7401,-36.7945,30.5346],[175.7476,-36.7906,18.8907],[175.7471,-36.7806,23.0376],[175.7485,-36.778,61.875],[175.7474,-36.7758,20.1192],[175.7493,-36.765,0.0],[175.7529,-36.7633,2.2128],[175.7519,-36.7613,34.0697],[175.7553,-36.7573,9.4606],[175.7583,-36.7564,16.177],[175.7602,-36.7595,53.695],[175.7638,-36.7582,6.5202],[175.7655,-36.7563,24.5885],[175.7654,-36.753,20.0685],[175.7668,-36.7539,20.0685],[175.7682,-36.7525,49.0451],[175.7685,-36.754,25.6239],[175.7771,-36.7508,25.8138],[175.774,-36.7483,23.1067],[175.7752,-36.7473,34.268],[175.7767,-36.7483,7.1779],[175.7776,-36.7467,52.7717],[175.7883,-36.7476,1.4666],[175.7886,-36.7446,18.7343],[175.7905,-36.7444,14.8579],[175.7896,-36.7423,57.7112],[175.7914,-36.7412,51.3863],[175.804,-36.7426,6.6659],[175.8058,-36.7385,21.9644],[175.8104,-36.7375,3.5516],[175.8133,-36.7387,33.5644],[175.8136,-36.7422,14.9864],[175.8155,-36.7436,10.1716],[175.8186,-36.7418,43.4563],[175.8175,-36.7405,72.0142],[175.8191,-36.7394,40.3176],[175.8271,-36.7396,0.0],[175.825,-36.734,2.4484],[175.8217,-36.7316,20.1591],[175.8219,-36.7212,1.1365],[175.8197,-36.7205,12.6596],[175.8213,-36.7197,1.1365],[175.82,-36.7173,1.9328],[175.8181,-36.717,0.0],[175.8181,-36.7198,1.1805],[175.8131,-36.7219,3.0566],[175.8037,-36.7207,0.0],[175.7977,-36.7173,13.5996],[175.7892,-36.7053,6.4741],[175.79,-36.6932,1.3116],[175.7884,-36.6947,43.071],[175.7831,-36.6921,10.5813],[175.7812,-36.6935,3.2739],[175.7795,-36.6989,0.7992],[175.773,-36.7006,0.0],[175.7686,-36.705,13.8383],[175.7623,-36.7081,2.6405],[175.7475,-36.7083,13.0911],[175.7434,-36.7061,3.7877],[175.7402,-36.7065,18.5396],[175.7283,-36.7169,26.8205],[175.7291,-36.7199,3.4452],[175.7269,-36.7216,4.0904],[175.7146,-36.7242,0.6424],[175.7091,-36.7271,5.6841],[175.6992,-36.7264,14.3588],[175.6902,-36.7282,7.0921],[175.6823,-36.727,2.8152],[175.6787,-36.7298,5.2752],[175.6435,-36.7252,3.6978],[175.6353,-36.7261,0.0],[175.6325,-36.7285,0.9788],[175.6399,-36.7289,4.7089],[175.6467,-36.7364,1.3446],[175.65,-36.7379,2.3577],[175.6593,-36.7386,0.4425],[175.6631,-36.7406,0.6668],[175.6667,-36.7388,0.5943],[175.6713,-36.739,3.9113],[175.6777,-36.7425,3.2868],[175.6693,-36.742,0.6693],[175.6698,-36.7437,0.7964],[175.6665,-36.7461,1.272],[175.6593,-36.747,1.3413],[175.6587,-36.7489,2.3631],[175.66,-36.7496,1.7487],[175.6568,-36.7498,0.7664],[175.659,-36.7524,1.6595],[175.6532,-36.7496,13.1784],[175.6557,-36.7484,2.2507],[175.6542,-36.7452,0.9701],[175.644,-36.7431,0.7703],[175.6396,-36.744,0.1407],[175.6369,-36.7474,1.0284],[175.6388,-36.7485,3.473],[175.6448,-36.761,8.5831],[175.6481,-36.7635,3.0155],[175.6435,-36.761,0.7926],[175.6433,-36.7628,0.7054],[175.6456,-36.7639,2.4246],[175.6434,-36.7642,0.7784],[175.6443,-36.7674,4.5217],[175.6397,-36.7681,4.9148],[175.6418,-36.7653,1.0502],[175.6395,-36.7625,1.1937],[175.6389,-36.7646,3.5125],[175.638,-36.7639,2.0932],[175.6378,-36.7612,0.6843],[175.6322,-36.7645,0.7547],[175.63,-36.7635,1.965],[175.6301,-36.7612,0.5989],[175.6267,-36.761,1.28],[175.6266,-36.7565,1.1614],[175.6249,-36.7574,13.5377],[175.625,-36.7526,1.6449],[175.6072,-36.7572,0.9448],[175.6063,-36.7539,2.4867],[175.6095,-36.7529,0.2382],[175.6053,-36.7499,1.532],[175.6105,-36.7445,0.6908],[175.6084,-36.738,2.7247],[175.6124,-36.7359,9.5322],[175.6149,-36.7253,32.2186],[175.6207,-36.7197,1.9143],[175.6245,-36.7215,0.0],[175.6247,-36.7232,0.0],[175.6271,-36.7227,11.1055],[175.6275,-36.7179,0.0],[175.6187,-36.7148,4.9971],[175.6091,-36.7083,1.2186],[175.6085,-36.7108,10.2489],[175.6074,-36.7099,10.2489],[175.6087,-36.7052,31.2029],[175.6145,-36.7001,11.5065],[175.6097,-36.7009,0.0],[175.6047,-36.6966,27.9805],[175.6037,-36.6933,11.6273],[175.6081,-36.688,65.3005],[175.6062,-36.6863,115.1721],[175.6067,-36.6837,43.1485],[175.6052,-36.6821,3.6432],[175.6044,-36.6845,4.7221],[175.6022,-36.6835,2.3576],[175.602,-36.6852,58.5268],[175.5991,-36.6857,23.632],[175.5981,-36.6831,16.4044],[175.595,-36.6837,21.4459],[175.5945,-36.6818,0.0],[175.5898,-36.6837,65.535],[175.588,-36.6801,5.9273],[175.5858,-36.6816,26.9235],[175.5853,-36.6785,9.5237],[175.5822,-36.6809,52.4614],[175.5803,-36.6794,0.0],[175.5783,-36.6802,31.8272],[175.5775,-36.6846,12.5953],[175.575,-36.6874,12.8494],[175.565,-36.6877,1.6393],[175.5614,-36.6848,6.9776],[175.5597,-36.687,46.2021],[175.5559,-36.6844,0.0],[175.5542,-36.6788,3.9523],[175.5575,-36.6678,0.0],[175.5566,-36.6649,3.0892],[175.5641,-36.6681,0.0],[175.5699,-36.6678,48.306399999999996],[175.5768,-36.6712,32.7599],[175.581,-36.6677,26.8398],[175.5797,-36.6649,55.5712],[175.5844,-36.664,0.0],[175.5836,-36.6615,15.3311],[175.5731,-36.6561,15.596],[175.5727,-36.6546,15.596],[175.5752,-36.6526,3.4302],[175.5723,-36.651,58.9708],[175.5715,-36.648,69.0715],[175.5727,-36.6467,22.7388],[175.5711,-36.6453,9.6041],[175.5836,-36.6275,4.1432],[175.5795,-36.6253,76.9081],[175.5804,-36.6202,19.1642],[175.5753,-36.6195,7.7562],[175.5737,-36.6137,32.9247],[175.5674,-36.6151,18.7341],[175.5621,-36.6122,22.7894],[175.5585,-36.6049,34.2474],[175.5602,-36.5982,0.0],[175.5547,-36.5973,0.0],[175.5526,-36.5996,59.2071],[175.5502,-36.5991,1.9226],[175.5489,-36.6031,3.2756],[175.5444,-36.6032,29.3993],[175.5423,-36.6004,11.3535],[175.5371,-36.6039,0.8353],[175.5281,-36.6002,8.8427],[175.5232,-36.5954,1.0214],[175.5219,-36.5923,0.0],[175.5261,-36.5884,2.4205],[175.5256,-36.5864,20.8605],[175.5285,-36.5815,48.3431],[175.5258,-36.5765,16.3737],[175.5263,-36.5742,0.0],[175.5244,-36.5738,29.9565],[175.5241,-36.5693,23.8442],[175.5291,-36.5667,0.0],[175.5248,-36.5599,3.5109],[175.5208,-36.5592,0.0],[175.5197,-36.555,23.2141],[175.526,-36.5521,19.3059],[175.5283,-36.5526,39.7855],[175.5293,-36.5504,26.7903],[175.5329,-36.5519,5.4726],[175.535,-36.5509,3.9847],[175.5332,-36.5482,19.546],[175.5334,-36.5451,39.6225],[175.5355,-36.5431,13.9908],[175.5335,-36.5402,5.1978],[175.5259,-36.5422,33.4816],[175.5202,-36.5408,41.385],[175.5104,-36.532,94.667],[175.5076,-36.5269,102.2702],[175.5085,-36.523,1.1746],[175.4992,-36.5156,2.2506],[175.4962,-36.5149,25.7765],[175.4945,-36.5109,0.0],[175.4916,-36.5113,117.6624],[175.4894,-36.5098,47.156],[175.4808,-36.5112,4.3974],[175.4762,-36.5089,47.9137],[175.4696,-36.51,80.238],[175.4709,-36.5175,3.6874],[175.4723,-36.5173,6.7874],[175.474,-36.52,6.7644],[175.473,-36.5224,0.0],[175.4756,-36.5247,0.0],[175.4783,-36.5242,12.1742],[175.4784,-36.5288,14.7988],[175.4804,-36.5299,2.1407],[175.477,-36.532,0.7419],[175.4761,-36.5352,5.4735],[175.4758,-36.5352,5.4735],[175.4762,-36.5323,0.7419],[175.4718,-36.5289,3.4892],[175.4677,-36.5288,20.0712],[175.4652,-36.5263,31.3782],[175.4643,-36.5225,0.0],[175.4614,-36.527,24.2398],[175.4579,-36.5258,11.3971],[175.4572,-36.5244,38.9219],[175.4585,-36.5228,8.9025],[175.4563,-36.522,24.6468],[175.4558,-36.5192,10.6834],[175.4456,-36.5096,53.5714],[175.4455,-36.5062,4.691],[175.4433,-36.5029,0.0],[175.4418,-36.5049,61.0737],[175.4376,-36.5032,37.2705],[175.4311,-36.5059,0.0],[175.4278,-36.5108,30.5221],[175.4233,-36.512,9.4623],[175.4213,-36.5103,37.3441],[175.4234,-36.5024,76.6048],[175.4206,-36.4988,23.0709],[175.4249,-36.4967,23.679],[175.4184,-36.4916,58.8919],[175.4133,-36.4903,178.3648],[175.4135,-36.4877,6.7655],[175.4111,-36.4839,45.1492],[175.4124,-36.4812,5.3067],[175.408,-36.4775,11.078],[175.4101,-36.477,0.0],[175.4095,-36.4755,16.3338],[175.4153,-36.4745,23.1808],[175.4155,-36.473,0.0],[175.4134,-36.4732,23.1808],[175.4121,-36.471,2.1445],[175.403,-36.4714,7.3617],[175.401,-36.4738,29.0227],[175.396,-36.4755,19.8798],[175.3933,-36.4742,0.315],[175.3914,-36.4762,3.2242],[175.3891,-36.4759,0.0],[175.3875,-36.4734,24.8615],[175.375,-36.4721,20.7037],[175.3709,-36.4688,15.9137],[175.368,-36.4687,8.498],[175.3641,-36.4716,72.2845],[175.3589,-36.4708,29.6984],[175.3541,-36.4722,43.864],[175.3455,-36.4695,0.0],[175.3446,-36.4723,2.1406],[175.3508,-36.4732,3.0441],[175.3476,-36.4801,31.3137],[175.3402,-36.4839,1.3775],[175.3416,-36.4848,7.3226],[175.3365,-36.4848,36.2499],[175.3358,-36.4832,11.052],[175.3324,-36.4831,52.3405],[175.3308,-36.4805,15.3801],[175.3283,-36.4808,12.6018],[175.3288,-36.4861,31.4833],[175.3262,-36.49,0.0],[175.3303,-36.4958,27.8416],[175.3275,-36.4995,25.917],[175.3293,-36.5014,77.6283],[175.3302,-36.5079,63.7708],[175.3302,-36.5111,13.4584],[175.3276,-36.5121,40.4332],[175.3281,-36.5258,21.8665],[175.3341,-36.5306,16.7117],[175.3334,-36.5365,13.734],[175.3363,-36.5415,0.0],[175.3423,-36.5454,5.7042],[175.3448,-36.5533,0.4821],[175.3573,-36.557,7.0765],[175.3643,-36.5652,1.9578],[175.3768,-36.5676,37.2914],[175.3839,-36.5709,14.9959],[175.3883,-36.5756,0.3013],[175.3939,-36.5753,4.4475],[175.3994,-36.5789,7.2075],[175.4055,-36.5803,5.8771],[175.4082,-36.5842,19.7881],[175.4142,-36.5883,2.1013],[175.4209,-36.5878,5.4117],[175.421,-36.5893,1.3134],[175.4246,-36.5898,2.9989],[175.425,-36.5881,2.7584],[175.4254,-36.5893,2.7584],[175.4251,-36.5899,2.9989],[175.4223,-36.59,0.9643],[175.4242,-36.5913,6.1953],[175.4221,-36.5916,4.78],[175.4174,-36.5889,10.2907],[175.42,-36.5929,3.6614],[175.4201,-36.5974,13.1346],[175.4269,-36.6003,3.2043],[175.4278,-36.6064,1.0597],[175.4325,-36.6057,5.2946],[175.4355,-36.6095,40.4732],[175.4387,-36.6109,0.0],[175.4378,-36.6093,26.3017],[175.4422,-36.6086,2.4496],[175.4465,-36.6119,9.3922],[175.4471,-36.6142,15.2694],[175.4553,-36.6144,64.1903],[175.4572,-36.6163,0.0],[175.4655,-36.612,1.52],[175.4675,-36.6155,6.3482],[175.4625,-36.618899999999996,0.0],[175.469,-36.6186,25.5286],[175.4718,-36.6208,1.714],[175.4719,-36.6261,1.4821],[175.4704,-36.6277,0.6765],[175.4655,-36.6258,0.0],[175.4569,-36.6274,2.9389],[175.4541,-36.6296,39.4345],[175.4402,-36.6258,0.0],[175.4375,-36.6264,5.1553],[175.4404,-36.6405,10.1765],[175.4461,-36.646,2.7806],[175.4442,-36.6484,0.0],[175.4446,-36.6539,27.3921],[175.4471,-36.6604,13.0243],[175.4445,-36.6667,28.2555],[175.442,-36.667,0.0],[175.4426,-36.6702,41.9885],[175.4397,-36.6784,3.7976],[175.432,-36.6874,9.2413],[175.4294,-36.7001,0.3636],[175.43,-36.7091,19.7045],[175.4323,-36.7126,1.4487],[175.4305,-36.7168,5.3304],[175.4383,-36.7166,31.3069],[175.4376,-36.7182,2.411],[175.4391,-36.719,26.9185],[175.4392,-36.7215,20.8549],[175.4371,-36.724,5.3339],[175.4371,-36.7268,5.6524],[175.4408,-36.7266,2.5162],[175.4429,-36.7302,0.0],[175.4475,-36.7308,16.5088],[175.4491,-36.7289,12.1634],[175.4484,-36.7269,10.0712],[175.4534,-36.7279,29.0524],[175.4563,-36.7243,26.0341],[175.4615,-36.7258,0.9112],[175.4596,-36.7244,2.8772],[175.4603,-36.7243,2.8772],[175.462,-36.7252,0.9112],[175.4641,-36.7238,4.623],[175.4621,-36.7278,0.5232],[175.4645,-36.7304,2.7099],[175.4629,-36.7314,2.2607],[175.4655,-36.7333,0.0],[175.4693,-36.7325,19.4384],[175.4729,-36.7367,2.549],[175.4802,-36.7341,11.3365],[175.4812,-36.736,1.3099],[175.478,-36.7394,25.4503],[175.4785,-36.7415,17.7067],[175.4759,-36.7415,0.0],[175.4769,-36.7436,1.6299],[175.4743,-36.7446,0.0],[175.477,-36.7462,10.7807],[175.4754,-36.7501,16.3775],[175.4697,-36.7505,15.066],[175.4599,-36.7626,13.9362],[175.4571,-36.7637,5.377],[175.4571,-36.7687,9.9456],[175.4592,-36.7706,0.0],[175.4604,-36.7687,5.5152],[175.465,-36.7683,2.4919],[175.464,-36.7646,27.322],[175.4624,-36.7639,10.5964],[175.4628,-36.7609,6.3007],[175.4698,-36.7562,6.7496],[175.4709,-36.7535,12.4098],[175.4753,-36.7542,11.5962],[175.4785,-36.7519,0.9148],[175.4831,-36.7541,0.5643],[175.4872,-36.7591,12.4635],[175.4859,-36.7603,16.9406],[175.4866,-36.7621,21.3587],[175.489,-36.7631,0.0],[175.4951,-36.7608,3.9122],[175.4955,-36.7646,0.8746],[175.4951,-36.7734,13.2119],[175.486,-36.7775,7.1904],[175.4856,-36.7795,46.943],[175.4914,-36.7777,29.9857],[175.4967,-36.7806,8.4725],[175.5009,-36.7855,0.0],[175.5051,-36.7868,0.8973],[175.5032,-36.7894,0.0],[175.5056,-36.794,1.4003],[175.5031,-36.798,5.6688],[175.4983,-36.7991,1.2568],[175.4973,-36.8033,6.0646],[175.4903,-36.8083,3.9663],[175.4883,-36.8084,5.7685],[175.4862,-36.8058,0.0],[175.4836,-36.8061,0.9916],[175.4797,-36.8025,0.0],[175.4772,-36.8056,25.8517],[175.4724,-36.8043,0.0],[175.4736,-36.8086,16.4033],[175.4704,-36.8113,50.2426],[175.4651,-36.8113,36.3394],[175.4621,-36.8099,21.9803],[175.4612,-36.8076,0.0],[175.4583,-36.8104,10.846],[175.4539,-36.8079,0.0],[175.4427,-36.8098,19.8525],[175.4407,-36.8075,0.0],[175.4403,-36.8098,45.9934],[175.4375,-36.8113,19.7761],[175.4371,-36.8143,10.4629],[175.4314,-36.8153,2.355],[175.4312,-36.8191,11.8149],[175.423,-36.8201,0.0],[175.4246,-36.826,0.0],[175.4259,-36.8216,7.1302],[175.4316,-36.824,2.0233],[175.4322,-36.821,12.6146],[175.4356,-36.8192,22.9906],[175.4378,-36.8201,10.3026],[175.4359,-36.8219,2.112],[175.4385,-36.8243,12.5285],[175.4411,-36.8211,32.547],[175.4446,-36.822,20.6914],[175.4455,-36.8244,15.1652],[175.4502,-36.8224,31.2667],[175.4511,-36.8241,13.481],[175.4555,-36.8234,8.1926],[175.458,-36.8267,0.0],[175.4659,-36.8284,4.5269],[175.4625,-36.8334,13.5176],[175.455,-36.8312,0.0],[175.4533,-36.8338,12.2182],[175.4505,-36.8305,0.0],[175.4476,-36.8313,3.0535],[175.4472,-36.833,24.38],[175.4405,-36.8307,8.0298],[175.4394,-36.828,30.3099],[175.4361,-36.8275,0.0],[175.4308,-36.8298,25.9979],[175.4291,-36.828,5.8639],[175.4281,-36.8334,20.0501],[175.4299,-36.835,22.0234],[175.4292,-36.8385,0.0],[175.4333,-36.841,22.8394],[175.4343,-36.8439,11.8936],[175.438,-36.8448,0.0],[175.439,-36.8403,15.1525],[175.4454,-36.8369,11.3547],[175.4456,-36.8409,3.6736],[175.4482,-36.8424,7.0978],[175.4499,-36.8394,42.8908],[175.4521,-36.843,0.0],[175.4527,-36.8402,9.2771],[175.4553,-36.8423,16.7177],[175.457,-36.8395,41.7891],[175.46,-36.8406,7.3893],[175.4737,-36.8377,10.3875],[175.4789,-36.8418,4.0377],[175.4786,-36.8449,2.1337],[175.4747,-36.8432,0.9449],[175.47,-36.8445,0.5693],[175.4689,-36.8464,0.6348],[175.4741,-36.8473,0.8951],[175.4733,-36.849,1.4845],[175.4732,-36.8485,1.4845],[175.4738,-36.8478,0.8951],[175.4736,-36.8474,0.8951],[175.4694,-36.8472,0.8059],[175.4679,-36.8461,0.4824],[175.4664,-36.8501,0.7373],[175.4684,-36.8529,6.2857],[175.4669,-36.8518,6.2857],[175.4649,-36.8532,13.9804],[175.4612,-36.8528,1.8751],[175.4551,-36.8507,0.7949],[175.4459,-36.8516,16.7182],[175.4436,-36.8501,12.1946],[175.4357,-36.8544,0.0],[175.4309,-36.853,45.8141],[175.4276,-36.8542,2.2478],[175.4258,-36.8535,2.2478],[175.4251,-36.8506,2.9011],[175.4197,-36.8494,0.0],[175.4185,-36.8522,27.6696],[175.4151,-36.8542,1.364],[175.413,-36.854,24.0965],[175.411,-36.8501,12.645],[175.4099,-36.8546,55.0226],[175.4063,-36.8537,0.0],[175.4093,-36.8591,8.1296],[175.4123,-36.8596,1.2412],[175.4136,-36.8679,16.8659],[175.4217,-36.8659,22.271],[175.4236,-36.8678,0.821],[175.4232,-36.8704,2.1338],[175.422,-36.871,2.1338],[175.4176,-36.871,6.4841],[175.4167,-36.8734,15.1097],[175.4229,-36.8793,6.3097],[175.4226,-36.8857,8.1584],[175.4261,-36.8865,18.8905],[175.427,-36.8961,16.2394],[175.4305,-36.9019,5.872],[175.4359,-36.9085,2.8831],[175.4423,-36.9123,43.5611],[175.4512,-36.9231,11.7524],[175.4673,-36.9366,3.674],[175.4695,-36.9414,0.6974],[175.4878,-36.9606,17.2855],[175.4905,-36.9616,5.3548],[175.4954,-36.9706,1.1142],[175.4995,-36.9742,0.7942],[175.5002,-36.9806,20.6199],[175.4979,-36.9843,1.5147],[175.5005,-36.9838,2.5443],[175.4996,-36.9864,0.0],[175.5093,-37.0032,7.0539],[175.51,-37.0133,0.0],[175.5122,-37.0146,75.6415],[175.5139,-37.023,1.1729],[175.5161,-37.0265,1.825],[175.5152,-37.0273,1.825],[175.5179,-37.0295,2.9894],[175.5178,-37.0321,0.0],[175.5197,-37.0341,1.6427],[175.5204,-37.0401,60.1186],[175.5172,-37.0459,1.3508],[175.5232,-37.052,31.6908],[175.5242,-37.0548,4.5929],[175.5244,-37.0615,1.4228],[175.5185,-37.0705,3.4205],[175.519,-37.0778,8.7988],[175.5153,-37.0842,0.0],[175.5159,-37.0901,0.0],[175.5141,-37.0934,2.6008],[175.5164,-37.0968,35.9474],[175.5151,-37.102,8.0541],[175.518,-37.1043,8.6258],[175.5191,-37.1078,23.0171],[175.5177,-37.11,0.6631],[175.5185,-37.1138,1.1725],[175.5251,-37.1168,4.3664],[175.5312,-37.124,30.9068],[175.5308,-37.1266,3.9836],[175.5279,-37.1279,0.0],[175.5296,-37.1332,0.0],[175.5339,-37.1322,2.87],[175.5391,-37.138,4.2493],[175.5375,-37.1387,0.0],[175.5411,-37.1455,3.1056],[175.5405,-37.1486,4.8949],[175.545,-37.1578,3.6844],[175.5438,-37.1663,0.0],[175.5409,-37.1685,0.0],[175.532,-37.1688,2.5557],[175.5245,-37.1712,1.892],[175.5098,-37.1873,1.2846],[175.5044,-37.1881,1.3624],[175.5014,-37.1902,2.2969],[175.5014,-37.1945,0.9846],[175.4922,-37.1947,1.1449],[175.4871,-37.1965,1.4174],[175.4402,-37.2179,1.8638],[175.4035,-37.222,1.7118],[175.3998,-37.2247,1.048],[175.399,-37.2275,0.9141],[175.3952,-37.2295,1.5669],[175.3922,-37.2282,1.5225],[175.3946,-37.2247,1.2356],[175.3917,-37.2217,1.6589],[175.3692,-37.218,1.1548],[175.3659,-37.2191,0.989],[175.367,-37.2178,1.4865],[175.3631,-37.2158,1.8231],[175.3406,-37.2075,1.3289],[175.3239,-37.1919,1.2322],[175.3209,-37.1844,1.2027],[175.32,-37.1854,1.5325],[175.32,-37.1828,1.4329],[175.3231,-37.1824,1.1056],[175.3237,-37.1806,1.2882],[175.3198,-37.1704,0.0],[175.3106,-37.1583,0.4473],[175.3099,-37.155,1.5843],[175.3079,-37.1542,1.5814],[175.3106,-37.1546,0.2944],[175.3015,-37.1391,1.647],[175.3004,-37.1321,0.0],[175.3014,-37.1293,0.0],[175.2988,-37.1247,0.0],[175.2954,-37.1233,0.9033],[175.2952,-37.1153,1.0977],[175.2969,-37.1111,1.7093],[175.2992,-37.1102,0.7071],[175.2991,-37.0997,1.8149],[175.3008,-37.0959,1.2658],[175.3058,-37.0916,1.4355],[175.3042,-37.0867,2.1682],[175.298,-37.0799,2.3375],[175.2966,-37.0737,0.2006],[175.2972,-37.068,1.0329],[175.3026,-37.0581,0.0],[175.3033,-37.0536,0.0],[175.3004,-37.0495,1.4848],[175.3,-37.0459,4.3861],[175.2965,-37.0419,1.4418],[175.2969,-37.0383,1.0641],[175.2928,-37.0342,0.0],[175.2936,-37.0312,0.31],[175.2912,-37.0275,29.1492],[175.2913,-37.024,24.2885],[175.2679,-37.0274,216.0802],[175.2077,-37.0301,484.6054],[175.2027,-37.036,438.6738],[175.2067,-37.0373,585.7311],[175.2021,-37.0387,569.1994],[175.1971,-37.0359,482.2721],[175.1929,-37.0395,445.8693],[175.1898,-37.0387,456.4825],[175.1848,-37.0408,477.9172],[175.1787,-37.034,452.1517],[175.1785,-37.0303,432.0296],[175.1687,-37.0233,423.6285],[175.1677,-37.0211,405.5178],[175.166,-37.0214,414.9239],[175.165,-37.0172,401.1918],[175.1616,-37.0158,412.8674],[175.1521,-37.0216,421.5718],[175.1516,-37.0245,409.3761],[175.1556,-37.0298,428.6245],[175.1531,-37.0373,419.8096],[175.1548,-37.0379,412.4593],[175.1535,-37.0432,453.1717],[175.1556,-37.047,446.6842],[175.1476,-37.0549,357.7662],[175.1466,-37.0632,301.5276],[175.149,-37.0673,254.1955],[175.1455,-37.0684,263.1481],[175.1477,-37.0702,210.5678],[175.1466,-37.0712,210.5678],[175.1505,-37.0703,186.8188],[175.1483,-37.0759,267.6251],[175.146,-37.0759,321.7379],[175.1447,-37.0791,358.2698],[175.1445,-37.0872,298.4182],[175.1464,-37.0898,232.1507],[175.1408,-37.0987,376.7672],[175.1446,-37.1013,287.7599],[175.1434,-37.1086,295.838],[175.1473,-37.1099,330.1312],[175.15,-37.1197,302.1658],[175.1542,-37.121,248.3759],[175.1524,-37.1275,234.8735],[175.1539,-37.1361,293.8506],[175.1522,-37.143,337.312],[175.1482,-37.1428,218.5822],[175.1452,-37.1446,252.891],[175.1463,-37.1523,231.2809],[175.1442,-37.1677,178.3301],[175.1339,-37.1682,111.5064],[175.1402,-37.1719,115.7779],[175.1398,-37.1736,97.7052],[175.1419,-37.1758,92.4737],[175.1317,-37.1817,71.8439],[175.1326,-37.1854,53.5991],[175.1315,-37.186,53.5991],[175.1271,-37.1864,95.6774],[175.1233,-37.1848,119.6646],[175.1209,-37.1896,92.2395],[175.1135,-37.1864,168.2531],[175.1103,-37.1879,189.9155],[175.1052,-37.1814,225.0269],[175.0963,-37.1822,134.4996],[175.0956,-37.1796,124.6693],[175.0928,-37.1808,110.11],[175.0896,-37.1795,138.2795],[175.0869,-37.1822,105.5737],[175.0869,-37.1923,105.9165],[175.0738,-37.1947,194.3611],[175.0722,-37.1923,241.2709],[175.0667,-37.1909,239.5473],[175.0661,-37.1819,231.5333],[175.0545,-37.1808,281.6049],[175.0453,-37.1828,271.2974],[175.045,-37.1881,238.7888],[175.0379,-37.1884,217.4822],[175.0373,-37.1921,198.7087],[175.0327,-37.1908,228.454],[175.0326,-37.1887,241.1629],[175.0292,-37.1888,214.4019],[175.0296,-37.1962,285.117],[175.0204,-37.1996,326.7605],[175.0184,-37.1955,355.6328],[175.0142,-37.1969,291.9894],[175.0111,-37.2012,249.7371],[175.0075,-37.203,241.2296],[175.0071,-37.2055,235.5021],[174.9903,-37.2166,150.3278],[174.9812,-37.2081,157.9218],[174.9796,-37.2091,157.9218],[174.9732,-37.1948,147.3342],[174.9569,-37.1986,137.7268],[174.9526,-37.1962,111.1398],[174.948,-37.1957,131.0878],[174.9486,-37.198,99.2383],[174.9378,-37.1997,91.5406],[174.9385,-37.2024,74.2588],[174.9299,-37.2062,73.6687],[174.9364,-37.2146,76.1851],[174.932,-37.219,59.5445],[174.9309,-37.2246,59.212],[174.9325,-37.225,60.074],[174.9314,-37.2289,59.8435],[174.9328,-37.2316,58.7932],[174.9278,-37.2329,56.8554],[174.9279,-37.2311,55.3851],[174.9274,-37.2323,52.9749],[174.9243,-37.2308,50.8465],[174.9231,-37.2343,51.7185],[174.9193,-37.2366,56.0604],[174.9165,-37.2308,69.5993],[174.8893,-37.2333,172.8876],[174.8868,-37.2306,183.9494],[174.8791,-37.2346,116.021],[174.8815,-37.237,115.6597],[174.8757,-37.2406,91.6435],[174.8726,-37.2383,90.2326],[174.869,-37.245,86.3273],[174.8637,-37.2439,76.951],[174.8589,-37.2454,76.241],[174.8553,-37.2442,66.4133],[174.8504,-37.2512,107.5764],[174.8478,-37.2471,85.2591],[174.851,-37.2397,76.7308],[174.8465,-37.2385,48.1966],[174.8481,-37.2342,61.9942],[174.8435,-37.2331,58.511],[174.843,-37.2354,46.6862],[174.8274,-37.2312,53.8002],[174.8237,-37.2326,63.8402],[174.8138,-37.2284,73.5071],[174.8117,-37.2309,59.5124],[174.8063,-37.2268,65.0358],[174.8009,-37.2325,117.1883],[174.7926,-37.2345,87.5871],[174.7916,-37.2398,73.8753],[174.7846,-37.2419,68.9173],[174.7775,-37.2413,85.4217],[174.7731,-37.243,76.4316],[174.7693,-37.2477,80.0089],[174.7568,-37.2516,46.7664],[174.756,-37.2541,34.9497],[174.7389,-37.2679,20.6531],[174.7328,-37.2686,17.0979],[174.7315,-37.2629,19.298],[174.7271,-37.2629,13.5855],[174.726,-37.2648,12.4756],[174.7225,-37.2581,20.104],[174.713,-37.2593,30.8948],[174.7092,-37.2618,33.7973],[174.6999,-37.2616,38.1433],[174.6893,-37.2662,67.3495],[174.6745,-37.2754,109.0685],[174.6582,-37.282,53.5539],[174.6577,-37.2839,51.9032],[174.6617,-37.2884,62.5958],[174.661,-37.2918,48.8517],[174.6592,-37.2926,4.471],[174.66,-37.2945,0.0],[174.6916,-37.3572,0.0],[174.7093,-37.3663,0.0],[174.7203,-37.3798,0.0],[174.7258,-37.3804,2.8757],[174.7307,-37.3787,4.0767],[174.7404,-37.3725,20.7757],[174.7449,-37.3672,0.0],[174.744,-37.3638,19.5246],[174.7459,-37.3591,5.1928],[174.7438,-37.3555,23.7644],[174.745,-37.352,3.1617],[174.7432,-37.3491,0.0],[174.7374,-37.3464,19.9067],[174.7407,-37.3418,0.1277],[174.7754,-37.345,0.0],[174.7684,-37.3512,3.3531],[174.7675,-37.358,61.0095],[174.7638,-37.3609,3.0007],[174.7635,-37.363,55.6477],[174.7583,-37.365,10.8054],[174.7556,-37.368899999999996,5.3652],[174.7526,-37.3691,2.0215],[174.7523,-37.3729,2.987],[174.7465,-37.3779,0.0],[174.7466,-37.381,0.0],[174.741,-37.3857,35.7691],[174.7335,-37.3862,0.0],[174.7306,-37.3849,4.1599],[174.7289,-37.3896,14.4103],[174.7225,-37.3896,3.7924],[174.7214,-37.3872,0.0],[174.7232,-37.3866,0.0],[174.7139,-37.3821,0.0],[174.707,-37.3763,4.1096],[174.706,-37.3811,6.099],[174.7105,-37.3983,9.8026],[174.7086,-37.4008,4.2435],[174.7029,-37.4028,0.0],[174.7045,-37.4115,15.0531],[174.702,-37.4123,2.641],[174.7029,-37.4135,8.2576],[174.7,-37.417,17.315],[174.7027,-37.4213,3.4923],[174.7029,-37.4257,0.0],[174.7048,-37.427,3.4773],[174.7036,-37.4284,23.8811],[174.705,-37.4379,18.4578],[174.7123,-37.4447,0.0],[174.7131,-37.444,6.8307],[174.718,-37.4613,5.1782],[174.7234,-37.463,13.6415],[174.7214,-37.4665,0.0],[174.725,-37.4728,48.2776],[174.7282,-37.4739,12.2525],[174.7274,-37.4761,0.0],[174.7296,-37.4778,10.7705],[174.7396,-37.4973,0.0],[174.7392,-37.5012,19.82],[174.7409,-37.5017,88.1255],[174.7409,-37.5037,26.0468],[174.7475,-37.5048,3.3838],[174.745,-37.5082,12.9348],[174.7467,-37.5156,54.9985],[174.7447,-37.5202,13.6035],[174.7473,-37.52,76.6905],[174.7559,-37.531,14.7297],[174.7636,-37.5508,0.0],[174.766,-37.5536,6.8583],[174.7667,-37.5601,0.3877],[174.7687,-37.5609,47.8845],[174.7704,-37.5756,20.7542],[174.7734,-37.5771,33.6061],[174.7697,-37.5819,43.8555],[174.7705,-37.5892,26.6807],[174.7733,-37.593,0.0],[174.7709,-37.5999,3.2881],[174.7737,-37.6006,39.0169],[174.7792,-37.6105,3.9217],[174.7861,-37.6159,5.7199],[174.7841,-37.6195,35.8004],[174.7855,-37.6236,3.4748],[174.7908,-37.632,10.5749],[174.7939,-37.6329,27.5734],[174.7934,-37.6388,3.9343],[174.796,-37.6452,7.1383],[174.797,-37.655,47.2598],[174.8,-37.6572,16.4805],[174.8013,-37.6643,0.0],[174.8082,-37.6762,1.0976],[174.8096,-37.6764,3.7915],[174.8097,-37.6809,0.0],[174.8124,-37.6855,3.6555],[174.8117,-37.6971,13.4145],[174.816,-37.7036,63.524],[174.8165,-37.7095,0.0],[174.8209,-37.7205,5.0185],[174.825,-37.7206,10.898],[174.8213,-37.7222,22.8989],[174.8201,-37.7353,17.3648],[174.8228,-37.7376,44.0893],[174.823,-37.7405,34.6292],[174.8252,-37.7414,18.8384],[174.8307,-37.7568,8.0465],[174.8344,-37.7723,6.4591],[174.8344,-37.7772,5.6538],[174.833,-37.7783,0.0],[174.8353,-37.7809,23.633],[174.8384,-37.7963,0.0],[174.8426,-37.799,0.0],[174.8548,-37.7982,0.0],[174.8613,-37.7941,26.1975],[174.8617,-37.7902,35.3932],[174.8639,-37.7918,4.1149],[174.8709,-37.789,6.3576],[174.8689,-37.787,15.8859],[174.8738,-37.7835,6.1513],[174.8701,-37.783,23.6275],[174.8707,-37.7821,5.2314],[174.8648,-37.778,17.3303],[174.8655,-37.7764,5.8431],[174.8601,-37.7775,3.1712],[174.8583,-37.7761,8.9157],[174.8598,-37.7752,8.9157],[174.8609,-37.7766,3.1712],[174.8647,-37.7739,19.2542],[174.869,-37.7753,10.7557],[174.868,-37.7782,0.0],[174.8734,-37.7808,10.7431],[174.8805,-37.7772,0.0],[174.882,-37.7743,17.4813],[174.8851,-37.7785,12.6197],[174.8802,-37.7794,1.261],[174.8771,-37.7858,5.7253],[174.8761,-37.7853,0.0],[174.8765,-37.7884,2.1472],[174.8856,-37.7824,10.9929],[174.888,-37.7874,4.9901],[174.892,-37.7872,22.5597],[174.8952,-37.7906,17.9993],[174.8992,-37.7917,0.0],[174.9011,-37.7906,0.0],[174.9015,-37.7885,5.8868],[174.8985,-37.7836,39.8206],[174.8993,-37.7801,0.0],[174.9036,-37.7766,3.6256],[174.9014,-37.7749,5.7046],[174.9072,-37.7714,0.0],[174.9102,-37.7664,1.7274],[174.9058,-37.7639,0.0],[174.9024,-37.7689,10.0322],[174.9037,-37.7639,1.5815],[174.9005,-37.7651,8.4713],[174.8973,-37.7636,11.2448],[174.9021,-37.7639,0.0],[174.9057,-37.7621,3.9373],[174.906,-37.759,3.4782],[174.9043,-37.7581,11.6264],[174.9138,-37.7596,0.0],[174.916,-37.7541,0.0],[174.915,-37.7523,21.4526],[174.9196,-37.7534,0.0],[174.9173,-37.7453,2.473],[174.9144,-37.7457,16.0514],[174.9127,-37.7431,31.9581],[174.9219,-37.7423,21.377],[174.9219,-37.7452,3.2269],[174.9259,-37.7466,15.1634],[174.9241,-37.7486,28.0181],[174.9249,-37.7518,5.4811],[174.9278,-37.7527,23.1459],[174.9275,-37.7547,0.0],[174.9292,-37.7553,9.3093],[174.9338,-37.7494,36.8841],[174.9339,-37.7458,0.9596],[174.9368,-37.7398,0.0],[174.9338,-37.7383,16.4147],[174.9366,-37.7364,0.0],[174.9325,-37.733,13.9643],[174.9336,-37.7324,27.2934],[174.9378,-37.7344,19.2642],[174.94,-37.7393,0.0],[174.939,-37.7422,3.6827],[174.9404,-37.7431,17.7792],[174.9374,-37.7481,0.0],[174.9389,-37.7525,8.0396],[174.9453,-37.753,0.0],[174.9476,-37.7499,3.976],[174.9456,-37.7482,18.8279],[174.9471,-37.7475,18.4184],[174.953,-37.7503,2.0254],[174.9478,-37.7466,18.4184],[174.9481,-37.7452,24.0305],[174.9505,-37.7452,5.3051],[174.946,-37.7445,14.3798],[174.9454,-37.7423,19.3472],[174.9514,-37.7442,8.1663],[174.9526,-37.7403,3.5744],[174.9544,-37.7396,3.5744],[174.9529,-37.7335,2.5424],[174.9492,-37.7346,29.3422],[174.9527,-37.7318,3.0051],[174.9527,-37.728,7.9413],[174.9501,-37.7255,22.1755],[174.9525,-37.7244,36.6821],[174.9542,-37.7272,8.6406],[174.956,-37.7413,1.7932],[174.958,-37.7435,3.0436],[174.9564,-37.7447,20.1275],[174.9531,-37.7423,5.0428],[174.9517,-37.7479,8.87],[174.9534,-37.7479,7.5996],[174.9537,-37.7447,6.0516],[174.9543,-37.745,6.0516],[174.9539,-37.7471,7.5996],[174.957,-37.7463,8.8046],[174.9556,-37.7493,3.4867],[174.9586,-37.7526,64.7321],[174.9568,-37.7529,8.0701],[174.9548,-37.7504,5.5504],[174.951,-37.7518,16.9373],[174.9525,-37.7531,37.6766],[174.9513,-37.7544,14.0566],[174.9529,-37.7553,27.7432],[174.952,-37.7568,3.9465],[174.9558,-37.7579,18.737],[174.9524,-37.7591,2.049],[174.9521,-37.7659,1.5621],[174.9533,-37.7672,6.7321],[174.9593,-37.7659,34.1116],[174.9624,-37.7689,10.9943],[174.9621,-37.771,5.4615],[174.9675,-37.7735,15.5028],[174.9661,-37.775,26.8895],[174.9649,-37.7734,3.4177],[174.9607,-37.7732,9.3064],[174.9586,-37.7758,12.0977],[174.951,-37.778,11.1095],[174.9367,-37.7754,6.348],[174.9319,-37.7754,4.2775],[174.9317,-37.777,32.4871],[174.9295,-37.7716,21.7597],[174.9275,-37.7707,0.0],[174.9265,-37.7724,19.8273],[174.92,-37.7749,19.9134],[174.918,-37.7787,18.9736],[174.9112,-37.7802,0.0],[174.9128,-37.7861,0.0],[174.9167,-37.7885,0.0],[174.921,-37.7843,17.0549],[174.9225,-37.7866,0.0],[174.926,-37.7857,37.1577],[174.9276,-37.7887,5.9211],[174.9251,-37.7897,14.4649],[174.9247,-37.7935,20.5173],[174.9274,-37.7959,15.9859],[174.9334,-37.7927,26.3085],[174.9324,-37.7908,16.9275],[174.9334,-37.7856,34.4921],[174.9511,-37.7793,11.1095],[174.9548,-37.7823,11.5134],[174.9613,-37.784,22.0522],[174.9633,-37.7866,0.0],[174.9693,-37.788,16.8854],[174.9677,-37.794,0.0],[174.9744,-37.7972,8.5127],[174.9731,-37.7974,8.5127],[174.9742,-37.7987,3.7412],[174.9728,-37.8046,16.4028],[174.9723,-37.8027,2.1425],[174.9698,-37.8029,3.4944],[174.9647,-37.7992,11.007],[174.9648,-37.7961,0.0],[174.9635,-37.7963,7.3597],[174.964,-37.7984,11.007],[174.9625,-37.7979,14.0446],[174.9637,-37.7917,3.1751],[174.9564,-37.7921,0.0],[174.9561,-37.7963,16.7393],[174.9534,-37.7934,6.4748],[174.9543,-37.7914,7.698],[174.9473,-37.7889,0.0],[174.947,-37.7948,0.0],[174.9518,-37.7993,7.407],[174.9506,-37.801,7.4085],[174.9538,-37.8036,5.1268],[174.9519,-37.8059,7.0136],[174.9492,-37.8057,0.0],[174.9486,-37.8087,5.534],[174.9458,-37.8088,13.92],[174.9469,-37.8045,1.1793],[174.9444,-37.8039,7.0885],[174.9459,-37.8026,3.0724],[174.944,-37.8022,8.2734],[174.9459,-37.8003,3.22],[174.9443,-37.7997,3.22],[174.9451,-37.7982,1.9344],[174.9404,-37.7966,5.9094],[174.9388,-37.7995,0.0],[174.9402,-37.8008,7.3536],[174.9378,-37.8026,21.6079],[174.9387,-37.7889,0.0],[174.9379,-37.7898,0.0],[174.9377,-37.7937,2.1042],[174.9344,-37.7985,23.5513],[174.9328,-37.7967,3.1567],[174.9295,-37.8005,17.435],[174.93,-37.7969,3.0824],[174.927,-37.7995,10.8529],[174.9277,-37.7971,2.8426],[174.9235,-37.799,27.2006],[174.924,-37.7955,1.8057],[174.9225,-37.7935,2.224],[174.9187,-37.7964,0.0],[174.921,-37.7985,1.8527],[174.9202,-37.8025,1.62],[174.9286,-37.806,10.2769],[174.9286,-37.8081,13.9264],[174.9156,-37.809,7.7935],[174.914,-37.8103,2.8502],[174.9147,-37.8122,20.0053],[174.9142,-37.8121,20.0053],[174.9133,-37.8106,21.7841],[174.9125,-37.8104,21.7841],[174.9144,-37.806,7.4937],[174.9134,-37.8048,7.4937],[174.9152,-37.8036,2.5329],[174.9076,-37.8013,6.5068],[174.8994,-37.8048,13.4698],[174.8993,-37.8076,4.3614],[174.9012,-37.8065,14.4572],[174.8997,-37.8092,18.2482],[174.9039,-37.8124,10.0761],[174.9023,-37.8129,0.0],[174.902,-37.8169,12.6399],[174.9013,-37.8123,0.0],[174.899,-37.8118,6.1154],[174.898,-37.8096,12.3414],[174.8967,-37.8114,28.2872],[174.8978,-37.8082,14.1717],[174.8952,-37.8048,17.041],[174.896,-37.802,11.1551],[174.8911,-37.7992,0.0],[174.8884,-37.8017,17.4015],[174.8798,-37.7943,0.0],[174.875,-37.796,1.3098],[174.8762,-37.7996,9.4089],[174.8724,-37.7961,0.0],[174.8678,-37.7979,0.0],[174.8668,-37.7996,3.5368],[174.8683,-37.8032,18.6066],[174.8649,-37.8069,8.7971],[174.8671,-37.8104,2.0252],[174.8693,-37.8068,10.0719],[174.8751,-37.8082,0.0],[174.8747,-37.8063,7.6796],[174.8794,-37.8063,5.947],[174.878,-37.8072,0.0],[174.8774,-37.8114,15.1562],[174.8727,-37.8105,5.3187],[174.8708,-37.8123,0.0],[174.8726,-37.8174,15.6803],[174.8781,-37.8188,9.8063],[174.8763,-37.821,10.101],[174.8807,-37.8219,14.1477],[174.8765,-37.8238,8.8716],[174.8762,-37.8252,0.0],[174.8787,-37.8273,9.8722],[174.8775,-37.8288,8.606],[174.8743,-37.8257,0.0],[174.8701,-37.8316,17.519],[174.8689,-37.8303,15.5503],[174.8705,-37.8301,1.2301],[174.8708,-37.8275,10.5343],[174.8748,-37.8239,0.0],[174.8731,-37.8193,0.0],[174.8696,-37.8177,15.4173],[174.8655,-37.8124,2.0786],[174.8639,-37.815,7.3654],[174.8647,-37.8174,12.8463],[174.8634,-37.8173,5.9015],[174.8627,-37.8195,0.0],[174.8641,-37.822,15.3092],[174.863,-37.8239,11.1149],[174.862,-37.8231,11.1149],[174.8602,-37.8187,6.2624],[174.8623,-37.817,5.9015],[174.8625,-37.8141,9.4071],[174.861,-37.8124,2.4926],[174.8592,-37.813,11.2269],[174.8594,-37.8114,13.7193],[174.8633,-37.8113,3.7173],[174.8615,-37.8071,6.8785],[174.8599,-37.8063,6.8785],[174.8544,-37.8085,7.3806],[174.8513,-37.8076,1.6575],[174.85,-37.8114,10.7336],[174.8463,-37.8112,4.0528],[174.8479,-37.8107,2.2751],[174.8498,-37.811,4.1564],[174.8503,-37.8069,1.6575],[174.862,-37.8054,1.141],[174.8653,-37.8005,1.4231],[174.863,-37.8006,0.0],[174.8584,-37.8049,3.0043],[174.8555,-37.8055,1.4167],[174.8437,-37.8039,2.3906],[174.8339,-37.8086,0.0],[174.8251,-37.8217,30.8572],[174.818,-37.8236,22.9037],[174.8109,-37.821,0.0],[174.8006,-37.8228,0.0],[174.7979,-37.8249,32.5207],[174.7958,-37.8241,5.7078],[174.7972,-37.823,0.0],[174.7932,-37.8233,23.1412],[174.7875,-37.8274,10.2545],[174.7768,-37.8313,78.7206],[174.7667,-37.8421,8.1372],[174.7612,-37.857,103.886],[174.7582,-37.8589,11.4788],[174.7592,-37.8611,86.5203],[174.757,-37.8633,79.471],[174.7573,-37.8652,54.3856],[174.7634,-37.869,92.5249],[174.7636,-37.8707,67.7823],[174.7618,-37.8715,2.5803],[174.7637,-37.8718,49.8805],[174.7653,-37.8761,88.1936],[174.7637,-37.883,59.2094],[174.7568,-37.8853,0.0],[174.76,-37.8862,71.206],[174.7591,-37.889,44.7745],[174.7637,-37.8889,42.797],[174.7652,-37.8912,21.7908],[174.7707,-37.9048,1.4831],[174.7733,-37.9162,0.0],[174.7745,-37.9165,0.0],[174.7827,-37.9386,0.0],[174.781,-37.9395,0.0],[174.7846,-37.9433,9.1947],[174.7858,-37.9569,24.5726],[174.7878,-37.9597,38.8261],[174.7844,-37.9598,55.3046],[174.7819,-37.9639,30.4581],[174.7815,-37.9743,11.7507],[174.7801,-37.9773,7.4796],[174.7857,-37.9798,6.244],[174.7858,-37.9827,47.3325],[174.7881,-37.9846,11.4934],[174.7921,-38.0073,1.0137],[174.7957,-38.0155,0.0],[174.7979,-38.0153,0.0],[174.798,-38.0091,0.0],[174.7995,-38.0068,0.0],[174.806,-38.0022,1.5808],[174.8161,-37.9992,4.7169],[174.8171,-37.9957,41.2349],[174.8305,-37.9933,0.0],[174.8338,-37.9897,0.4981],[174.834,-37.9862,0.6533],[174.8304,-37.983,12.89],[174.821,-37.9847,31.8134],[174.8174,-37.9832,9.9647],[174.8164,-37.9801,7.2443],[174.8203,-37.9755,1.6186],[174.8188,-37.9728,0.0],[174.816,-37.9718,25.2898],[174.8143,-37.9646,15.002],[174.8161,-37.9622,4.2016],[174.8194,-37.9625,0.3455],[174.82,-37.9603,1.2937],[174.8252,-37.9562,3.0718],[174.8239,-37.9547,13.7811],[174.8268,-37.9536,11.1589],[174.828,-37.957,7.4521],[174.8314,-37.9572,2.5339],[174.8334,-37.9546,0.8414],[174.8376,-37.9542,0.0],[174.8379,-37.9522,2.6654],[174.8435,-37.9511,8.7749],[174.8426,-37.9493,18.2864],[174.8464,-37.9471,0.0],[174.8431,-37.9443,21.6141],[174.8437,-37.9441,24.0607],[174.8454,-37.9449,41.5941],[174.8468,-37.9428,6.6181],[174.8462,-37.9414,6.6181],[174.8441,-37.9417,45.7855],[174.845,-37.9409,53.0694],[174.8467,-37.9404,8.5194],[174.8481,-37.9406,0.0],[174.8478,-37.9379,10.9266],[174.8507,-37.9364,1.8279],[174.8481,-37.936,10.4514],[174.8507,-37.9323,31.3031],[174.8524,-37.9322,5.7661],[174.849,-37.9356,10.4514],[174.8524,-37.9368,4.667],[174.8514,-37.9386,12.8867],[174.8489,-37.938,1.5019],[174.85,-37.9403,16.1353],[174.8488,-37.9433,1.9575],[174.8519,-37.9452,11.1651],[174.8501,-37.9467,5.6094],[174.8508,-37.9518,0.0],[174.8588,-37.9516,0.0],[174.8673,-37.9465,7.2172],[174.8671,-37.9479,7.2172],[174.8703,-37.9475,9.2848],[174.8719,-37.9517,0.0],[174.8752,-37.9528,10.6661],[174.8786,-37.9595,11.9367],[174.8841,-37.9602,5.2869],[174.888,-37.9578,28.0283],[174.8899,-37.9591,5.7191],[174.8891,-37.9627,14.5633],[174.8938,-37.9618,9.2442],[174.8955,-37.963,6.0988],[174.8914,-37.965,12.1909],[174.8872,-37.9617,3.8435],[174.8824,-37.9622,7.5485],[174.8804,-37.9653,19.2877],[174.8819,-37.969,7.3669],[174.878,-37.9664,6.4311],[174.8732,-37.969,2.4795],[174.8769,-37.9758,10.2001],[174.8739,-37.9735,3.8796],[174.8698,-37.9763,0.0],[174.8704,-37.9786,6.4914],[174.868,-37.9792,0.0],[174.8672,-37.9841,5.8371],[174.8647,-37.9851,15.004],[174.8655,-37.9887,3.9739],[174.8696,-37.9911,8.3137],[174.8682,-37.9911,8.3137],[174.8678,-37.9931,0.0],[174.8729,-37.9977,33.5335],[174.8676,-37.9967,18.2236],[174.8652,-37.9908,2.548],[174.8606,-37.9895,0.0],[174.8583,-37.9942,7.8489],[174.8606,-37.9958,14.2389],[174.8583,-37.9958,4.3359],[174.8567,-37.9971,5.3506],[174.8574,-37.9987,8.7137],[174.8548,-37.9992,1.2595],[174.8587,-38.0017,3.2288],[174.8517,-38.0024,3.4428],[174.8542,-38.006,18.4591],[174.8529,-38.0122,0.0],[174.8551,-38.016,3.8118],[174.8509,-38.0139,3.0932],[174.8476,-38.0093,0.0],[174.8463,-38.0145,21.4736],[174.8442,-38.0161,0.0],[174.8477,-38.0212,22.2167],[174.8509,-38.0224,5.7189],[174.8486,-38.0247,8.2003],[174.8447,-38.023,8.4158],[174.8351,-38.0254,14.0436],[174.8345,-38.0236,8.3439],[174.8378,-38.0207,0.0],[174.8318,-38.0167,12.1254],[174.8229,-38.0193,3.2953],[174.8221,-38.0183,6.8672],[174.8242,-38.0159,21.7633],[174.8247,-38.0123,48.5413],[174.8285,-38.0086,0.0],[174.8207,-38.0063,0.5026],[174.8143,-38.0089,0.0],[174.8064,-38.0161,11.7354],[174.7982,-38.019,9.5399],[174.7934,-38.025,2.6403],[174.7895,-38.0272,0.0],[174.7858,-38.0325,1.0057],[174.7828,-38.0534,1.9912],[174.7784,-38.0679,0.0],[174.7782,-38.0826,0.0],[174.782,-38.0845,0.0],[174.7864,-38.0808,21.1972],[174.7941,-38.0797,0.0],[174.8047,-38.0807,0.0],[174.8111,-38.0791,1.2225],[174.8169,-38.0702,1.6267],[174.8252,-38.0646,0.0],[174.8226,-38.0647,11.188],[174.8289,-38.0598,0.6544],[174.8299,-38.0546,0.0],[174.8278,-38.0492,0.2701],[174.8281,-38.0448,2.1254],[174.8322,-38.0444,4.2758],[174.8344,-38.046,6.6903],[174.8422,-38.0396,4.5352],[174.8432,-38.0396,4.5352],[174.8409,-38.0419,1.238],[174.8438,-38.0442,10.6633],[174.8427,-38.0462,6.6364],[174.8407,-38.0443,0.0],[174.8394,-38.0475,31.1526],[174.8411,-38.0508,6.2871],[174.8409,-38.0584,0.0],[174.8421,-38.0601,0.0],[174.8442,-38.0577,32.3153],[174.8471,-38.0579,30.6246],[174.8461,-38.0611,30.0378],[174.8473,-38.0616,1.3815],[174.8533,-38.0573,55.6078],[174.854,-38.0536,0.0],[174.8564,-38.0509,1.17],[174.8538,-38.0435,1.0],[174.8588,-38.0368,5.3071],[174.8559,-38.0418,20.3104],[174.8576,-38.0455,5.0391],[174.8613,-38.0471,6.6971],[174.8586,-38.0474,3.2228],[174.86,-38.0493,27.0364],[174.8588,-38.0526,4.75],[174.8566,-38.0513,0.6189],[174.8598,-38.0558,0.0],[174.8669,-38.0536,0.0],[174.8743,-38.0486,2.7175],[174.8791,-38.0492,31.9337],[174.8884,-38.0467,3.2048],[174.8865,-38.0511,0.0],[174.8794,-38.0528,0.0],[174.8823,-38.0571,2.203],[174.8901,-38.0563,0.0],[174.8917,-38.0584,1.9625],[174.8902,-38.0648,0.0],[174.9003,-38.0565,0.0],[174.9038,-38.0564,0.0],[174.9067,-38.0542,13.8101],[174.9065,-38.0512,3.3411],[174.9052,-38.0511,3.3411],[174.9067,-38.051,3.3411],[174.9077,-38.0538,1.4194],[174.9084,-38.0499,2.8347],[174.909,-38.0536,1.4194],[174.9111,-38.0551,2.3366],[174.9072,-38.0551,1.7771],[174.9075,-38.058,16.6888],[174.9064,-38.0585,21.1999],[174.9024,-38.0579,0.0],[174.9022,-38.0604,8.0689],[174.8967,-38.0626,0.0],[174.8938,-38.0679,0.0],[174.8956,-38.0705,1.1802],[174.8991,-38.0657,15.0442],[174.9073,-38.0659,13.4818],[174.8972,-38.0719,0.0],[174.8999,-38.0751,1.1823],[174.8945,-38.0759,1.1804],[174.8903,-38.0718,0.4516],[174.8839,-38.069,2.3349],[174.8769,-38.0746,5.4479],[174.8759,-38.0783,0.0],[174.8788,-38.0759,6.1782],[174.8823,-38.0783,0.0],[174.8926,-38.0792,7.7112],[174.9022,-38.0751,1.5953],[174.9113,-38.079,0.9644],[174.9129,-38.0743,28.83],[174.9145,-38.076,0.2863],[174.9174,-38.075,3.5404],[174.9125,-38.0818,7.863],[174.91,-38.0824,6.2397],[174.9084,-38.0811,0.0],[174.9034,-38.0839,10.8953],[174.9077,-38.0865,0.0],[174.9125,-38.0844,16.175],[174.9136,-38.0851,15.684],[174.9128,-38.0905,0.0],[174.9148,-38.0898,9.7051],[174.9151,-38.0878,36.2932],[174.9187,-38.0877,15.8511],[174.9212,-38.0919,1.3042],[174.9164,-38.0879,13.3106],[174.9162,-38.0922,2.0459],[174.9118,-38.093,49.103],[174.9101,-38.09,19.4995],[174.9107,-38.0877,0.0],[174.9082,-38.0887,20.2637],[174.9038,-38.0873,5.4655],[174.9032,-38.0897,1.3747],[174.906,-38.0903,4.2872],[174.9038,-38.0916,16.0558],[174.8989,-38.089,4.0885],[174.8975,-38.0962,8.9827],[174.8957,-38.0905,12.7352],[174.899,-38.0874,0.0],[174.896,-38.0857,0.7023],[174.8887,-38.0886,6.6908],[174.8886,-38.091,3.1322],[174.8832,-38.0894,0.0],[174.8796,-38.0938,0.0],[174.873,-38.0943,0.0],[174.8712,-38.0967,13.246],[174.8712,-38.0952,5.5409],[174.8693,-38.0952,0.0],[174.8699,-38.097,3.365],[174.8654,-38.0986,0.0],[174.8669,-38.0994,14.9105],[174.8671,-38.1032,0.0],[174.8694,-38.1035,0.657],[174.8668,-38.1053,4.4999],[174.8695,-38.1072,4.2497],[174.8715,-38.1056,26.5671],[174.8739,-38.1063,2.6612],[174.8757,-38.1112,12.7354],[174.8743,-38.114,25.1758],[174.8753,-38.1154,7.1964],[174.8797,-38.1136,23.1334],[174.8849,-38.1143,3.1303],[174.8862,-38.1118,31.8182],[174.8913,-38.1103,1.3428],[174.8944,-38.1067,7.1178],[174.892,-38.1112,1.3428],[174.8863,-38.115,0.0],[174.8896,-38.1164,1.0349],[174.8922,-38.1151,11.3113],[174.8907,-38.1166,17.7173],[174.8921,-38.1176,17.7173],[174.8907,-38.1175,17.7173],[174.8923,-38.1197,26.7976],[174.8882,-38.1195,31.8258],[174.8878,-38.1176,0.0],[174.8832,-38.1165,17.249],[174.8813,-38.1201,19.1529],[174.8802,-38.1162,0.0],[174.878,-38.1165,0.9766],[174.8768,-38.1202,20.8804],[174.8745,-38.1177,0.0],[174.8729,-38.1194,13.8027],[174.874,-38.1209,9.8406],[174.8715,-38.1213,6.6812],[174.873,-38.1214,27.5838],[174.8746,-38.1269,24.4922],[174.8692,-38.1211,0.0],[174.8676,-38.1222,2.5594],[174.8683,-38.1233,17.3182],[174.8662,-38.1237,9.3088],[174.8665,-38.1206,1.6711],[174.8627,-38.1214,22.5445],[174.8672,-38.1191,1.3305],[174.8636,-38.1169,30.1602],[174.8646,-38.1143,0.322],[174.8608,-38.114,17.7509],[174.863,-38.1131,9.8054],[174.8607,-38.1108,13.2019],[174.8619,-38.1078,2.4653],[174.8607,-38.1069,2.792],[174.8599,-38.1091,8.187],[174.8591,-38.1084,17.1906],[174.8608,-38.1043,5.2613],[174.8592,-38.0995,0.0],[174.8564,-38.1011,0.0],[174.8538,-38.1002,0.0],[174.8524,-38.1023,0.0],[174.8549,-38.1018,12.0811],[174.855,-38.104,12.4971],[174.8528,-38.1034,3.3151],[174.8497,-38.107,4.6152],[174.8527,-38.1074,7.3465],[174.8498,-38.1096,22.0011],[174.85,-38.1136,15.1158],[174.8528,-38.1121,18.9642],[174.8563,-38.1132,4.6811],[174.8542,-38.1169,18.5582],[174.8549,-38.1194,5.5591],[174.8517,-38.1149,4.5561],[174.8493,-38.1176,2.9167],[174.8466,-38.1165,5.3695],[174.8483,-38.1149,1.1635],[174.8459,-38.1087,1.2348],[174.8495,-38.1045,6.2452],[174.8479,-38.1022,0.0],[174.844,-38.1059,2.7038],[174.8411,-38.103,10.7713],[174.8382,-38.1036,8.4795],[174.8362,-38.105,0.0],[174.8367,-38.1066,6.0472],[174.8316,-38.1075,3.909],[174.8329,-38.11,20.551],[174.8304,-38.1093,3.2601],[174.83,-38.1077,0.0],[174.8272,-38.1077,0.0],[174.828,-38.1096,16.6263],[174.8263,-38.1113,0.0],[174.8301,-38.1135,3.1978],[174.8298,-38.1174,3.7227],[174.8251,-38.1213,24.7265],[174.82,-38.1215,16.1231],[174.8196,-38.1227,16.1231],[174.823,-38.1252,13.5448],[174.818,-38.1257,0.0],[174.8184,-38.1289,0.0],[174.828,-38.1257,20.5897],[174.8277,-38.1272,15.544],[174.8294,-38.1274,7.5795],[174.8321,-38.1233,10.0672],[174.8329,-38.1258,0.0],[174.8359,-38.1245,9.042],[174.8353,-38.1182,5.6084],[174.8369,-38.118,5.6084],[174.8381,-38.1201,1.766],[174.8373,-38.1176,23.156],[174.8425,-38.117,10.6399],[174.8414,-38.1188,8.3373],[174.8424,-38.1201,22.376],[174.8401,-38.1212,7.2467],[174.8435,-38.1238,14.382],[174.8429,-38.1283,0.0],[174.847,-38.128,0.0],[174.8465,-38.1267,17.1005],[174.8554,-38.1294,32.3625],[174.8518,-38.1377,3.5525],[174.8583,-38.1403,14.8775],[174.8562,-38.1478,19.9379],[174.852,-38.1511,4.7381],[174.8575,-38.152,6.6603],[174.8546,-38.1552,26.6713],[174.8535,-38.1549,16.6199],[174.8558,-38.1519,6.6603],[174.8529,-38.1529,12.5934],[174.8513,-38.1515,59.0445],[174.8545,-38.1471,0.0],[174.8524,-38.1465,20.8435],[174.8552,-38.1421,0.0],[174.8546,-38.141,0.0],[174.8515,-38.1415,42.3873],[174.8496,-38.139,0.0],[174.8501,-38.1357,0.0],[174.8477,-38.1342,4.5248],[174.8496,-38.1302,0.0],[174.8482,-38.1294,0.0],[174.8457,-38.1316,40.3305],[174.8417,-38.1306,0.0],[174.8378,-38.1339,20.5658],[174.8372,-38.1366,29.9806],[174.835,-38.133,2.3256],[174.833,-38.1371,0.0],[174.8332,-38.1408,31.7368],[174.8351,-38.142,0.0],[174.8336,-38.1441,9.5422],[174.8346,-38.1458,2.2059],[174.8288,-38.1579,2.9532],[174.8264,-38.1559,0.0],[174.8217,-38.158,9.3716],[174.8205,-38.1565,6.5857],[174.8275,-38.1504,0.0],[174.8283,-38.1422,0.0],[174.8219,-38.1445,0.0],[174.8174,-38.1496,19.156],[174.8162,-38.1497,12.6021],[174.8147,-38.1455,5.0222],[174.8227,-38.138,2.3925],[174.8236,-38.1336,1.68],[174.8132,-38.1376,4.5899],[174.8101,-38.1419,5.6412],[174.8073,-38.1427,11.7722],[174.8099,-38.1345,21.1393],[174.8093,-38.1312,0.0],[174.8058,-38.1299,22.3873],[174.8049,-38.1193,0.0],[174.7982,-38.1224,7.1487],[174.7941,-38.1225,15.4816],[174.7984,-38.1262,31.3553],[174.798,-38.135,13.6559],[174.7949,-38.1359,7.3715],[174.7938,-38.1328,1.1858],[174.7913,-38.1357,36.3424],[174.792,-38.1325,1.1858],[174.795,-38.1319,0.0],[174.7919,-38.13,5.8818],[174.7841,-38.1349,16.0661],[174.784,-38.1332,7.5102],[174.7858,-38.1304,0.0],[174.7826,-38.1289,16.0772],[174.7806,-38.1298,8.9932],[174.7781,-38.1364,32.3181],[174.7779,-38.1288,0.0],[174.775,-38.1293,28.1512],[174.7744,-38.1254,33.9844],[174.7773,-38.1243,8.3809],[174.776,-38.1218,0.0],[174.7787,-38.1206,9.2622],[174.7758,-38.1178,0.0],[174.7773,-38.1162,0.0],[174.7746,-38.1152,38.8564],[174.7788,-38.1091,0.0],[174.7748,-38.1106,0.0],[174.77,-38.1199,12.8887],[174.7676,-38.1183,3.7384],[174.7619,-38.12,10.3674],[174.7617,-38.118,5.8224],[174.7663,-38.1177,16.0023],[174.7672,-38.1151,61.2475],[174.763,-38.1119,19.0173],[174.7574,-38.1128,16.1281],[174.7631,-38.1076,28.0924],[174.7667,-38.1107,0.0],[174.7689,-38.1102,5.6517],[174.7686,-38.1064,0.0],[174.7706,-38.1032,8.0793],[174.7702,-38.0974,2.354],[174.7725,-38.0943,2.6049],[174.7755,-38.0932,0.0],[174.7742,-38.0911,18.7113],[174.7752,-38.0885,4.3257],[174.7722,-38.0895,2.9548],[174.7702,-38.0877,0.0],[174.7651,-38.1014,8.9786],[174.7561,-38.1119,35.8316],[174.7425,-38.1166,0.0],[174.7423,-38.1185,21.9091],[174.7345,-38.124,20.193],[174.7287,-38.1226,0.0],[174.7234,-38.1232,40.8862],[174.7203,-38.1194,0.0],[174.7205,-38.1215,26.555],[174.7164,-38.1218,16.8253],[174.7064,-38.1205,19.6308],[174.6999,-38.1168,3.9287],[174.6976,-38.1184,29.7096],[174.6921,-38.118,8.2433],[174.6889,-38.1146,47.8822],[174.6864,-38.108,24.8334],[174.6835,-38.1103,72.3594],[174.6812,-38.1099,12.1669],[174.6809,-38.1163,66.7029],[174.6834,-38.1203,39.323],[174.6821,-38.1227,11.4169],[174.6878,-38.13,101.1996],[174.6873,-38.1321,68.7855],[174.6896,-38.1356,40.6971],[174.6882,-38.1376,23.7296],[174.6905,-38.1385,13.6829],[174.7045,-38.1747,0.0],[174.7064,-38.1754,4.7753],[174.7059,-38.1805,10.8281],[174.7139,-38.2018,6.7787],[174.7111,-38.2099,3.8756],[174.7142,-38.2135,51.3049],[174.7157,-38.2223,5.6905],[174.714,-38.2254,3.8193],[174.7109,-38.2257,9.3748],[174.707,-38.2302,12.8881],[174.7099,-38.2356,17.155],[174.7138,-38.2534,63.8039],[174.7146,-38.2583,70.2943],[174.7131,-38.2634,0.0],[174.7171,-38.2727,5.8637],[174.7156,-38.2882,5.5398],[174.7131,-38.2914,0.0],[174.7141,-38.303,6.0618],[174.7159,-38.306,0.0],[174.7121,-38.3156,12.2429],[174.7088,-38.3183,7.324],[174.7102,-38.3237,2.6531],[174.7006,-38.3259,0.0],[174.6972,-38.3284,0.0],[174.6879,-38.3438,170.4141],[174.6824,-38.3475,7.1967],[174.6801,-38.352,54.151],[174.6749,-38.3539,26.7184],[174.6722,-38.3575,25.9391],[174.6642,-38.3625,0.0],[174.66,-38.3637,0.0],[174.6647,-38.3672,55.1887],[174.6611,-38.377,2.4086],[174.6567,-38.3834,32.5521],[174.6541,-38.3858,28.7825],[174.6346,-38.3868,0.0],[174.6367,-38.3873,47.8271],[174.6351,-38.3884,0.0],[174.6382,-38.4011,41.6334],[174.6353,-38.4042,0.0],[174.6367,-38.4041,42.1604],[174.6361,-38.4062,29.6356],[174.6398,-38.4057,18.6131],[174.6417,-38.4072,6.2169],[174.6402,-38.4096,60.1289],[174.6367,-38.4103,15.8256],[174.6358,-38.4155,15.4508],[174.6398,-38.4163,32.1484],[174.6413,-38.4231,0.0],[174.6429,-38.423,2.4282],[174.6413,-38.4504,0.0],[174.6441,-38.4513,34.8705],[174.6456,-38.4564,20.8497],[174.6445,-38.4665,88.7954],[174.6413,-38.4745,2.6556],[174.6355,-38.4778,0.0],[174.6395,-38.4777,31.8533],[174.6401,-38.4796,2.742],[174.6382,-38.4784,3.6551],[174.6375,-38.4801,4.51],[174.6389,-38.4924,18.6489],[174.6346,-38.4966,0.0],[174.631,-38.5041,0.0],[174.6362,-38.5317,38.8404],[174.633,-38.5445,0.0],[174.6332,-38.5557,4.6215],[174.6311,-38.5566,0.0],[174.6307,-38.5599,28.1644],[174.6318,-38.5687,46.3248],[174.6273,-38.6086,58.3421],[174.6248,-38.6125,0.0],[174.6232,-38.6259,4.1465],[174.6217,-38.6281,2.8354],[174.621,-38.6348,0.0],[174.6227,-38.6364,4.107],[174.6137,-38.7149,26.5102],[174.6169,-38.7229,52.9055],[174.6472,-38.721,181.8049],[174.6459,-38.726,177.0768],[174.654,-38.7332,200.4114],[174.6578,-38.7315,193.2919],[174.6616,-38.732,189.4658],[174.6663,-38.7289,192.4936],[174.6875,-38.7278,278.1169],[174.6934,-38.7337,250.6004],[174.7022,-38.7307,249.3751],[174.7035,-38.7326,220.2356],[174.7089,-38.7319,216.2851],[174.7258,-38.7353,260.1115],[174.728,-38.7334,279.0505],[174.7376,-38.7341,313.2941],[174.744,-38.7408,322.6027],[174.7486,-38.743,289.1486],[174.7481,-38.7441,289.1486],[174.752,-38.7434,306.4686],[174.7535,-38.7448,321.9826],[174.7584,-38.7446,331.6335],[174.7627,-38.7418,334.5645],[174.763,-38.7394,326.9563],[174.7674,-38.7373,313.3154],[174.7744,-38.7365,327.4851],[174.7741,-38.7389,325.7819],[174.7811,-38.735,261.9801],[174.7905,-38.7336,330.2162],[174.7942,-38.731,308.5086],[174.8038,-38.7365,316.7971],[174.8074,-38.7359,335.905],[174.8124,-38.7412,337.2157],[174.8154,-38.7409,365.166],[174.8164,-38.7453,363.1248],[174.8185,-38.747,354.438],[174.8242,-38.748,384.0465],[174.8249,-38.7533,387.9746],[174.8275,-38.7567,401.64],[174.8254,-38.7586,395.2216],[174.8277,-38.7585,389.7803],[174.8282,-38.761,412.9957],[174.8344,-38.7644,482.6702],[174.8434,-38.7668,467.1306],[174.8504,-38.7729,477.4863],[174.8629,-38.7746,504.9176],[174.8677,-38.765,481.8966],[174.8739,-38.7658,465.2915],[174.8839,-38.7631,473.1841],[174.8892,-38.7611,463.8018],[174.896,-38.7547,506.6375],[174.9148,-38.7548,437.7552],[174.9202,-38.7534,440.3007],[174.9275,-38.7563,461.075],[174.931,-38.7556,470.1416],[174.9327,-38.7544,487.4494],[174.9324,-38.7524,499.4258],[174.9379,-38.7502,473.8275],[174.938,-38.7414,442.1241],[174.9333,-38.7388,435.4392],[174.9348,-38.7306,429.5729],[174.9439,-38.7228,451.9257],[174.9415,-38.7211,453.3377],[174.9425,-38.72,408.5928],[174.9541,-38.7151,407.5858],[174.951,-38.7061,443.1725],[174.9532,-38.7044,433.7419],[174.9533,-38.7014,426.0377],[174.9571,-38.6993,418.0355],[174.9629,-38.6992,438.26],[174.9643,-38.6968,432.166],[174.9611,-38.6927,412.779],[174.9616,-38.6902,425.6096],[174.9579,-38.6874,411.1188],[174.9596,-38.6783,429.2092],[174.9542,-38.675,446.5013],[174.9558,-38.673,465.6782],[174.9544,-38.6675,432.619],[174.9567,-38.6647,474.7515],[174.9609,-38.6636,455.9239],[174.9674,-38.6676,375.985],[174.9716,-38.6673,321.8649],[174.9756,-38.6653,300.828],[174.979,-38.6663,257.17],[174.9811,-38.6619,231.5524],[174.9865,-38.6655,259.03],[174.9943,-38.6648,322.0094],[175.0005,-38.6663,421.4029],[175.0026,-38.6634,408.1395],[175.017,-38.6604,430.759],[175.0181,-38.659,364.8585],[175.0222,-38.6595,363.9895],[175.0247,-38.6578,378.6059],[175.0265,-38.6592,427.5031],[175.0293,-38.656,384.0587],[175.0325,-38.6569,402.7661],[175.0398,-38.655,417.1154],[175.0392,-38.6516,423.341],[175.0511,-38.6494,403.6144],[175.0539,-38.6456,408.3329],[175.058,-38.6443,382.8442],[175.0574,-38.6405,367.8742],[175.07,-38.6377,298.7062],[175.0695,-38.6301,158.4001],[175.0744,-38.6297,165.2846],[175.0875,-38.6358,229.8161],[175.0885,-38.6378,235.366],[175.0931,-38.638,268.6557],[175.0925,-38.635,251.9997],[175.0984,-38.6338,306.5827],[175.0997,-38.6314,343.4513],[175.1079,-38.6277,438.7782],[175.1092,-38.6245,520.6931],[175.1165,-38.6219,398.226],[175.1195,-38.6264,462.0811],[175.1357,-38.6263,385.0296],[175.1374,-38.6308,333.6686],[175.141,-38.6318,277.337],[175.1429,-38.6302,281.6848],[175.159,-38.6296,312.2258],[175.167,-38.6271,371.6851],[175.1733,-38.6274,450.0203],[175.1844,-38.631,438.6768],[175.1949,-38.6293,473.5935],[175.1966,-38.6335,541.7671],[175.2022,-38.6374,419.3338],[175.2132,-38.6394,473.9377],[175.2309,-38.632,563.0786],[175.2343,-38.6322,584.3694],[175.2364,-38.6253,522.802],[175.2404,-38.624,525.5598],[175.2485,-38.6154,501.6331],[175.2518,-38.6142,511.8954],[175.2544,-38.6166,458.7671],[175.2563,-38.6132,489.1557],[175.2622,-38.6122,440.1328],[175.2653,-38.6137,400.7087],[175.2851,-38.588,414.2433],[175.3002,-38.6006,451.0326],[175.3064,-38.5954,358.8639],[175.3009,-38.5887,470.5756],[175.303,-38.5715,484.339],[175.3178,-38.556,433.4989],[175.3247,-38.5514,469.8659],[175.3264,-38.5543,461.512],[175.3292,-38.5543,504.3345],[175.3299,-38.556399999999996,495.1342],[175.3347,-38.5593,490.7666],[175.3322,-38.5634,458.831],[175.3361,-38.5672,482.7899],[175.3354,-38.5695,469.8538],[175.3318,-38.5703,441.6183],[175.3355,-38.5815,467.2283],[175.3778,-38.5727,393.3585],[175.382,-38.5577,532.4789],[175.3896,-38.5582,495.7594],[175.3923,-38.5602,532.6655],[175.4011,-38.56,461.0377],[175.401,-38.5511,576.5195],[175.4207,-38.5508,378.3366],[175.422,-38.5563,336.5571],[175.4461,-38.5645,475.0661],[175.4511,-38.5629,498.6081],[175.4724,-38.5635,510.5362],[175.5005,-38.5591,732.7127],[175.5143,-38.5828,451.1404],[175.5208,-38.583,458.4312],[175.5268,-38.5891,472.2077],[175.5257,-38.591,467.3186],[175.5286,-38.5935,492.3143],[175.5332,-38.5939,500.2528],[175.5364,-38.5971,521.4069],[175.5416,-38.598,532.983],[175.5453,-38.5975,525.7969],[175.55,-38.5934,541.0665],[175.5597,-38.5953,550.0212],[175.5679,-38.5943,568.4395],[175.5695,-38.5938,568.4395],[175.5699,-38.5899,577.7248],[175.5774,-38.5916,629.903],[175.5866,-38.59,650.4877],[175.5916,-38.5859,645.7144],[175.5943,-38.5877,655.3477],[175.6055,-38.5851,686.1884],[175.6105,-38.5788,709.7247],[175.6157,-38.5756,726.9269],[175.6171,-38.5723,752.001],[175.6267,-38.5697,816.6872],[175.6311,-38.5623,934.9266],[175.6285,-38.5577,1009.1755],[175.6281,-38.5519,1131.9297],[175.6369,-38.5525,1069.656],[175.6355,-38.5578,984.8344],[175.6368,-38.5645,906.0695],[175.6337,-38.5661,878.2585],[175.6349,-38.5699,872.5926],[175.6327,-38.5795,877.6256],[175.6326,-38.5915,909.0473],[175.6289,-38.5954,931.1901],[175.6286,-38.6006,911.1147],[175.6217,-38.6067,928.8335],[175.6147,-38.6181,967.1139],[175.6003,-38.6341,1055.2637],[175.5923,-38.6374,1022.147],[175.5759,-38.6499,945.3212],[175.5793,-38.6527,929.0425],[175.5778,-38.6559,914.8378],[175.5786,-38.6599,891.5798],[175.5767,-38.663,898.4028],[175.5787,-38.6655,896.0042],[175.5754,-38.6724,905.612],[175.5758,-38.6745,906.0861],[175.5807,-38.6776,892.0784],[175.5796,-38.6818,888.1569],[175.5731,-38.6904,874.0599],[175.565,-38.6954,851.937],[175.5581,-38.709,821.3206],[175.5345,-38.7347,906.7814],[175.5294,-38.7436,924.6771],[175.5239,-38.7457,921.876],[175.5237,-38.7498,913.1122],[175.5197,-38.75,940.6001],[175.5184,-38.7519,897.247],[175.5197,-38.7586,890.8766],[175.5269,-38.7634,795.3753],[175.5278,-38.7701,818.0602],[175.5306,-38.7749,826.1001],[175.5352,-38.7764,854.0455],[175.5375,-38.7791,860.6003],[175.5417,-38.7951,965.6504],[175.5534,-38.7893,994.3004],[175.5555,-38.7902,965.4274],[175.5637,-38.8037,792.2896],[175.5734,-38.8144,877.381],[175.5772,-38.8232,991.7026],[175.577,-38.8309,1051.4775],[175.5698,-38.833,1012.033],[175.5615,-38.8386,1017.4864],[175.5604,-38.8434,945.7864],[175.5464,-38.8599,940.5121],[175.5447,-38.8645,891.5054],[175.5492,-38.8728,847.205],[175.5552,-38.8772,782.1133],[175.5607,-38.8842,787.8628],[175.5613,-38.8924,770.0563],[175.58,-38.9107,723.4707],[175.5761,-38.9185,772.4428],[175.566,-38.9299,718.0115],[175.5649,-38.9385,725.4652],[175.5539,-38.9557,690.5664],[175.5608,-38.9727,651.5505],[175.5675,-38.9687,638.4172],[175.5694,-38.9701,636.9464],[175.565,-38.9725,637.9468],[175.5656,-38.9773,645.5553],[175.5626,-38.9868,684.3481],[175.6063,-38.9818,701.8622],[175.6269,-38.974,654.5616],[175.6412,-38.9803,659.4835],[175.682,-38.9797,1055.2148],[175.6481,-39.0144,634.427],[175.648,-39.0279,618.8751],[175.6358,-39.0453,665.1],[175.6312,-39.0489,683.2664],[175.6318,-39.0456,678.5035],[175.6136,-39.0506,686.4171],[175.615,-39.0551,770.4338],[175.6184,-39.0579,768.427],[175.6246,-39.0599,753.5129],[175.6172,-39.0749,839.955],[175.6187,-39.0826,895.0212],[175.622,-39.087,967.572],[175.626,-39.0858,995.0902],[175.6324,-39.0889,1080.8044],[175.6354,-39.0887,1085.5515],[175.6374,-39.0901,1122.2102],[175.6399,-39.0974,1196.1963],[175.6421,-39.0967,1211.0405],[175.6456,-39.1001,1267.0533],[175.6478,-39.1001,1283.7014],[175.6428,-39.1043,1328.2976],[175.6372,-39.1291,1938.0176],[175.6347,-39.1584,2247.022],[175.5579,-39.276,2672.1177],[175.6692,-39.2969,1226.5054],[175.7048,-39.2883,1100.9912],[175.7411,-39.2975,1071.1021],[175.741,-39.2926,1067.26],[175.7518,-39.2879,1131.3531],[175.7653,-39.2914,1299.7545],[175.7696,-39.295,1362.9353],[175.7801,-39.2934,1245.2881],[175.7836,-39.2943,1224.5304],[175.7909,-39.2998,1353.0686],[175.8126,-39.3003,1338.0338],[175.8286,-39.289,1298.7344],[175.8335,-39.2833,1344.9019],[175.836,-39.2768,1455.4263],[175.8426,-39.2707,1342.5463],[175.8627,-39.2665,1515.7416],[175.8681,-39.263,1632.5581],[175.869,-39.2591,1632.9934],[175.8566,-39.252,1623.704],[175.8547,-39.2442,1610.4202],[175.8585,-39.2444,1526.1865],[175.8726,-39.2391,1376.3428],[175.8856,-39.2293,1378.7092],[175.8864,-39.2271,1378.9817],[175.8927,-39.2236,1436.9014],[175.8929,-39.2138,1434.4392],[175.8882,-39.2114,1539.1174],[175.886,-39.2059,1653.01],[175.8992,-39.2038,1499.6102],[175.9035,-39.1999,1488.5594],[175.9195,-39.1987,1533.7562],[175.9189,-39.191,1568.7021],[175.9212,-39.1897,1578.2104],[175.945,-39.1869,1564.6835],[175.95,-39.188,1553.6761],[175.9597,-39.1842,1566.8899],[175.9647,-39.1793,1503.869],[175.9677,-39.1704,1560.2079],[175.9638,-39.1623,1620.5839],[175.964,-39.1595,1651.9314],[175.9716,-39.1577,1515.5703],[175.976,-39.15,1427.4659],[176.0441,-39.1569,1675.0012],[176.0775,-39.156,1082.0095],[176.081,-39.1572,1100.0126],[176.0961,-39.1546,1092.0631],[176.1028,-39.1512,1046.4019],[176.1118,-39.152,1024.4038],[176.1162,-39.1471,1045.858],[176.1344,-39.143,999.0134],[176.1358,-39.1397,980.4775],[176.14,-39.1389,978.2429],[176.1414,-39.1365,973.2169],[176.1466,-39.1345,999.1646],[176.1546,-39.1383,970.7202],[176.1624,-39.1363,956.2586],[176.1761,-39.1439,947.9336],[176.1847,-39.1336,1029.2507],[176.1826,-39.1294,866.4316],[176.1847,-39.1266,809.0809],[176.1886,-39.1266,798.0934],[176.1964,-39.1236,783.9205],[176.1974,-39.1215,769.6335],[176.2077,-39.119,747.6784],[176.2215,-39.1104,753.1556],[176.2258,-39.1107,709.9167],[176.2265,-39.1083,700.3959],[176.2284,-39.1084,708.377],[176.2318,-39.1044,695.8262],[176.2331,-39.0979,686.9826],[176.3404,-39.1731,1111.1655],[176.3953,-39.1619,543.2344],[176.3909,-39.1561,558.2778],[176.3969,-39.1509,594.244],[176.3899,-39.1513,554.4342],[176.3862,-39.1466,566.9275],[176.3863,-39.1445,658.1096],[176.3894,-39.1422,670.7438],[176.3869,-39.1409,575.8367],[176.3872,-39.137,592.8894],[176.3822,-39.1341,579.6921],[176.3783,-39.1384,612.5994],[176.3759,-39.134,582.8184],[176.3702,-39.134,561.3735],[176.3696,-39.1326,605.8109],[176.4168,-39.1163,1200.6016],[176.4435,-39.1208,1082.4011],[176.4202,-39.0619,987.8561],[176.4492,-39.0016,936.1613],[176.547,-39.0018,532.0581],[176.541,-38.9992,508.7729],[176.541,-38.9977,569.2781],[176.6103,-38.9983,540.8556],[176.6081,-38.996,586.7518],[176.6129,-38.9891,533.2886],[176.6119,-38.9871,543.6363],[176.6092,-38.9875,543.2383],[176.6058,-38.9857,541.7943],[176.6061,-38.9806,536.1375],[176.6019,-38.9794,542.1248],[176.603,-38.9769,563.3835],[176.5999,-38.976,557.7524],[176.601,-38.9723,590.3811],[176.5988,-38.9694,570.0859],[176.6026,-38.965,582.6323],[176.5967,-38.9592,580.1324],[176.598,-38.9577,593.5818],[176.5964,-38.9534,624.0516],[176.5981,-38.9467,606.7536],[176.5971,-38.9414,616.833],[176.5995,-38.9342,641.3221],[176.5985,-38.9333,655.0954],[176.6977,-38.856,1174.4438],[176.6482,-38.783,811.4421],[176.6372,-38.7633,775.2739],[176.6242,-38.7543,787.8726],[176.6175,-38.7013,799.6496],[176.646,-38.6059,644.6839],[176.6178,-38.5947,358.5544],[176.6173,-38.5975,398.9136],[176.6122,-38.6027,376.5068],[176.612,-38.6072,362.5019],[176.6056,-38.6087,362.3724],[176.552,-38.5808,433.8163],[176.553,-38.5778,434.4008],[176.5407,-38.5602,449.8565],[176.5432,-38.5544,425.6794],[176.5364,-38.5523,435.9831],[176.5295,-38.5443,476.3384],[176.5334,-38.5351,477.4308],[176.5028,-38.5265,531.0601],[176.5022,-38.5108,549.846],[176.4763,-38.5101,550.548],[176.4747,-38.5166,550.7343],[176.4775,-38.5281,553.2451],[176.4764,-38.5333,554.7657],[176.4685,-38.5309,527.7029],[176.4598,-38.5315,528.647],[176.4549,-38.5275,541.9175],[176.3868,-38.5065,373.713],[176.359,-38.5687,446.0095],[176.3022,-38.553,328.0992],[176.2999,-38.551,293.569],[176.304,-38.547,289.8906],[176.2984,-38.5374,288.6057],[176.3041,-38.5362,287.7162],[176.3025,-38.5341,288.8203],[176.3113,-38.5271,290.4815],[176.311,-38.5229,287.5],[176.3186,-38.513,289.1859],[176.3179,-38.5081,288.2715],[176.3232,-38.5072,292.692],[176.3212,-38.5022,293.7177],[176.3164,-38.5046,293.4174],[176.3151,-38.4985,287.7869],[176.3092,-38.4977,288.2239],[176.3086,-38.4923,287.8311],[176.3031,-38.4854,288.0],[176.2994,-38.4881,287.9911],[176.2955,-38.4853,286.6388],[176.29,-38.4854,289.9519],[176.2768,-38.489,289.7728],[176.2647,-38.5052,286.0],[176.2601,-38.5037,293.0634],[176.2547,-38.5082,296.6453],[176.2461,-38.5086,291.5341],[176.2405,-38.5138,291.724],[176.232,-38.5182,288.9441],[176.2292,-38.5222,286.9898],[176.2266,-38.5219,290.5967],[176.2239,-38.5191,290.625],[176.2136,-38.5194,291.5515],[176.2025,-38.5234,286.7158],[176.1913,-38.5173,288.9369],[176.1838,-38.5192,290.227],[176.1791,-38.5187,293.109],[176.171,-38.5061,286.0],[176.1703,-38.5022,336.1316],[176.1723,-38.4981,289.3012],[176.1601,-38.4914,294.1621],[176.1546,-38.4931,289.7843],[176.1539,-38.4904,290.7363],[176.1479,-38.4873,286.0],[176.1451,-38.4758,286.0],[176.147,-38.4661,286.0],[176.1465,-38.4636,286.0],[176.1428,-38.4617,299.6558],[176.1415,-38.4586,286.0],[176.1423,-38.451,286.0],[176.1376,-38.4419,286.0],[176.1392,-38.4389,286.0],[176.132,-38.4327,286.0],[176.13,-38.4259,286.0],[176.1188,-38.4133,286.0],[176.1117,-38.4112,286.0],[176.1058,-38.4134,286.0],[176.0967,-38.4123,286.0],[176.088,-38.4067,268.5618],[176.0829,-38.4086,270.108],[176.0739,-38.4079,274.2216],[176.0689,-38.4056,261.0384],[176.0684,-38.4013,256.9691],[176.0655,-38.398,278.6503],[176.0631,-38.3961,253.5],[176.0616,-38.3968,255.559],[176.0529,-38.3895,258.4466],[176.0427,-38.3852,253.5],[176.0285,-38.386,253.5]],
[[175.3011,-37.084,1.9101],[175.3013,-37.0843,1.9101],[175.3012,-37.0843,1.9101],[175.3009,-37.0838,1.9101],[175.3011,-37.084,1.9101]]],
[[[175.4536,-36.7686,18.377],[175.4513,-36.7688,8.8246],[175.4509,-36.7718,38.4131],[175.449,-36.773,0.0],[175.4485,-36.7783,37.0593],[175.4445,-36.7742,0.0],[175.4402,-36.777,10.377],[175.4405,-36.779,17.0678],[175.4388,-36.7807,3.9521],[175.4429,-36.7857,13.8934],[175.4415,-36.7892,0.0],[175.4318,-36.7891,0.0],[175.4287,-36.7949,3.7477],[175.4342,-36.7962,8.4684],[175.441,-36.7913,6.7356],[175.443,-36.7932,0.0],[175.4434,-36.7896,0.0],[175.4472,-36.788,0.0],[175.4496,-36.791,3.1534],[175.4507,-36.7865,0.0],[175.4532,-36.7862,46.9231],[175.4573,-36.7891,12.0981],[175.4537,-36.7837,23.6561],[175.4561,-36.7778,33.9878],[175.4579,-36.7769,14.3666],[175.4559,-36.7753,15.9881],[175.4577,-36.772,14.8027],[175.4536,-36.7686,18.377]]],
[[[175.4852,-36.7796,0.0],[175.485,-36.7795,0.0],[175.4849,-36.7797,0.0],[175.4852,-36.7797,0.0],[175.4852,-36.7796,0.0]]],
[[[175.433,-36.7829,22.2821],[175.4314,-36.7775,28.9317],[175.4282,-36.7748,19.8283],[175.4248,-36.7806,31.833],[175.4293,-36.7842,11.575],[175.433,-36.7829,22.2821]]],
[[[175.4418,-36.7731,0.0],[175.4419,-36.7732,0.0],[175.4421,-36.7731,0.0],[175.442,-36.773,0.0],[175.4418,-36.7731,0.0]]],
[[[175.4154,-36.7573,15.1633],[175.4127,-36.7569,0.0],[175.4163,-36.7638,61.4178],[175.4147,-36.7694,0.0],[175.422,-36.7697,0.0],[175.4196,-36.7576,0.0],[175.4154,-36.7573,15.1633]]],
[[[175.4531,-36.7588,0.0],[175.4521,-36.7571,0.0],[175.4502,-36.759,0.0],[175.4517,-36.7596,0.0],[175.4531,-36.7588,0.0]]],
[[[175.6123,-36.7548,0.8894],[175.6125,-36.7534,0.2531],[175.6107,-36.7558,0.3286],[175.6133,-36.7549,1.5835],[175.6123,-36.7548,0.8894]]],
[[[175.4211,-36.751,6.9235],[175.4196,-36.7504,6.9235],[175.4202,-36.7556,19.5019],[175.4223,-36.7566,0.0],[175.4227,-36.7537,21.5897],[175.4211,-36.751,6.9235]]],
[[[175.3925,-36.7509,0.0],[175.3925,-36.7502,0.0],[175.3915,-36.7504,0.0],[175.392,-36.751,0.0],[175.3925,-36.7509,0.0]]],
[[[175.4054,-36.7492,0.0],[175.4057,-36.7489,0.0],[175.4056,-36.7484,0.0],[175.4047,-36.749,0.0],[175.4054,-36.7492,0.0]]],
[[[175.8224,-36.748,1.7131],[175.8226,-36.748,1.7131],[175.823,-36.7477,1.0544],[175.8226,-36.7475,9.5973],[175.8224,-36.748,1.7131]]],
[[[175.8213,-36.7441,0.656],[175.8215,-36.744,0.656],[175.8218,-36.7435,0.656],[175.8212,-36.7436,0.656],[175.8213,-36.7441,0.656]]],
[[[175.4035,-36.739,7.4557],[175.4015,-36.7385,17.5051],[175.3973,-36.742,17.0924],[175.3991,-36.7472,0.0],[175.4015,-36.7445,44.0097],[175.407,-36.7428,31.0013],[175.4109,-36.7436,0.0],[175.412,-36.7421,0.0],[175.4035,-36.739,7.4557]]],
[[[175.412,-36.7414,0.0],[175.4121,-36.7417,0.0],[175.4124,-36.7419,0.0],[175.4122,-36.7414,0.0],[175.412,-36.7414,0.0]]],
[[[175.8223,-36.7476,9.5973],[175.8224,-36.7467,9.5973],[175.8211,-36.7473,9.5973],[175.822,-36.7477,9.5973],[175.8223,-36.7476,9.5973]]],
[[[175.8219,-36.7463,9.5973],[175.8216,-36.7463,9.5973],[175.8214,-36.7465,9.5973],[175.8217,-36.7466,9.5973],[175.8219,-36.7463,9.5973]]],
[[[175.819,-36.7459,32.8926],[175.8193,-36.7462,32.8926],[175.8193,-36.7455,32.8926],[175.8191,-36.7455,32.8926],[175.819,-36.7459,32.8926]]],
[[[175.8208,-36.743899999999996,0.656],[175.8188,-36.7435,5.0656],[175.8188,-36.7448,32.8926],[175.8211,-36.7465,9.5973],[175.8224,-36.7455,6.0862],[175.8208,-36.743899999999996,0.656]]],
[[[175.8271,-36.736,0.0],[175.8272,-36.736,0.0],[175.8279,-36.7357,0.0],[175.8265,-36.7361,14.5088],[175.8271,-36.736,0.0]]],
[[[175.4624,-36.7348,4.8664],[175.4611,-36.7346,4.8664],[175.4606,-36.7349,0.0],[175.4626,-36.7358,4.8664],[175.4624,-36.7348,4.8664]]],
[[[175.8815,-36.726,3.1909],[175.8765,-36.7224,3.7196],[175.8761,-36.7267,0.0],[175.8822,-36.73,3.2676],[175.8856,-36.7339,3.1088],[175.8827,-36.7303,14.7243],[175.8841,-36.7281,15.2357],[175.8815,-36.726,3.1909]]],
[[[175.8223,-36.718,3.1161],[175.8209,-36.7176,1.7414],[175.8206,-36.7178,1.9328],[175.8217,-36.7186,3.1161],[175.8223,-36.718,3.1161]]],
[[[175.8817,-36.7183,1.5776],[175.8835,-36.7164,3.4297],[175.8831,-36.7143,0.0],[175.8805,-36.7184,1.5776],[175.8817,-36.7183,1.5776]]],
[[[175.8173,-36.7156,0.0],[175.817,-36.7152,0.0],[175.8167,-36.7152,0.0],[175.8167,-36.7157,0.0],[175.8173,-36.7156,0.0]]],
[[[175.8182,-36.713,5.8486],[175.8176,-36.7126,0.0],[175.8167,-36.7142,5.8486],[175.8194,-36.7139,0.0],[175.8182,-36.713,5.8486]]],
[[[175.8437,-36.7327,0.0],[175.8427,-36.7324,0.0],[175.8431,-36.7337,0.0],[175.8436,-36.7336,0.4158],[175.8437,-36.7327,0.0]]],
[[[175.8338,-36.7306,0.0],[175.8338,-36.7305,0.0],[175.8335,-36.7303,0.0],[175.8335,-36.7305,0.0],[175.8338,-36.7306,0.0]]],
[[[175.8386,-36.7303,11.5437],[175.8387,-36.7301,11.5437],[175.8385,-36.7301,11.5437],[175.8384,-36.7304,11.5437],[175.8386,-36.7303,11.5437]]],
[[[175.8378,-36.73,11.5437],[175.8376,-36.7302,11.5437],[175.8381,-36.7307,11.5437],[175.8382,-36.7299,11.5437],[175.8378,-36.73,11.5437]]],
[[[175.8369,-36.7295,0.0],[175.8373,-36.7283,9.2156],[175.8339,-36.7307,0.0],[175.8354,-36.7315,0.0],[175.8369,-36.7295,0.0]]],
[[[175.8358,-36.7284,0.0],[175.8358,-36.7285,0.0],[175.8359,-36.7285,0.0],[175.8358,-36.7284,0.0]]],
[[[175.8381,-36.7282,9.2156],[175.838,-36.7279,0.0],[175.8377,-36.7282,9.2156],[175.838,-36.7284,9.2156],[175.8381,-36.7282,9.2156]]],
[[[175.836,-36.7282,0.0],[175.8361,-36.728,0.0],[175.8358,-36.7283,0.0],[175.836,-36.7282,0.0]]],
[[[175.4167,-36.7411,0.0],[175.4176,-36.7415,0.0],[175.4174,-36.74,0.0],[175.4164,-36.7409,0.0],[175.4167,-36.7411,0.0]]],
[[[175.8674,-36.7101,4.1757],[175.8658,-36.71,0.0],[175.8654,-36.7106,0.0],[175.868,-36.7117,0.0],[175.8674,-36.7101,4.1757]]],
[[[175.612,-36.7077,0.0],[175.612,-36.7082,0.0],[175.6126,-36.7081,0.0],[175.6122,-36.7076,0.0],[175.612,-36.7077,0.0]]],
[[[175.3909,-36.7036,0.0],[175.3907,-36.7026,0.0],[175.3885,-36.7033,0.0],[175.3897,-36.7038,0.0],[175.3909,-36.7036,0.0]]],
[[[175.3869,-36.7002,0.0],[175.3867,-36.7004,0.0],[175.3871,-36.7004,0.0],[175.387,-36.7002,0.0],[175.3869,-36.7002,0.0]]],
[[[175.3868,-36.699,0.0],[175.3875,-36.6989,0.0],[175.387,-36.6982,0.0],[175.3864,-36.699,0.0],[175.3868,-36.699,0.0]]],
[[[175.3905,-36.7006,0.0],[175.3897,-36.7001,0.0],[175.3895,-36.7002,0.0],[175.3898,-36.7009,0.0],[175.3905,-36.7006,0.0]]],
[[[175.3927,-36.6919,10.9871],[175.3914,-36.692,10.9871],[175.393,-36.6947,0.0],[175.3898,-36.6955,14.3323],[175.3914,-36.6985,23.5924],[175.3988,-36.7009,20.2426],[175.394,-36.6961,0.0],[175.3927,-36.6919,10.9871]]],
[[[175.4138,-36.6864,0.0],[175.4134,-36.6862,0.0],[175.4133,-36.6864,0.0],[175.4136,-36.6865,0.0],[175.4138,-36.6864,0.0]]],
[[[175.4113,-36.681,0.0],[175.4099,-36.6807,0.0],[175.4104,-36.6823,0.0],[175.4114,-36.6822,0.0],[175.4113,-36.681,0.0]]],
[[[175.8525,-36.6582,7.129],[175.8482,-36.656,0.0],[175.8473,-36.6594,0.0],[175.8445,-36.6613,0.0],[175.8512,-36.6601,1.2378],[175.8504,-36.6591,12.9509],[175.8525,-36.6582,7.129]]],
[[[175.38,-36.6577,0.0],[175.3788,-36.6577,0.0],[175.3814,-36.6593,0.0],[175.3815,-36.6584,0.0],[175.38,-36.6577,0.0]]],
[[[175.3944,-36.6784,28.7869],[175.3907,-36.68,0.272],[175.3947,-36.6816,0.0],[175.3962,-36.6792,8.1935],[175.3944,-36.6784,28.7869]]],
[[[175.4015,-36.6748,19.2567],[175.3997,-36.6712,0.0],[175.3978,-36.674,0.0],[175.401,-36.6751,19.2567],[175.4008,-36.6772,0.0],[175.4073,-36.6789,0.0],[175.4045,-36.6754,9.9974],[175.4015,-36.6748,19.2567]]],
[[[175.3749,-36.6877,0.0],[175.3745,-36.6877,0.0],[175.3745,-36.6878,0.0],[175.375,-36.688,0.0],[175.3749,-36.6877,0.0]]],
[[[175.6105,-36.6881,0.0],[175.6101,-36.6869,0.0],[175.6095,-36.687,0.0],[175.6095,-36.6885,0.0],[175.6105,-36.6881,0.0]]],
[[[175.3703,-36.6513,0.0],[175.369,-36.6506,0.0],[175.3688,-36.6522,3.1158],[175.3705,-36.6524,0.0],[175.3703,-36.6513,0.0]]],
[[[175.3766,-36.6544,0.0],[175.3739,-36.6541,9.6103],[175.3731,-36.656,39.115],[175.3707,-36.6564,12.4396],[175.37,-36.6595,0.0],[175.3742,-36.6565,0.0],[175.3742,-36.6605,0.0],[175.3766,-36.6544,0.0]]],
[[[175.8496,-36.6551,0.0],[175.849,-36.6552,0.0],[175.8497,-36.6557,0.0],[175.8497,-36.6556,0.0],[175.8496,-36.6551,0.0]]],
[[[175.4387,-36.6405,0.0],[175.4383,-36.6402,0.0],[175.4382,-36.6403,0.0],[175.4385,-36.6407,0.0],[175.4387,-36.6405,0.0]]],
[[[175.7644,-36.609,0.2142],[175.7642,-36.6096,0.0],[175.7665,-36.609,0.0],[175.7649,-36.6091,0.2142],[175.7644,-36.609,0.2142]]],
[[[175.7597,-36.6108,0.0],[175.7595,-36.6105,0.0],[175.7592,-36.6107,0.0],[175.7593,-36.6108,0.0],[175.7597,-36.6108,0.0]]],
[[[175.8766,-36.6306,1.6013],[175.877,-36.6317,0.0],[175.878,-36.6318,0.0],[175.8761,-36.63,0.0],[175.8766,-36.6306,1.6013]]],
[[[175.9386,-36.619,0.0],[175.9384,-36.6172,6.5552],[175.9352,-36.6157,10.0847],[175.93,-36.6175,4.5568],[175.9229,-36.6174,0.0],[175.9227,-36.6194,0.0],[175.926,-36.622,26.8558],[175.9259,-36.6292,10.6724],[175.9286,-36.6307,12.8317],[175.9392,-36.6287,11.8007],[175.9452,-36.6298,0.0],[175.9489,-36.6278,50.5361],[175.9477,-36.6244,5.6265],[175.9426,-36.6239,13.1068],[175.9411,-36.6251,54.6781],[175.9386,-36.619,0.0]]],
[[[175.9176,-36.6235,0.0],[175.9174,-36.6238,0.0],[175.9185,-36.6245,0.0],[175.9186,-36.6239,0.0],[175.9176,-36.6235,0.0]]],
[[[175.9046,-36.6223,29.4342],[175.901,-36.6216,0.0],[175.8998,-36.6244,5.8687],[175.9061,-36.6262,25.1045],[175.9142,-36.6255,19.3416],[175.9108,-36.6242,1.6896],[175.9078,-36.6257,0.0],[175.9046,-36.6223,29.4342]]],
[[[175.9468,-36.6225,0.0],[175.9465,-36.6224,0.0],[175.9471,-36.623,5.6265],[175.9471,-36.6228,0.0],[175.9468,-36.6225,0.0]]],
[[[175.7778,-36.6406,0.0],[175.7779,-36.6405,0.0],[175.7776,-36.6404,0.0],[175.7776,-36.6406,0.0],[175.7778,-36.6406,0.0]]],
[[[175.7769,-36.6404,0.0],[175.7773,-36.6403,0.0],[175.7768,-36.6401,0.0],[175.7769,-36.6404,0.0]]],
[[[175.8939,-36.6342,0.0],[175.8937,-36.6338,0.0],[175.8935,-36.6337,0.0],[175.8933,-36.6341,0.0],[175.8939,-36.6342,0.0]]],
[[[175.8582,-36.638,2.125],[175.8584,-36.638,2.125],[175.8584,-36.6377,0.0],[175.8581,-36.6378,0.0],[175.8582,-36.638,2.125]]],
[[[175.8606,-36.6398,10.3862],[175.8624,-36.6362,0.0],[175.8609,-36.6346,9.9989],[175.8579,-36.6394,2.125],[175.862,-36.6407,0.0],[175.8606,-36.6398,10.3862]]],
[[[175.8788,-36.6338,0.16],[175.8785,-36.6339,0.16],[175.8789,-36.6348,0.0],[175.8793,-36.6344,0.16],[175.8788,-36.6338,0.16]]],
[[[175.7881,-36.5772,0.0],[175.7882,-36.5768,0.0],[175.788,-36.5767,0.0],[175.7877,-36.577,0.0],[175.7881,-36.5772,0.0]]],
[[[175.7946,-36.5711,0.0],[175.7945,-36.5711,0.0],[175.7944,-36.5714,0.0],[175.7948,-36.5712,0.0],[175.7946,-36.5711,0.0]]],
[[[175.4727,-36.4987,0.5205],[175.4713,-36.4981,0.5205],[175.4711,-36.4983,0.5205],[175.4722,-36.5002,0.0],[175.4727,-36.4987,0.5205]]],
[[[175.418,-36.4741,0.0],[175.4176,-36.4743,0.0],[175.4175,-36.4744,0.0],[175.418,-36.4745,0.0],[175.418,-36.4741,0.0]]],
[[[175.4165,-36.4741,0.0],[175.4166,-36.4744,0.0],[175.4169,-36.4744,0.0],[175.4169,-36.4742,0.0],[175.4165,-36.4741,0.0]]],
[[[175.7941,-36.5711,0.0],[175.7943,-36.5709,0.0],[175.7942,-36.5708,0.0],[175.7941,-36.5709,0.0],[175.7941,-36.5711,0.0]]],
[[[175.4137,-36.471,1.0104],[175.4149,-36.471,1.0104],[175.4146,-36.4696,1.0104],[175.4134,-36.4701,1.0104],[175.4137,-36.471,1.0104]]],
[[[175.4017,-36.4674,0.0],[175.4007,-36.4673,0.1095],[175.402,-36.4689,0.0],[175.4023,-36.4681,0.0],[175.4017,-36.4674,0.0]]],
[[[175.7878,-36.5811,55.1177],[175.7888,-36.5801,0.0],[175.7871,-36.5773,0.0],[175.7719,-36.5864,31.9755],[175.7692,-36.5836,5.9915],[175.7644,-36.5875,2.2464],[175.7608,-36.5861,0.0],[175.7507,-36.5874,0.0],[175.7549,-36.5929,9.7551],[175.7518,-36.595,7.9135],[175.7571,-36.5953,34.5578],[175.7611,-36.5981,0.0],[175.7594,-36.6029,42.4927],[175.7673,-36.6052,1.0933],[175.7735,-36.6035,0.3746],[175.774,-36.6018,1.8848],[175.7709,-36.6009,9.3775],[175.7676,-36.5966,0.0],[175.7682,-36.5928,15.8999],[175.7706,-36.594,2.7427],[175.7727,-36.5916,6.394],[175.7731,-36.5986,0.0],[175.7779,-36.6007,42.8195],[175.7791,-36.6041,16.2988],[175.7827,-36.6031,0.0],[175.7805,-36.607,3.3315],[175.7834,-36.6059,4.6703],[175.7868,-36.6094,5.9095],[175.7883,-36.6171,20.9266],[175.7871,-36.6272,15.2776],[175.7858,-36.6292,55.1145],[175.7788,-36.6309,4.5989],[175.7784,-36.6335,29.4925],[175.7748,-36.6333,0.0],[175.7759,-36.6375,13.4197],[175.7776,-36.6385,0.0],[175.7788,-36.6364,0.0],[175.7822,-36.6377,5.8427],[175.7837,-36.6355,19.1982],[175.7901,-36.6389,0.0],[175.7901,-36.6371,2.5486],[175.7918,-36.6368,2.5486],[175.793,-36.6394,12.1166],[175.795,-36.639,12.2155],[175.7954,-36.6418,0.0],[175.797,-36.6388,16.3652],[175.8015,-36.6411,18.7267],[175.8016,-36.6394,44.5127],[175.8097,-36.6363,0.0],[175.8153,-36.6415,0.0],[175.8149,-36.6399,1.3421],[175.8171,-36.6395,36.8258],[175.8234,-36.6421,4.6878],[175.8278,-36.638,0.0],[175.8342,-36.637,13.5049],[175.8366,-36.6325,26.6515],[175.8319,-36.6295,17.5611],[175.8338,-36.6258,3.2286],[175.8319,-36.6248,34.8501],[175.8316,-36.6225,0.0],[175.8272,-36.6217,0.0],[175.8271,-36.6174,0.0],[175.8222,-36.6149,43.1213],[175.8114,-36.6147,130.3883],[175.8002,-36.6099,71.7057],[175.7971,-36.6074,2.0325],[175.7976,-36.6041,0.5046],[175.7949,-36.6073,7.9634],[175.7903,-36.6054,1.4402],[175.7913,-36.6014,9.2013],[175.795,-36.601,7.4946],[175.7949,-36.5972,0.0],[175.793,-36.5972,4.8943],[175.7925,-36.5941,0.0],[175.7856,-36.5964,10.2981],[175.7828,-36.5933,34.896],[175.7845,-36.5895,11.6032],[175.7866,-36.5888,0.0],[175.7845,-36.5868,3.2101],[175.7884,-36.5857,0.0],[175.7871,-36.5855,0.0],[175.7878,-36.5836,5.8549],[175.7857,-36.5828,21.7719],[175.7878,-36.5811,55.1177]]],
[[[175.7982,-36.6037,0.0],[175.7978,-36.6036,0.5046],[175.7975,-36.6038,0.5046],[175.798,-36.6039,0.5046],[175.7982,-36.6037,0.0]]],
[[[175.7975,-36.5993,0.0],[175.7966,-36.5996,0.2101],[175.7966,-36.6005,0.2101],[175.7979,-36.6004,0.2101],[175.7975,-36.5993,0.0]]],
[[[175.7504,-36.5954,0.0],[175.7506,-36.5952,0.0],[175.7504,-36.5951,0.0],[175.7502,-36.5953,0.0],[175.7504,-36.5954,0.0]]],
[[[175.7494,-36.5949,0.0],[175.7488,-36.5947,0.0],[175.7484,-36.5948,0.0],[175.7498,-36.5954,0.0],[175.7494,-36.5949,0.0]]],
[[[175.7501,-36.5883,5.0739],[175.7498,-36.5881,5.0739],[175.7494,-36.5882,5.0739],[175.7501,-36.5887,5.0739],[175.7501,-36.5883,5.0739]]],
[[[175.7553,-36.5842,0.0],[175.7542,-36.585,0.0],[175.7544,-36.5853,0.0],[175.7556,-36.5845,0.0],[175.7553,-36.5842,0.0]]],
[[[175.7649,-36.5837,0.0],[175.7646,-36.5839,0.0],[175.7663,-36.5846,0.0],[175.7659,-36.5842,0.0],[175.7649,-36.5837,0.0]]],
[[[175.7752,-36.5811,0.0],[175.7749,-36.5809,0.0],[175.7745,-36.5811,0.0],[175.7748,-36.5814,0.0],[175.7752,-36.5811,0.0]]],
[[[175.7751,-36.5825,0.0],[175.7764,-36.583,17.2083],[175.7775,-36.5825,-0.5914],[175.7763,-36.5818,-0.5914],[175.7751,-36.5825,0.0]]],
[[[175.7742,-36.582,0.0],[175.7753,-36.582,0.0],[175.7753,-36.5817,0.0],[175.7744,-36.5816,0.0],[175.7742,-36.582,0.0]]],
[[[175.8478,-36.6436,29.4515],[175.8468,-36.6443,18.0478],[175.8499,-36.6434,4.1092],[175.8492,-36.6427,0.0],[175.8478,-36.6436,29.4515]]],
[[[175.85,-36.6427,1.7951],[175.8498,-36.6423,1.7951],[175.8493,-36.6425,0.0],[175.8498,-36.6427,1.7951],[175.85,-36.6427,1.7951]]],
[[[175.8895,-36.6346,13.0002],[175.8846,-36.6334,29.9893],[175.8806,-36.6352,54.7047],[175.8821,-36.6378,29.7776],[175.881,-36.6412,34.2468],[175.8892,-36.6483,0.0],[175.8907,-36.648,0.0],[175.8917,-36.6442,0.0],[175.8876,-36.6393,34.2237],[175.8906,-36.6363,4.0403],[175.8895,-36.6346,13.0002]]]]}
,"properties": {"GID_1": "NZL.17_1","GID_0": "NZL","country": "NewZealand","province": "Waikato","VARNAME_1": "NA","NL_NAME_1": "NA","TYPE_1": "Region","ENGTYPE_1": "Region","CC_1": "03","HASC_1": "NZ.WK","ISO_1": "NZ-WKO","name": "Waikato.province","area_km2": 25553.6,"hist_schema_id": "Elevation0-9000","hist_area_km2": {"-25": 1.28,"0": 1656.66,"25": 2175.76,"50": 2148.51,"75": 1484.23,"100": 1183.44,"125": 1087.57,"150": 1041.97,"175": 869.3,"200": 776.53,"225": 735.09,"250": 679.83,"275": 645.06,"300": 652.97,"325": 610.6,"350": 1215.94,"375": 547.27,"400": 497.35,"425": 472.11,"450": 477.12,"475": 509.81,"500": 492.89,"525": 482.26,"550": 470.17,"575": 445.71,"600": 372.91,"625": 353.45,"650": 357.94,"675": 339.03,"700": 316.22,"725": 348.73,"750": 271.03,"775": 227.56,"800": 179.13,"825": 147.92,"850": 126.64,"875": 113.39,"900": 103.55,"925": 88.42,"950": 75.18,"975": 66.64,"1000": 57.0,"1025": 52.27,"1050": 47.4,"1075": 48.68,"1100": 43.22,"1125": 40.49,"1150": 39.21,"1175": 36.47,"1200": 36.66,"1225": 35.69,"1250": 31.35,"1275": 27.86,"1300": 25.51,"1325": 24.42,"1350": 20.44,"1375": 17.73,"1400": 16.5,"1425": 15.42,"1450": 12.85,"1475": 9.96,"1500": 9.02,"1525": 7.79,"1550": 6.51,"1575": 5.47,"1600": 4.09,"1625": 3.4,"1650": 3.01,"1675": 2.42,"1700": 2.63,"1725": 2.53,"1750": 1.74,"1775": 1.63,"1800": 1.53,"1825": 1.4,"1850": 2.1,"1875": 0.87,"1900": 0.76,"1925": 0.76,"1950": 0.74,"1975": 0.57,"2000": 0.44,"2025": 0.41,"2050": 0.43,"2075": 0.33,"2100": 0.39,"2125": 0.39,"2150": 0.3,"2175": 0.33,"2200": 0.23,"2225": 0.31,"2250": 0.28,"2275": 0.3,"2325": 0.26,"2350": 0.25,"2425": 0.21,"2450": 0.36,"2475": 0.23,"2550": 0.23,"2575": 0.41,"2600": 0.76,"2625": 0.33}}}