{"type": "Feature","bbox": [172.6353,-36.3963,174.7835,-34.3928],"geometry": {"type": "MultiPolygon","coordinates": [[[[174.6982,-35.9938,0.0],[174.6988,-35.9925,0.0],[174.6959,-35.9927,0.0],[174.6976,-35.9941,0.0],[174.6982,-35.9938,0.0]]],
[[[174.7056,-35.9557,0.0],[174.7021,-35.9551,17.0846],[174.7004,-35.9525,0.0],[174.6965,-35.9523,0.0],[174.6977,-35.9575,24.3165],[174.6967,-35.9594,0.0],[174.6991,-35.9638,0.0],[174.7067,-35.9698,0.0],[174.7153,-35.9706,2.4103],[174.7174,-35.969,16.9422],[174.7257,-35.9723,2.2876],[174.7356,-35.9701,0.0],[174.7412,-35.9716,0.0],[174.7467,-35.9672,2.132],[174.7427,-35.9636,9.5308],[174.7379,-35.9655,38.9775],[174.7343,-35.9641,8.1457],[174.7346,-35.9616,2.6902],[174.7286,-35.9579,0.0],[174.7194,-35.9562,0.0],[174.7136,-35.9583,58.2428],[174.7056,-35.9557,0.0]]],
[[[174.7444,-35.8955,0.0],[174.7442,-35.896,0.0],[174.7446,-35.8963,0.0],[174.7448,-35.8956,0.0],[174.7444,-35.8955,0.0]]],
[[[174.7028,-35.5656,0.0],[174.7056,-35.5667,0.0],[174.7061,-35.5653,0.0],[174.705,-35.5644,0.0],[174.7028,-35.5656,0.0]]],
[[[174.7223,-35.5461,0.0],[174.7219,-35.5489,0.0],[174.7233,-35.5497,0.0],[174.7249,-35.547,0.0],[174.7223,-35.5461,0.0]]],
[[[174.7095,-35.8907,0.0],[174.7092,-35.8908,0.0],[174.7092,-35.8909,0.0],[174.7095,-35.8909,0.0],[174.7095,-35.8907,0.0]]],
[[[174.7109,-35.8902,0.0],[174.7107,-35.8901,0.0],[174.7108,-35.8904,0.0],[174.711,-35.8902,0.0],[174.7109,-35.8902,0.0]]],
[[[174.7813,-35.889,31.6239],[174.7809,-35.889,31.6239],[174.7813,-35.8894,31.6239],[174.7814,-35.8891,31.6239],[174.7813,-35.889,31.6239]]],
[[[174.7424,-35.8898,0.0],[174.7422,-35.8887,0.6713],[174.7412,-35.8893,0.6713],[174.7413,-35.8902,0.0],[174.7424,-35.8898,0.0]]],
[[[174.7119,-35.8898,0.0],[174.7118,-35.8897,0.0],[174.7116,-35.8898,0.0],[174.7118,-35.8899,0.0],[174.7119,-35.8898,0.0]]],
[[[174.6999,-35.8932,0.0],[174.6949,-35.8921,2.5063],[174.6908,-35.8947,0.0],[174.6998,-35.8957,4.2469],[174.7019,-35.8982,0.0],[174.7022,-35.895,0.0],[174.6999,-35.8932,0.0]]],
[[[174.7563,-35.8852,1.3164],[174.752,-35.8842,0.0],[174.7485,-35.8864,0.0],[174.7464,-35.8906,0.0],[174.7433,-35.8909,0.0],[174.7446,-35.8945,31.2469],[174.7468,-35.8959,0.0],[174.7469,-35.8925,18.6279],[174.75,-35.8908,22.344],[174.7538,-35.8941,4.555],[174.76,-35.8941,4.3459],[174.7621,-35.8883,0.0],[174.7593,-35.8855,0.0],[174.7563,-35.8852,1.3164]]],
[[[174.7251,-35.8861,0.0],[174.7231,-35.884,0.0],[174.7175,-35.8844,0.0],[174.7164,-35.8861,4.4976],[174.7177,-35.8874,0.4638],[174.716,-35.8894,6.1369],[174.7233,-35.8944,22.338],[174.728,-35.892,20.6858],[174.7306,-35.8958,2.517],[174.7341,-35.895,0.0],[174.7376,-35.898,0.0],[174.7397,-35.8896,19.7796],[174.7344,-35.8854,0.0],[174.7301,-35.8869,8.7173],[174.7251,-35.8861,0.0]]],
[[[174.7813,-35.8851,21.28],[174.7791,-35.884,0.0],[174.7741,-35.8861,0.472],[174.7724,-35.8846,2.3176],[174.7643,-35.888,0.9618],[174.7628,-35.8905,0.0],[174.7672,-35.8944,0.0],[174.7753,-35.8887,76.895],[174.7793,-35.8896,0.0],[174.7827,-35.888,4.2731],[174.7835,-35.8855,8.2294],[174.7813,-35.8851,21.28]]],
[[[174.701,-35.886,0.0],[174.7014,-35.8869,0.8608],[174.7026,-35.8867,0.8608],[174.702,-35.8856,0.2456],[174.701,-35.886,0.0]]],
[[[174.6974,-35.8823,0.0],[174.6937,-35.882,0.0],[174.6967,-35.8852,0.0],[174.6992,-35.8841,0.0],[174.6974,-35.8823,0.0]]],
[[[174.7472,-35.487,19.7997],[174.7481,-35.4849,40.1785],[174.7453,-35.4852,4.3837],[174.7451,-35.4878,9.2109],[174.7472,-35.487,19.7997]]],
[[[174.741,-35.4905,11.1216],[174.7411,-35.4887,0.0],[174.7395,-35.4884,0.0],[174.7393,-35.492,2.2362],[174.7422,-35.4912,11.1216],[174.741,-35.4905,11.1216]]],
[[[174.7352,-35.4722,0.7576],[174.7346,-35.4729,0.7576],[174.7363,-35.4716,0.7576],[174.7353,-35.4714,0.7576],[174.7352,-35.4722,0.7576]]],
[[[174.7336,-35.4723,0.0],[174.7341,-35.4722,0.0],[174.7347,-35.4718,0.7576],[174.733,-35.4717,0.0],[174.7336,-35.4723,0.0]]],
[[[174.7352,-35.473,0.0],[174.7351,-35.4731,0.0],[174.735,-35.4737,0.0],[174.7353,-35.4736,0.0],[174.7352,-35.473,0.0]]],
[[[174.7304,-35.473,0.0],[174.7302,-35.4735,0.0],[174.7303,-35.4736,0.0],[174.7309,-35.473,0.0],[174.7304,-35.473,0.0]]],
[[[174.7328,-35.4703,0.9937],[174.7338,-35.4702,0.9937],[174.7341,-35.4701,0.9937],[174.732,-35.4697,0.0],[174.7328,-35.4703,0.9937]]],
[[[174.7352,-35.47,0.7772],[174.7352,-35.4699,0.7772],[174.7347,-35.4697,0.7772],[174.7351,-35.4701,0.7772],[174.7352,-35.47,0.7772]]],
[[[174.7388,-35.4477,17.2905],[174.7362,-35.444,10.1365],[174.7342,-35.4451,4.5234],[174.734,-35.4481,108.5165],[174.7309,-35.4482,0.0],[174.7328,-35.449,108.5165],[174.7316,-35.4502,0.0],[174.7338,-35.4535,71.2963],[174.7319,-35.4578,0.0],[174.7335,-35.4576,90.7502],[174.7332,-35.4597,2.6603],[174.7371,-35.464,14.9513],[174.7368,-35.4674,27.6793],[174.7348,-35.4685,3.654],[174.7362,-35.4704,0.7772],[174.7391,-35.4687,4.5755],[174.7374,-35.4677,27.6793],[174.7382,-35.4665,27.6793],[174.7417,-35.4655,0.0],[174.7424,-35.4626,8.9624],[174.7403,-35.4617,94.9845],[174.745,-35.4608,0.0],[174.7413,-35.4599,23.3662],[174.7414,-35.4563,0.0],[174.7392,-35.4556,149.4323],[174.7418,-35.4549,5.0852],[174.7435,-35.4513,0.0],[174.74,-35.4509,127.9239],[174.7389,-35.4485,69.4048],[174.7408,-35.4485,0.0],[174.7388,-35.4477,17.2905]]],
[[[174.7391,-35.474,0.2226],[174.7365,-35.4739,0.0],[174.7384,-35.4757,4.6767],[174.7366,-35.4759,4.6767],[174.7378,-35.4806,15.4196],[174.7325,-35.4825,60.37],[174.7336,-35.4846,40.5548],[174.7325,-35.4857,40.5548],[174.7363,-35.4886,0.0],[174.7411,-35.4872,0.0],[174.7431,-35.4834,3.6644],[174.7453,-35.4834,0.4389],[174.7465,-35.4795,45.7809],[174.7448,-35.4767,6.6519],[174.7424,-35.4768,30.6847],[174.7391,-35.474,0.2226]]],
[[[174.3605,-35.4022,0.5162],[174.3603,-35.402,0.5162],[174.3602,-35.4021,0.5162],[174.3604,-35.4023,0.5162],[174.3605,-35.4022,0.5162]]],
[[[174.3555,-35.3915,0.0],[174.3556,-35.3916,0.0],[174.3558,-35.3915,0.0],[174.3556,-35.3915,0.0],[174.3555,-35.3915,0.0]]],
[[[174.3553,-35.3914,0.0],[174.3552,-35.3914,0.0],[174.3549,-35.3915,0.0],[174.355,-35.3916,0.0],[174.3553,-35.3914,0.0]]],
[[[174.3566,-35.3917,0.0],[174.3568,-35.3911,0.0],[174.3559,-35.3915,0.0],[174.3561,-35.3917,0.0],[174.3566,-35.3917,0.0]]],
[[[174.3563,-35.3911,0.0],[174.3562,-35.3911,0.0],[174.3562,-35.3912,0.0],[174.3563,-35.3912,0.0],[174.3563,-35.3911,0.0]]],
[[[174.3557,-35.391,0.0],[174.3554,-35.391,0.0],[174.3551,-35.3911,0.0],[174.3552,-35.3912,0.0],[174.3557,-35.391,0.0]]],
[[[173.4841,-35.388,2.5616],[173.4834,-35.3872,3.1514],[173.4831,-35.3943,1.4204],[173.4834,-35.3939,0.386],[173.4841,-35.388,2.5616]]],
[[[174.35623333333336,-35.3906,0.0],[174.3562,-35.3906,0.0],[174.3557,-35.3908,0.0],[174.35623333333336,-35.3906,0.0]]],
[[[174.3563,-35.3906,0.0],[174.3568,-35.3907,0.0],[174.3565,-35.3905,0.0],[174.35623333333336,-35.3906,0.0],[174.3563,-35.3906,0.0]]],
[[[174.3503,-35.3836,3.5804],[174.3504,-35.3836,3.5804],[174.3505,-35.3836,3.5804],[174.3503,-35.3835,3.5804],[174.3503,-35.3836,3.5804]]],
[[[173.5498,-35.382,2.7332],[173.5497,-35.3824,2.7332],[173.5504,-35.3824,2.7332],[173.5503,-35.382,2.7332],[173.5498,-35.382,2.7332]]],
[[[174.3521,-35.3843,0.4549],[174.3519,-35.3841,0.4549],[174.3517,-35.3841,0.4549],[174.3518,-35.3845,0.4549],[174.3521,-35.3843,0.4549]]],
[[[174.35,-35.3835,3.5804],[174.3483,-35.3831,0.7765],[174.3503,-35.3848,0.0],[174.3526,-35.3848,0.7925],[174.3513,-35.3846,0.0],[174.35,-35.3835,3.5804]]],
[[[174.3408,-35.3651,5.5211],[174.3413,-35.3652,0.0],[174.3415,-35.365,0.0],[174.3409,-35.3646,5.5211],[174.3408,-35.3651,5.5211]]],
[[[174.3416,-35.3648,0.0],[174.3415,-35.3646,0.0],[174.3413,-35.3646,0.0],[174.3414,-35.3648,0.0],[174.3416,-35.3648,0.0]]],
[[[174.3415,-35.3533,0.0],[174.3417,-35.3522,0.0],[174.3396,-35.3524,0.0],[174.3387,-35.3541,5.8546],[174.3405,-35.3547,4.0581],[174.3415,-35.3533,0.0]]],
[[[173.5818,-35.3503,0.8372],[173.5772,-35.3505,0.2896],[173.5821,-35.3536,0.8616],[173.5888,-35.3509,0.0],[173.5868,-35.3505,0.7043],[173.5818,-35.3503,0.8372]]],
[[[173.55,-35.3531,0.0],[173.5521,-35.3512,0.0],[173.5518,-35.3502,0.0],[173.5503,-35.3513,0.0],[173.55,-35.3531,0.0]]],
[[[174.3663,-35.3422,1.5076],[174.3663,-35.3416,1.5076],[174.3653,-35.3421,2.846],[174.3656,-35.3424,2.846],[174.3663,-35.3422,1.5076]]],
[[[174.3672,-35.3413,1.5076],[174.3672,-35.3412,0.33],[174.367,-35.3414,1.5076],[174.3671,-35.3415,1.5076],[174.3672,-35.3413,1.5076]]],
[[[174.3684,-35.3415,0.0],[174.3676,-35.3412,0.33],[174.3668,-35.3423,1.5076],[174.3681,-35.3422,0.0],[174.3684,-35.3415,0.0]]],
[[[174.3668,-35.3404,0.33],[174.3668,-35.3405,0.33],[174.3669,-35.3406,0.33],[174.367,-35.3405,0.33],[174.3668,-35.3404,0.33]]],
[[[174.3304,-35.3369,0.651],[174.3299,-35.3372,0.651],[174.3311,-35.3366,0.6972],[174.3309,-35.3365,0.651],[174.3304,-35.3369,0.651]]],
[[[174.3782,-35.329,0.0],[174.3789,-35.3294,0.0],[174.3792,-35.3286,0.0],[174.3786,-35.3286,0.0],[174.3782,-35.329,0.0]]],
[[[174.3616,-35.3248,7.7655],[174.3616,-35.3241,0.0],[174.3611,-35.3241,0.0],[174.3609,-35.3249,7.7655],[174.3616,-35.3248,7.7655]]],
[[[174.3266,-35.316,0.0],[174.326,-35.3162,0.0],[174.3261,-35.3164,0.0],[174.3268,-35.3161,0.0],[174.3266,-35.316,0.0]]],
[[[174.1686,-35.3115,0.0],[174.169,-35.3118,0.0],[174.1694,-35.3118,0.0],[174.1688,-35.3112,0.0],[174.1686,-35.3115,0.0]]],
[[[174.3204,-35.3074,4.2063],[174.3205,-35.3078,4.2063],[174.3209,-35.308,3.6659],[174.3205,-35.3069,4.2063],[174.3204,-35.3074,4.2063]]],
[[[174.3439,-35.324,1.1852],[174.3437,-35.3241,1.1852],[174.3437,-35.3244,1.1852],[174.344,-35.3243,1.1852],[174.3439,-35.324,1.1852]]],
[[[174.3745,-35.3451,6.2601],[174.3742,-35.344,0.2553],[174.3719,-35.3455,0.0],[174.3741,-35.3469,1.6673],[174.3758,-35.346,6.2601],[174.3745,-35.3451,6.2601]]],
[[[174.3717,-35.3452,0.0],[174.3717,-35.345,0.0],[174.3715,-35.3449,0.0],[174.3716,-35.3452,0.0],[174.3717,-35.3452,0.0]]],
[[[174.3673,-35.345,0.1848],[174.3674,-35.3451,0.1848],[174.3673,-35.3449,0.1848],[174.3673,-35.345,0.1848]]],
[[[174.3671,-35.3444,0.4295],[174.3668,-35.3444,0.4295],[174.3671,-35.3448,0.1848],[174.3673,-35.3446,0.1848],[174.3671,-35.3444,0.4295]]],
[[[174.3673,-35.3444,0.4295],[174.3674,-35.3443,0.4295],[174.3672,-35.3442,0.4295],[174.3671,-35.3443,0.4295],[174.3673,-35.3444,0.4295]]],
[[[174.3672,-35.3438,0.4295],[174.3669,-35.3437,0.4295],[174.3668,-35.344,0.4295],[174.3671,-35.344,0.4295],[174.3672,-35.3438,0.4295]]],
[[[174.1452,-35.3054,2.3929],[174.145,-35.3052,2.3929],[174.1451,-35.3056,2.3929],[174.1451,-35.3055,2.3929],[174.1452,-35.3054,2.3929]]],
[[[174.102,-35.3047,13.865],[174.1021,-35.3048,13.865],[174.1022,-35.3046,13.865],[174.1021,-35.3046,13.865],[174.102,-35.3047,13.865]]],
[[[174.1801,-35.3025,15.4383],[174.1803,-35.3025,15.4383],[174.1802,-35.3024,15.4383],[174.1801,-35.3024,15.4383],[174.1801,-35.3025,15.4383]]],
[[[174.1637,-35.299,1.6567],[174.1635,-35.2991,1.6567],[174.1636,-35.2995,1.6567],[174.1638,-35.2991,1.6567],[174.1637,-35.299,1.6567]]],
[[[174.1129,-35.2849,0.0],[174.1118,-35.2841,2.7234],[174.1102,-35.2833,4.9076],[174.1105,-35.2847,0.0],[174.1129,-35.2849,0.0]]],
[[[174.102,-35.2837,0.2821],[174.1016,-35.2834,0.2821],[174.1004,-35.2833,0.0],[174.1017,-35.2848,0.0],[174.102,-35.2837,0.2821]]],
[[[174.0977,-35.2775,0.0],[174.0973,-35.2776,0.0],[174.0977,-35.278,0.0],[174.0979,-35.2778,0.0],[174.0977,-35.2775,0.0]]],
[[[174.0951,-35.2762,5.9004],[174.0958,-35.2758,5.9004],[174.0941,-35.274,0.0],[174.0936,-35.2764,0.0],[174.0951,-35.2762,5.9004]]],
[[[174.0941,-35.2738,0.0],[174.0941,-35.2736,0.0],[174.0939,-35.2735,0.0],[174.0939,-35.2736,0.0],[174.0941,-35.2738,0.0]]],
[[[174.0938,-35.2726,1.4493],[174.0941,-35.2721,1.4493],[174.0947,-35.2716,0.0],[174.0932,-35.2719,1.4493],[174.0938,-35.2726,1.4493]]],
[[[174.2066,-35.2643,0.0],[174.2065,-35.264,0.0],[174.2063,-35.2641,0.0],[174.2065,-35.2643,0.0],[174.2066,-35.2643,0.0]]],
[[[174.2573,-35.2515,6.4618],[174.2571,-35.2518,6.4618],[174.2565,-35.252,8.3896],[174.2571,-35.2519,6.4618],[174.2573,-35.2515,6.4618]]],
[[[174.1206,-35.2418,17.525],[174.1211,-35.2424,0.0],[174.1221,-35.2421,0.0],[174.1206,-35.2418,17.525]]],
[[[174.2698,-35.221,0.0],[174.2685,-35.2219,0.0],[174.27,-35.2229,0.0],[174.271,-35.2223,0.0],[174.2698,-35.221,0.0]]],
[[[174.1799,-35.2187,1.4325],[174.1794,-35.2175,0.0],[174.1784,-35.2179,0.0],[174.1792,-35.219,1.4325],[174.1799,-35.2187,1.4325]]],
[[[174.1821,-35.2197,0.0],[174.182,-35.2184,3.5446],[174.1804,-35.2193,1.4325],[174.1805,-35.2199,0.0],[174.1821,-35.2197,0.0]]],
[[[174.1803,-35.2191,1.4325],[174.1805,-35.2189,1.4325],[174.1801,-35.2189,1.4325],[174.1801,-35.2191,1.4325],[174.1803,-35.2191,1.4325]]],
[[[174.1998,-35.2147,37.7109],[174.1971,-35.2151,0.0],[174.1999,-35.2165,33.1543],[174.1999,-35.2183,4.3582],[174.2072,-35.2215,0.0],[174.2053,-35.2189,48.6428],[174.2075,-35.2173,2.2019],[174.2035,-35.2164,35.5323],[174.2026,-35.2143,0.9651],[174.1998,-35.2147,37.7109]]],
[[[174.1581,-35.2294,5.1267],[174.1563,-35.2295,5.1267],[174.1585,-35.2323,27.978],[174.1578,-35.2348,0.0],[174.1608,-35.2338,11.3306],[174.1661,-35.2359,11.0596],[174.1671,-35.2327,15.9296],[174.1702,-35.2326,2.1085],[174.1769,-35.2363,0.0],[174.1752,-35.2321,2.2143],[174.1728,-35.2332,23.3475],[174.1728,-35.2321,8.3555],[174.1695,-35.2311,0.0],[174.1686,-35.2322,2.1085],[174.1659,-35.2304,7.7122],[174.1626,-35.2318,38.1645],[174.161,-35.23,20.2731],[174.1589,-35.2313,27.978],[174.1581,-35.2294,5.1267]]],
[[[174.1999,-35.2308,0.0],[174.1998,-35.231,0.0],[174.2004,-35.2312,0.0],[174.2003,-35.231,0.0],[174.1999,-35.2308,0.0]]],
[[[174.1982,-35.2303,0.0],[174.1985,-35.2305,0.0],[174.1989,-35.2303,0.0],[174.1983,-35.2301,0.0],[174.1982,-35.2303,0.0]]],
[[[174.2224,-35.2274,0.0],[174.2202,-35.2275,0.0],[174.2286,-35.2304,0.0],[174.223,-35.2273,0.0],[174.2224,-35.2274,0.0]]],
[[[174.1922,-35.2163,6.9797],[174.1908,-35.2168,20.0256],[174.191,-35.2152,5.8392],[174.1888,-35.2173,20.6209],[174.1859,-35.2164,0.0],[174.1863,-35.2179,0.0],[174.1835,-35.2198,3.4927],[174.1837,-35.2226,1.4586],[174.1815,-35.2232,7.6537],[174.1846,-35.2258,6.1484],[174.1843,-35.2279,0.0],[174.1899,-35.2276,26.8298],[174.1918,-35.2308,25.2116],[174.1952,-35.2323,4.1314],[174.1957,-35.2275,18.7183],[174.1987,-35.228,0.0],[174.1988,-35.2253,15.4968],[174.202,-35.2275,2.8536],[174.2024,-35.2256,4.0474],[174.2003,-35.225,12.5053],[174.2001,-35.2232,0.0],[174.1959,-35.223,16.5603],[174.1963,-35.2214,34.2563],[174.1921,-35.2187,14.1238],[174.1922,-35.2163,6.9797]]],
[[[174.1727,-35.307,0.0],[174.1732,-35.3068,0.0],[174.1706,-35.3072,0.0],[174.1708,-35.3074,0.0],[174.1727,-35.307,0.0]]],
[[[174.2735,-36.29,0.0],[174.2738,-36.2894,0.0],[174.2733,-36.2892,0.0],[174.2727,-36.29,0.0],[174.2735,-36.29,0.0]]],
[[[174.272,-36.2864,1.8931],[174.2729,-36.2864,1.8931],[174.2712,-36.2852,0.0],[174.2713,-36.2858,2.842],[174.272,-36.2864,1.8931]]],
[[[174.46,-36.2584,0.0],[174.4599,-36.2585,0.0],[174.46,-36.2585,0.0],[174.46,-36.2584,0.0]]],
[[[174.1887,-36.2405,2.3966],[174.1901,-36.2405,0.0],[174.1894,-36.239,0.0],[174.1879,-36.2397,2.3966],[174.1887,-36.2405,2.3966]]],
[[[174.3369,-36.2255,0.0],[174.3365,-36.2257,0.0],[174.3363,-36.2264,0.921],[174.3373,-36.2256,0.6881],[174.3369,-36.2255,0.0]]],
[[[174.348,-36.2253,3.7297],[174.3478,-36.2254,3.7297],[174.3477,-36.2255,3.7297],[174.3483,-36.2254,3.7297],[174.348,-36.2253,3.7297]]],
[[[174.1624,-36.225,0.78],[174.1631,-36.2254,0.78],[174.1647,-36.2235,0.0],[174.1626,-36.2241,2.1246],[174.1624,-36.225,0.78]]],
[[[174.1667,-36.2226,1.7085],[174.1676,-36.2213,1.7085],[174.1676,-36.2211,0.0],[174.1664,-36.2216,1.7085],[174.1667,-36.2226,1.7085]]],
[[[174.2857,-36.2199,2.9748],[174.286,-36.2205,0.0],[174.2862,-36.2206,0.0],[174.2854,-36.2192,11.4402],[174.2857,-36.2199,2.9748]]],
[[[174.2737,-36.2186,4.2959],[174.2743,-36.2182,4.2959],[174.2738,-36.2183,4.2959],[174.2731,-36.2187,4.2699],[174.2737,-36.2186,4.2959]]],
[[[174.3131,-36.2132,1.5323],[174.3123,-36.2138,0.8117],[174.3129,-36.2136,1.5323],[174.3143,-36.2124,0.4489],[174.3135,-36.2127,0.4489],[174.3131,-36.2132,1.5323]]],
[[[174.3146,-36.2122,0.6945],[174.3147,-36.2119,0.6945],[174.3147,-36.2118,0.6945],[174.3144,-36.2122,0.4489],[174.3146,-36.2122,0.6945]]],
[[[174.3518,-36.2067,0.0],[174.3515,-36.2067,0.8387],[174.3515,-36.2068,0.8387],[174.3518,-36.2067,0.0]]],
[[[174.3521,-36.2068,0.0],[174.3524,-36.2067,0.0],[174.3525,-36.2066,0.0],[174.3518,-36.2067,0.0],[174.3521,-36.2068,0.0]]],
[[[174.3162,-36.2063,0.0],[174.3163,-36.2064,0.0],[174.3162,-36.2061,0.0],[174.3162,-36.2063,0.0]]],
[[[174.2462,-36.2004,5.526],[174.2463,-36.2004,5.526],[174.2461,-36.2003,5.526],[174.2462,-36.2004,5.526]]],
[[[174.2329,-36.1833,0.0],[174.2326,-36.1834,0.0],[174.2328,-36.1835,0.0],[174.2332,-36.1833,0.0],[174.2329,-36.1833,0.0]]],
[[[174.2136,-36.1304,16.3886],[174.2136,-36.1303,16.3886],[174.2135,-36.1304,16.3886],[174.2136,-36.1304,16.3886]]],
[[[174.2144,-36.13,0.4341],[174.2146,-36.1298,0.4341],[174.2145,-36.1296,0.4341],[174.2142,-36.13,0.4341],[174.2144,-36.13,0.4341]]],
[[[174.2384,-36.1272,1.334],[174.2383,-36.1273,8.8893],[174.2382,-36.1273,8.8893],[174.2383,-36.1274,8.8893],[174.2384,-36.1272,1.334]]],
[[[174.2002,-36.1265,4.6222],[174.2004,-36.1263,4.6222],[174.2003,-36.1262,6.4557],[174.2002,-36.1263,4.6222],[174.2002,-36.1265,4.6222]]],
[[[174.5938,-35.8406,0.0],[174.5932,-35.8402,0.0],[174.5927,-35.8402,0.0],[174.5944,-35.841,0.0],[174.5938,-35.8406,0.0]]],
[[[174.5809,-35.8368,0.0],[174.5815,-35.8373,0.0],[174.5819,-35.8368,0.0],[174.5813,-35.836,0.0],[174.5809,-35.8368,0.0]]],
[[[174.3923,-35.8137,0.5423],[174.3906,-35.8123,0.3054],[174.3893,-35.8131,0.2545],[174.3942,-35.8161,0.417],[174.3946,-35.8154,0.417],[174.3923,-35.8137,0.5423]]],
[[[174.3744,-35.813,0.0],[174.3741,-35.8135,0.0],[174.3766,-35.8121,0.2898],[174.3747,-35.8107,0.6536],[174.3744,-35.813,0.0]]],
[[[174.3652,-35.8072,0.7828],[174.3678,-35.8067,0.7714],[174.3687,-35.8062,0.6909],[174.363,-35.8069,1.8244],[174.3652,-35.8072,0.7828]]],
[[[174.3638,-35.804,0.9336],[174.3644,-35.8029,0.7774],[174.3626,-35.8031,0.9336],[174.3629,-35.8041,0.9336],[174.3638,-35.804,0.9336]]],
[[[174.3645,-35.8017,0.7774],[174.3648,-35.8002,0.8787],[174.3628,-35.801,0.8545],[174.3637,-35.8017,0.8771],[174.3645,-35.8017,0.7774]]],
[[[174.3627,-35.7981,0.8381],[174.3612,-35.7978,0.9086],[174.3605,-35.7986,0.8091],[174.3611,-35.7992,0.8091],[174.3627,-35.7981,0.8381]]],
[[[174.5797,-35.8382,4.6996],[174.5798,-35.8388,4.6996],[174.5812,-35.8379,0.0],[174.5805,-35.8377,0.0],[174.5797,-35.8382,4.6996]]],
[[[174.5938,-35.8394,15.9562],[174.5943,-35.8374,4.0547],[174.5929,-35.837,4.0547],[174.5921,-35.8386,0.0],[174.5938,-35.8394,15.9562]]],
[[[174.3658,-35.7938,0.886],[174.3671,-35.7934,0.8713],[174.3623,-35.7933,0.6749],[174.3638,-35.7941,0.6749],[174.3658,-35.7938,0.886]]],
[[[174.3482,-35.7886,0.8724],[174.3486,-35.7888,0.8724],[174.3492,-35.7883,0.8724],[174.3474,-35.7882,2.1416],[174.3482,-35.7886,0.8724]]],
[[[174.4711,-35.7733,0.0],[174.4712,-35.7732,0.0],[174.4711,-35.7731,0.0],[174.4711,-35.7732,0.0],[174.4711,-35.7733,0.0]]],
[[[174.5538,-35.7182,0.0],[174.5541,-35.7175,6.1269],[174.5524,-35.7174,0.1642],[174.5526,-35.7184,0.0],[174.5538,-35.7182,0.0]]],
[[[174.5566,-35.7166,0.0],[174.5564,-35.7165,0.0],[174.5564,-35.7168,0.0],[174.5566,-35.7168,0.0],[174.5566,-35.7166,0.0]]],
[[[174.5504,-35.7176,0.3897],[174.5502,-35.7181,0.263],[174.5504,-35.7184,0.263],[174.5507,-35.7174,0.3897],[174.5504,-35.7176,0.3897]]],
[[[174.5501,-35.7177,0.3897],[174.5503,-35.7177,0.3897],[174.5501,-35.7174,0.3897],[174.55,-35.7175,0.3897],[174.5501,-35.7177,0.3897]]],
[[[174.5605,-35.7153,0.7787],[174.561,-35.715,0.7787],[174.561,-35.7148,0.7787],[174.5605,-35.7147,0.7787],[174.5605,-35.7153,0.7787]]],
[[[174.5339,-35.6417,0.7473],[174.5344,-35.6414,0.7473],[174.5346,-35.6412,26.212],[174.5339,-35.6412,26.212],[174.5339,-35.6417,0.7473]]],
[[[174.4968,-35.6385,0.0],[174.4965,-35.6384,0.0],[174.4963,-35.6385,0.0],[174.4966,-35.6388,0.0],[174.4968,-35.6385,0.0]]],
[[[174.4956,-35.638,0.0],[174.4958,-35.6381,0.0],[174.4962,-35.6378,1.0864],[174.4957,-35.6375,1.0864],[174.4956,-35.638,0.0]]],
[[[174.544,-35.6103,19.3761],[174.5426,-35.6107,2.0377],[174.5447,-35.6135,0.0],[174.547,-35.6128,54.7396],[174.5462,-35.6101,18.1078],[174.544,-35.6103,19.3761]]],
[[[174.4694,-35.493,1.2535],[174.4697,-35.4928,0.0972],[174.4694,-35.4926,0.0972],[174.4691,-35.4929,0.0972],[174.4694,-35.493,1.2535]]],
[[[174.5594,-35.7152,0.7787],[174.5596,-35.715,0.7787],[174.5595,-35.7149,0.7787],[174.5593,-35.715,0.0],[174.5594,-35.7152,0.7787]]],
[[[174.4714,-35.4881,0.4417],[174.4702,-35.4876,1.9537],[174.4717,-35.4897,0.0],[174.472,-35.4887,0.4417],[174.4714,-35.4881,0.4417]]],
[[[174.4523,-35.4781,11.0662],[174.4523,-35.4779,0.0],[174.452,-35.478,11.0662],[174.4521,-35.4781,11.0662],[174.4523,-35.4781,11.0662]]],
[[[174.4516,-35.475,0.3834],[174.4518,-35.475,0.3834],[174.4518,-35.4749,0.3834],[174.4515,-35.4748,0.3834],[174.4516,-35.475,0.3834]]],
[[[174.4451,-35.4631,0.3775],[174.445,-35.463,0.3775],[174.4447,-35.463,0.3775],[174.4448,-35.4631,0.3775],[174.4451,-35.4631,0.3775]]],
[[[174.4327,-35.457,0.7786],[174.4334,-35.4577,0.7786],[174.4338,-35.4564,0.7786],[174.4333,-35.4563,0.7786],[174.4327,-35.457,0.7786]]],
[[[174.4289,-35.4538,0.3613],[174.4292,-35.4539,0.3613],[174.4295,-35.4537,0.3613],[174.4284,-35.4536,0.3613],[174.4289,-35.4538,0.3613]]],
[[[174.4438,-35.4635,4.7582],[174.4438,-35.4634,4.7582],[174.4436,-35.4634,4.7582],[174.4438,-35.4635,4.7582]]],
[[[174.4442,-35.4634,0.3775],[174.4442,-35.4635,0.3775],[174.4443,-35.4634,0.3775],[174.4442,-35.4634,0.3775]]],
[[[174.4456,-35.4633,0.3775],[174.4454,-35.4632,0.3775],[174.4452,-35.4632,0.3775],[174.4454,-35.4634,0.3775],[174.4456,-35.4633,0.3775]]],
[[[174.4558,-35.4745,4.857],[174.4559,-35.4745,4.857],[174.4558,-35.4744,4.857],[174.4557,-35.4744,4.857],[174.4558,-35.4745,4.857]]],
[[[174.4567,-35.4724,0.0],[174.4551,-35.4724,0.0],[174.4548,-35.4739,4.857],[174.4584,-35.4732,16.9728],[174.4567,-35.4724,0.0]]],
[[[174.4447,-35.4362,5.3577],[174.4451,-35.4367,1.5544],[174.4456,-35.4368,1.5544],[174.4453,-35.4357,5.3577],[174.4447,-35.4362,5.3577]]],
[[[174.4472,-35.4342,0.4614],[174.4469,-35.4342,0.4614],[174.4468,-35.4344,0.4614],[174.4469,-35.4344,0.4614],[174.4472,-35.4342,0.4614]]],
[[[174.3778,-35.4327,0.0],[174.3775,-35.4329,0.0],[174.3777,-35.4332,1.1906],[174.378,-35.4331,1.1906],[174.3778,-35.4327,0.0]]],
[[[174.4493,-35.4322,0.0],[174.4492,-35.4322,0.0],[174.4487,-35.4325,0.0],[174.4493,-35.4324,0.0],[174.4493,-35.4322,0.0]]],
[[[174.3853,-35.4321,0.0],[174.3837,-35.4316,2.2031],[174.3833,-35.4325,2.2031],[174.3849,-35.4328,0.0],[174.3853,-35.4321,0.0]]],
[[[174.4483,-35.4331,0.0],[174.4482,-35.433,0.4614],[174.448,-35.4333,0.4614],[174.4483,-35.4332,0.0],[174.4483,-35.4331,0.0]]],
[[[174.4498,-35.4316,0.0],[174.4496,-35.4316,0.0],[174.4496,-35.4319,0.0],[174.4497,-35.4318,0.0],[174.4498,-35.4316,0.0]]],
[[[174.3904,-35.4294,0.0],[174.3906,-35.4301,0.0],[174.391,-35.4301,8.2191],[174.391,-35.4292,0.0],[174.3904,-35.4294,0.0]]],
[[[174.3913,-35.4294,0.0],[174.3914,-35.4293,0.0],[174.3911,-35.4293,0.0],[174.3912,-35.4294,0.0],[174.3913,-35.4294,0.0]]],
[[[174.4438,-35.425,4.0514],[174.4437,-35.4248,4.0514],[174.4434,-35.425,4.0514],[174.4435,-35.4251,4.0514],[174.4438,-35.425,4.0514]]],
[[[174.4371,-35.429,0.4138],[174.4373,-35.4291,0.4138],[174.4373,-35.4288,0.4138],[174.4372,-35.4288,0.4138],[174.4371,-35.429,0.4138]]],
[[[174.4426,-35.4252,4.0514],[174.4426,-35.4251,4.0514],[174.4424,-35.4252,4.0514],[174.4426,-35.4252,4.0514]]],
[[[174.3976,-35.4315,0.4796],[174.3944,-35.4329,2.8177],[174.3981,-35.433,0.0],[174.3968,-35.432,0.0],[174.3976,-35.4315,0.4796]]],
[[[174.3978,-35.4318,0.4796],[174.3976,-35.4321,0.4796],[174.3984,-35.432,0.4796],[174.3983,-35.4318,0.4796],[174.3978,-35.4318,0.4796]]],
[[[174.4453,-35.421,0.2547],[174.4452,-35.4209,0.2547],[174.4452,-35.421,0.2547],[174.4453,-35.421,0.2547]]],
[[[174.3721,-35.4141,12.2882],[174.3718,-35.4139,12.2882],[174.3718,-35.4141,12.2882],[174.3722,-35.4144,0.0],[174.3721,-35.4141,12.2882]]],
[[[174.3731,-35.4138,0.0],[174.3729,-35.413,0.0],[174.3721,-35.4136,12.2882],[174.3723,-35.4141,0.0],[174.3731,-35.4138,0.0]]],
[[[174.3622,-35.405,0.0],[174.3618,-35.4051,0.0],[174.3624,-35.4054,0.0],[174.3624,-35.4053,0.0],[174.3622,-35.405,0.0]]],
[[[174.3631,-35.4042,0.0883],[174.3623,-35.4035,0.0883],[174.3608,-35.4042,0.0],[174.3621,-35.4048,0.0],[174.3631,-35.4042,0.0883]]],
[[[174.3598,-35.411,0.0401],[174.3604,-35.4113,0.0],[174.3607,-35.4113,0.0],[174.3602,-35.4105,0.0401],[174.3598,-35.411,0.0401]]],
[[[174.3613,-35.4107,0.0401],[174.361,-35.4103,0.0401],[174.3606,-35.4106,0.0401],[174.3612,-35.411,0.0401],[174.3613,-35.4107,0.0401]]],
[[[174.3606,-35.4103,0.0401],[174.3603,-35.4104,0.0401],[174.3604,-35.4105,0.0401],[174.3607,-35.4105,0.0401],[174.3606,-35.4103,0.0401]]],
[[[174.4443,-35.4223,6.2229],[174.4418,-35.4213,0.3309],[174.4412,-35.4246,11.4991],[174.4378,-35.4256,0.0563],[174.4365,-35.4288,0.4138],[174.4391,-35.4266,8.7859],[174.442,-35.4268,5.8711],[174.4415,-35.4255,11.4991],[174.4442,-35.4244,0.0],[174.4442,-35.4228,6.2229],[174.4463,-35.4229,0.2754],[174.4444,-35.4213,6.2229],[174.4443,-35.4223,6.2229]]],
[[[174.4399,-35.4216,0.0],[174.4402,-35.4222,0.3309],[174.4405,-35.4222,0.3309],[174.4403,-35.4215,0.3309],[174.4399,-35.4216,0.0]]],
[[[174.4471,-35.4217,0.2754],[174.4472,-35.4218,0.2754],[174.4473,-35.4217,0.2754],[174.4471,-35.4217,0.2754]]],
[[[174.4458,-35.4216,6.2229],[174.4459,-35.4217,6.2229],[174.4459,-35.4216,6.2229],[174.4458,-35.4216,6.2229]]],
[[[174.4466,-35.4215,0.2754],[174.4465,-35.4215,0.2754],[174.4465,-35.4216,0.2754],[174.4466,-35.4215,0.2754]]],
[[[174.4476,-35.4228,0.2754],[174.4475,-35.4223,0.2754],[174.447,-35.4222,0.2754],[174.4471,-35.4225,0.2754],[174.4476,-35.4228,0.2754]]],
[[[174.4284,-35.4468,0.2786],[174.429,-35.4466,0.2786],[174.429,-35.4465,0.2786],[174.4283,-35.4464,0.2786],[174.4284,-35.4468,0.2786]]],
[[[174.3604,-35.4024,0.5162],[174.3589,-35.4018,0.0],[174.3599,-35.4042,0.0],[174.3607,-35.403,0.0],[174.3604,-35.4024,0.5162]]],
[[[172.6404,-34.4702,12.8317],[172.6408,-34.4692,0.0],[172.6365,-34.4656,0.7462],[172.6353,-34.4727,0.0],[172.6399,-34.473,1.0845],[172.6404,-34.4702,12.8317]]],
[[[172.6353,-34.4652,0.0],[172.6366,-34.4651,0.7462],[172.6358,-34.4638,0.0],[172.6354,-34.4643,0.0],[172.6353,-34.4652,0.0]]],
[[[174.1117,-35.2118,0.0],[174.1119,-35.2118,0.0],[174.112,-35.2117,0.0],[174.1116,-35.2117,0.0],[174.1117,-35.2118,0.0]]],
[[[174.1121,-35.2115,0.0],[174.1119,-35.2115,0.0],[174.1124,-35.2118,0.0],[174.1123,-35.2117,0.0],[174.1121,-35.2115,0.0]]],
[[[174.1074,-35.2109,11.2551],[174.1075,-35.211,11.2551],[174.1076,-35.211,11.2551],[174.1076,-35.2109,11.2551],[174.1074,-35.2109,11.2551]]],
[[[174.1118,-35.211,0.0],[174.1118,-35.2109,0.0],[174.1116,-35.2108,0.0],[174.1116,-35.2109,0.0],[174.1118,-35.211,0.0]]],
[[[174.2319,-35.2055,36.969],[174.2323,-35.204,0.0],[174.2295,-35.2052,0.0],[174.2294,-35.2069,23.7341],[174.2247,-35.2073,7.6201],[174.2244,-35.2096,21.3008],[174.2219,-35.2112,0.0],[174.2172,-35.2106,3.1388],[174.2183,-35.2121,20.7531],[174.2169,-35.213,3.6637],[174.2187,-35.2139,12.8879],[174.224,-35.2109,21.3008],[174.2277,-35.212,2.9505],[174.2282,-35.2145,18.6033],[174.2254,-35.2155,2.0178],[174.229,-35.2165,1.4734],[174.2298,-35.2187,0.0],[174.2272,-35.2203,4.3453],[174.2272,-35.2232,2.3475],[174.231,-35.2206,25.9159],[174.2325,-35.2212,9.8231],[174.2322,-35.2238,0.0],[174.2295,-35.2253,0.0],[174.233,-35.228,0.0],[174.2336,-35.2268,4.1425],[174.2366,-35.2269,0.0],[174.2354,-35.2249,10.0346],[174.2363,-35.2232,19.2205],[174.238,-35.2235,6.1824],[174.2357,-35.2203,19.2697],[174.2371,-35.2182,1.5169],[174.2407,-35.2176,16.8297],[174.2416,-35.2198,0.0],[174.2439,-35.2188,2.2398],[174.2413,-35.217,16.8297],[174.2405,-35.213,0.0],[174.2351,-35.2127,33.3704],[174.2367,-35.209,0.0],[174.2336,-35.208,75.6257],[174.2319,-35.2055,36.969]]],
[[[174.3101,-35.3019,41.5646],[174.3131,-35.2997,0.0],[174.3109,-35.2982,19.8163],[174.3118,-35.2965,0.0],[174.3075,-35.2968,39.763],[174.3042,-35.2943,36.4998],[174.3049,-35.2924,2.8979],[174.303,-35.2897,15.9862],[174.2981,-35.2863,53.8062],[174.2973,-35.2842,7.7176],[174.2941,-35.2841,6.2309],[174.2931,-35.2797,47.7761],[174.2942,-35.2783,0.28],[174.2899,-35.2753,5.3169],[174.2911,-35.2715,13.0315],[174.2943,-35.2693,0.0],[174.2928,-35.2679,16.9529],[174.2928,-35.2647,3.9225],[174.2952,-35.2596,0.0],[174.2983,-35.2591,0.0],[174.2966,-35.2556,27.1908],[174.3011,-35.2557,25.064],[174.3016,-35.2537,28.5195],[174.3068,-35.2536,37.6697],[174.3118,-35.256,33.6871],[174.3159,-35.2541,65.2379],[174.3221,-35.2545,17.0582],[174.3238,-35.254,0.0],[174.323,-35.2524,0.0],[174.3259,-35.2502,2.9633],[174.3257,-35.2482,4.4513],[174.3179,-35.2501,106.863],[174.3162,-35.2479,0.0],[174.3132,-35.2478,0.0],[174.3121,-35.2494,6.9627],[174.3071,-35.2475,2.9694],[174.3054,-35.2485,5.7218],[174.3063,-35.2507,61.0367],[174.3035,-35.253,20.9655],[174.2945,-35.2538,15.4854],[174.293,-35.2497,11.1386],[174.3016,-35.2477,60.8131],[174.2997,-35.2436,64.2897],[174.3046,-35.2417,0.0],[174.3055,-35.2391,41.5989],[174.3117,-35.2393,21.3027],[174.3129,-35.237,0.4913],[174.3048,-35.236,0.0],[174.3028,-35.24,38.0928],[174.3005,-35.2409,4.3315],[174.2995,-35.2373,15.2422],[174.2969,-35.2373,22.0956],[174.2949,-35.2351,4.2787],[174.2928,-35.2358,30.5859],[174.2909,-35.2324,27.208],[174.2955,-35.2301,4.7993],[174.2984,-35.2254,0.0],[174.2972,-35.2241,101.0687],[174.3024,-35.222,21.4049],[174.3039,-35.2249,0.1587],[174.3056,-35.2247,0.8205],[174.3042,-35.2229,21.4049],[174.3056,-35.2164,18.473],[174.3087,-35.2149,9.7645],[174.3115,-35.2157,37.7892],[174.3128,-35.2206,24.6223],[174.3151,-35.2205,8.8027],[174.3162,-35.2186,16.8826],[174.3131,-35.2169,16.7739],[174.3192,-35.2125,0.0],[174.3145,-35.2109,0.0],[174.3107,-35.2117,38.6834],[174.3077,-35.209,74.4948],[174.311,-35.2065,0.0],[174.3108,-35.2039,21.2804],[174.3145,-35.2019,45.6859],[174.3176,-35.203,0.0],[174.3154,-35.2014,19.7926],[174.3167,-35.1975,32.2413],[174.3195,-35.1967,0.0],[174.3185,-35.1949,71.8164],[174.3279,-35.1976,26.9981],[174.3333,-35.1939,0.0],[174.3327,-35.1927,122.3966],[174.3405,-35.1909,0.8784],[174.3414,-35.1885,0.0606],[174.3382,-35.1892,19.1568],[174.3359,-35.1879,78.1732],[174.336,-35.1858,119.6358],[174.3381,-35.1845,0.0],[174.3364,-35.1821,21.3902],[174.332,-35.1814,65.4208],[174.3343,-35.1773,17.3747],[174.3331,-35.1757,26.145],[174.3344,-35.1721,5.2637],[174.3289,-35.1723,0.0],[174.3278,-35.1755,0.0],[174.33,-35.178,44.7683],[174.3265,-35.1806,0.0],[174.3268,-35.1841,16.6153],[174.3215,-35.1816,4.7983],[174.3172,-35.1834,70.6806],[174.3111,-35.1802,38.4166],[174.3091,-35.1804,3.6508],[174.3055,-35.1841,3.9104],[174.3004,-35.1851,57.0244],[174.2985,-35.1839,7.28],[174.294,-35.1864,89.4399],[174.2956,-35.19,29.9067],[174.2933,-35.1888,0.0],[174.2924,-35.1899,0.0],[174.2941,-35.1919,1.2148],[174.2983,-35.191,46.7831],[174.3002,-35.1933,0.0],[174.3054,-35.1908,28.2617],[174.3053,-35.1942,27.385],[174.3032,-35.1972,17.562],[174.3051,-35.1977,66.9709],[174.305,-35.1997,33.6238],[174.3001,-35.2022,15.4721],[174.2972,-35.2014,13.7392],[174.2971,-35.2032,45.9059],[174.2947,-35.204,20.2364],[174.2895,-35.2018,0.0],[174.2899,-35.2067,15.7723],[174.295,-35.2108,33.1647],[174.2897,-35.2148,1.368],[174.2887,-35.2174,11.0539],[174.2912,-35.22,5.0655],[174.2906,-35.2227,16.3891],[174.283,-35.2216,0.0],[174.2836,-35.227,14.444],[174.28,-35.2278,4.9946],[174.2788,-35.224,1.2114],[174.2681,-35.2308,10.9853],[174.2645,-35.2283,30.166],[174.2675,-35.2218,0.0],[174.264,-35.2204,17.5215],[174.2639,-35.2185,20.2943],[174.2583,-35.2203,27.2102],[174.2565,-35.218,1.8431],[174.2519,-35.2219,0.9615],[174.2559,-35.221,10.6245],[174.2585,-35.2255,8.4789],[174.2609,-35.2242,23.7515],[174.263,-35.2253,0.0],[174.2633,-35.228,30.166],[174.2591,-35.2287,11.7147],[174.2592,-35.2306,16.347],[174.2567,-35.2303,0.0],[174.257,-35.2317,0.0],[174.2606,-35.232,2.7184],[174.2604,-35.2358,8.9991],[174.2575,-35.2374,3.1609],[174.2569,-35.2361,0.0],[174.2544,-35.2363,0.0],[174.2536,-35.2382,17.9527],[174.2502,-35.2355,4.6683],[174.2475,-35.2362,3.3077],[174.2464,-35.235,4.0359],[174.2405,-35.238,3.6714],[174.2471,-35.2382,3.7343],[174.246,-35.2417,23.553],[174.2436,-35.2437,16.1297],[174.2379,-35.2436,0.0],[174.24,-35.2455,0.0],[174.2528,-35.2447,8.7274],[174.2569,-35.2481,18.2762],[174.2487,-35.2504,9.5989],[174.2552,-35.2526,8.3896],[174.2574,-35.251,46.9635],[174.2594,-35.2521,21.372],[174.2587,-35.2537,5.5529],[174.2611,-35.2539,20.9289],[174.2602,-35.2558,7.9478],[174.2644,-35.2575,10.5078],[174.2666,-35.2553,16.6672],[174.2668,-35.2573,2.0304],[174.2637,-35.2609,3.4637],[174.2613,-35.2619,3.1058],[174.2596,-35.2593,1.2918],[174.2567,-35.259,0.0],[174.2528,-35.2617,2.1815],[174.2504,-35.2614,1.4428],[174.2491,-35.2595,13.3162],[174.2515,-35.2591,0.1368],[174.2506,-35.2575,3.8057],[174.2412,-35.2574,3.8597],[174.239,-35.2536,10.7583],[174.2305,-35.2599,8.3698],[174.2262,-35.2589,3.7236],[174.2247,-35.2547,2.5318],[174.2284,-35.2556,10.2371],[174.2301,-35.2548,10.2371],[174.2295,-35.2529,54.3504],[174.2335,-35.2518,0.0],[174.2339,-35.2496,14.4134],[174.231,-35.2459,0.0],[174.2304,-35.2486,14.4418],[174.2287,-35.2491,2.5021],[174.2253,-35.2471,6.9607],[174.2256,-35.2451,6.2297],[174.2233,-35.2451,5.4194],[174.2233,-35.2477,16.9854],[174.2214,-35.2483,7.5104],[174.2179,-35.246,0.0],[174.2139,-35.25,22.9964],[174.2052,-35.2517,31.0242],[174.2009,-35.2502,36.1956],[174.1984,-35.2458,3.2941],[174.1967,-35.2481,0.0],[174.1976,-35.2492,60.086],[174.1944,-35.2516,20.5299],[174.1883,-35.2483,5.7348],[174.1898,-35.2525,28.3396],[174.194,-35.2535,8.8798],[174.1944,-35.2568,0.0],[174.1961,-35.2535,7.931],[174.1988,-35.2522,11.6027],[174.2087,-35.254,15.4604],[174.2095,-35.252,12.0833],[174.2122,-35.2525,16.6689],[174.2117,-35.255,8.8591],[174.2141,-35.2566,39.1687],[174.2134,-35.2587,20.6945],[174.2091,-35.2563,16.1591],[174.2079,-35.2567,16.1591],[174.2106,-35.2585,12.7803],[174.2095,-35.2611,0.0],[174.2041,-35.26,0.0],[174.2116,-35.2648,0.0],[174.2156,-35.2648,0.2502],[174.2138,-35.2637,4.0117],[174.2156,-35.2627,21.3495],[174.2184,-35.2671,18.2801],[174.2167,-35.2708,4.0935],[174.2132,-35.2687,0.0],[174.2116,-35.2694,0.0],[174.2125,-35.2716,3.5914],[174.2093,-35.2741,2.0765],[174.2051,-35.2722,0.0],[174.209,-35.2775,12.2208],[174.2134,-35.2779,5.7866],[174.2129,-35.2816,9.2562],[174.2122,-35.2815,9.2562],[174.211,-35.281,0.0],[174.2049,-35.284,9.4466],[174.2045,-35.2832,9.4466],[174.2048,-35.2828,6.4175],[174.2043,-35.2818,6.4175],[174.2021,-35.2815,8.088],[174.199,-35.2747,25.3163],[174.1961,-35.2732,36.4346],[174.1964,-35.2712,0.0],[174.1913,-35.2711,0.0],[174.1863,-35.2677,23.1757],[174.1857,-35.2646,23.6014],[174.183,-35.2665,20.1684],[174.1785,-35.2656,22.2247],[174.1779,-35.2631,15.2622],[174.1754,-35.2657,9.174],[174.1731,-35.2653,12.5007],[174.1723,-35.2671,3.2239],[174.1736,-35.2696,0.0],[174.1757,-35.2698,3.6504],[174.1761,-35.2722,0.0],[174.1787,-35.272,9.4095],[174.1776,-35.2673,8.2652],[174.1812,-35.2692,1.6933],[174.1831,-35.268,4.9247],[174.1887,-35.2711,22.8856],[174.1881,-35.2731,8.8979],[174.19,-35.2752,9.0929],[174.191,-35.2757,9.0929],[174.1938,-35.2757,11.8653],[174.1949,-35.2761,11.8653],[174.1964,-35.2785,31.6455],[174.1936,-35.2758,11.8653],[174.1876,-35.2767,23.7028],[174.1852,-35.2719,7.1151],[174.1831,-35.272,9.0791],[174.1829,-35.2753,26.6965],[174.1802,-35.2783,21.9598],[174.181,-35.2731,2.1717],[174.1741,-35.2775,2.3058],[174.1679,-35.2768,36.106],[174.1677,-35.2749,11.6459],[174.1633,-35.2734,5.9647],[174.1622,-35.2701,20.6085],[174.1643,-35.2687,0.0],[174.1604,-35.2675,11.4191],[174.1586,-35.265,26.1088],[174.1513,-35.2653,15.7793],[174.1511,-35.2632,15.303],[174.1483,-35.2628,0.0],[174.1457,-35.2599,20.6714],[174.1422,-35.2618,21.3807],[174.1329,-35.2592,4.9801],[174.1311,-35.2552,28.4643],[174.1346,-35.2519,31.5059],[174.1222,-35.2473,9.1116],[174.1203,-35.2446,9.9467],[174.1214,-35.2427,0.0],[174.1196,-35.2415,17.525],[174.1184,-35.2461,6.9511],[174.1119,-35.2502,3.8539],[174.1146,-35.252,11.163],[174.1152,-35.2553,25.8538],[174.1127,-35.2584,0.2104],[174.1196,-35.2592,19.2673],[174.1213,-35.2624,4.4467],[174.1211,-35.2671,27.9843],[174.1235,-35.2697,0.0],[174.126,-35.2694,14.2665],[174.127,-35.2671,3.3299],[174.1302,-35.2685,10.2097],[174.1309,-35.2713,7.4336],[174.1296,-35.2723,7.4336],[174.1326,-35.274,3.8106],[174.1319,-35.2758,24.2053],[174.13,-35.2758,6.5058],[174.1322,-35.2773,12.1706],[174.1378,-35.2771,1.4239],[174.1384,-35.273,4.4472],[174.1393,-35.2737,4.4472],[174.1394,-35.2775,1.4239],[174.1353,-35.282,0.0],[174.1462,-35.2814,4.996],[174.1487,-35.2885,3.0505],[174.137,-35.2909,1.372],[174.1339,-35.2869,22.2648],[174.1309,-35.2861,15.7018],[174.1297,-35.2823,0.0],[174.1275,-35.2822,8.1257],[174.1264,-35.2794,0.0],[174.1224,-35.2821,15.0366],[174.1204,-35.2808,0.0],[174.1182,-35.2828,7.2832],[174.1147,-35.283,0.0],[174.1141,-35.2858,0.0],[174.1231,-35.2879,7.1242],[174.1235,-35.2903,7.9792],[174.1266,-35.2932,5.0267],[174.1255,-35.294,5.0267],[174.1197,-35.2909,0.0],[174.1142,-35.2901,0.0],[174.1187,-35.2917,7.3577],[174.1197,-35.293,23.733],[174.1186,-35.2953,9.1782],[174.1244,-35.3007,7.2052],[174.1234,-35.3024,2.3144],[174.1194,-35.3012,0.0],[174.116,-35.3026,0.0],[174.1185,-35.3053,0.0],[174.1226,-35.3057,14.273],[174.1217,-35.3083,0.0],[174.1261,-35.3061,25.412],[174.1266,-35.3081,0.0],[174.1315,-35.3076,0.0],[174.1301,-35.3057,25.4254],[174.1316,-35.3053,15.6263],[174.135,-35.3053,26.3097],[174.1362,-35.3077,0.0],[174.1394,-35.3007,27.6758],[174.1419,-35.2988,8.8315],[174.1425,-35.3022,7.3509],[174.1405,-35.3084,0.0],[174.1445,-35.3088,0.0],[174.1442,-35.3057,2.3929],[174.1458,-35.3044,20.8243],[174.1502,-35.3074,8.5832],[174.151,-35.3019,6.1093],[174.1539,-35.3053,3.6651],[174.1562,-35.3016,3.7195],[174.1623,-35.3054,0.0],[174.162,-35.3032,12.2948],[174.1644,-35.3018,0.0],[174.1611,-35.2971,12.5246],[174.1654,-35.2959,7.5355],[174.1664,-35.2978,0.5989],[174.1655,-35.2938,6.4458],[174.1673,-35.2914,1.8996],[174.173,-35.2973,28.8447],[174.1722,-35.2985,2.7295],[174.1759,-35.3049,0.0],[174.18,-35.3022,15.4383],[174.1821,-35.3032,0.0],[174.188,-35.3008,5.3513],[174.19,-35.2975,1.6991],[174.187,-35.2932,8.9557],[174.1909,-35.2952,6.4114],[174.1937,-35.3,10.1643],[174.1875,-35.3055,28.2105],[174.1917,-35.3061,18.3855],[174.195,-35.3121,0.0],[174.1966,-35.3104,34.8034],[174.1965,-35.3069,22.1386],[174.1929,-35.3046,18.3855],[174.1955,-35.3029,18.5029],[174.1962,-35.3043,6.9447],[174.1979,-35.3036,4.6861],[174.1944,-35.3004,10.1643],[174.1993,-35.2995,16.5511],[174.1993,-35.302,2.7399],[174.2025,-35.2995,26.2951],[174.2033,-35.3006,5.5468],[174.1989,-35.3045,4.6861],[174.2019,-35.3045,14.3026],[174.2061,-35.3001,1.3692],[174.2073,-35.2956,2.2797],[174.2105,-35.2989,14.437],[174.2075,-35.3028,1.1759],[174.2145,-35.3052,25.9872],[174.2095,-35.3068,22.1407],[174.2045,-35.3053,4.0825],[174.2046,-35.3077,6.5503],[174.199,-35.3084,9.106],[174.199,-35.3099,1.3902],[174.2058,-35.3111,4.902],[174.206,-35.3096,4.902],[174.2076,-35.3102,1.543],[174.211,-35.3082,5.016],[174.2134,-35.3104,1.2749],[174.2153,-35.3095,18.9274],[174.2148,-35.3114,21.8527],[174.2102,-35.3116,15.9054],[174.208,-35.3142,5.0663],[174.2109,-35.3145,12.234],[174.209,-35.3159,4.1627],[174.2235,-35.3138,7.3753],[174.2131,-35.3209,0.0],[174.2205,-35.3224,24.7543],[174.2174,-35.3228,10.6773],[174.2169,-35.3245,31.5999],[174.221,-35.3271,6.8828],[174.2262,-35.3258,31.0702],[174.2272,-35.3275,5.9066],[174.229,-35.3248,14.7706],[174.2332,-35.3255,4.1756],[174.2281,-35.3297,17.0612],[174.23,-35.332,2.5225],[174.2297,-35.3359,1.3089],[174.2159,-35.3392,0.867],[174.2131,-35.3414,9.0812],[174.2113,-35.3325,17.5559],[174.2179,-35.3278,0.0],[174.2095,-35.3217,8.3448],[174.203,-35.3217,2.3711],[174.1955,-35.318,20.3049],[174.1884,-35.3181,15.4511],[174.185,-35.3163,2.9512],[174.1851,-35.3196,25.9358],[174.1829,-35.3181,16.8136],[174.1819,-35.3191,15.3904],[174.1835,-35.3218,7.3228],[174.1809,-35.3215,22.1998],[174.1796,-35.3177,1.8367],[174.1777,-35.3176,10.8381],[174.1808,-35.3149,0.0],[174.1784,-35.3129,25.2263],[174.1787,-35.3108,0.0],[174.1704,-35.3125,0.0],[174.1715,-35.314,13.8417],[174.1697,-35.3162,18.1118],[174.1686,-35.3144,1.3294],[174.1645,-35.3158,2.9477],[174.1581,-35.3127,0.0],[174.1578,-35.3147,0.4247],[174.1606,-35.316,19.1857],[174.1622,-35.3191,25.8147],[174.156,-35.3159,0.0],[174.1555,-35.3173,9.204],[174.1537,-35.3169,18.5941],[174.1518,-35.3144,0.0],[174.1482,-35.3171,2.8121],[174.1551,-35.3203,17.6054],[174.1539,-35.3215,3.9138],[174.1548,-35.323,22.1146],[174.1534,-35.3235,13.4632],[174.1515,-35.3211,2.9768],[174.1454,-35.3192,0.0],[174.1427,-35.3212,2.203],[174.1492,-35.3231,9.253],[174.148,-35.3253,20.5583],[174.1492,-35.3271,6.2907],[174.1541,-35.3292,16.6702],[174.1611,-35.3282,1.1132],[174.1659,-35.3254,19.795],[174.1718,-35.327,15.2356],[174.1742,-35.3293,16.1906],[174.1781,-35.3288,8.9072],[174.1806,-35.3313,3.2423],[174.1786,-35.3326,12.9775],[174.168,-35.3288,3.0959],[174.1677,-35.3313,2.1544],[174.1717,-35.3346,22.2613],[174.1715,-35.3385,12.6245],[174.1647,-35.3319,6.6422],[174.1621,-35.3383,42.2294],[174.161,-35.3365,19.9537],[174.1589,-35.3365,8.8741],[174.1619,-35.3342,21.0472],[174.159,-35.3315,12.2344],[174.1568,-35.3343,11.4602],[174.155,-35.3322,3.6031],[174.1534,-35.3341,19.0552],[174.1493,-35.3311,0.0],[174.149,-35.3364,14.3348],[174.1447,-35.3283,0.0],[174.1431,-35.3299,17.4219],[174.1413,-35.3294,0.0],[174.1423,-35.3346,22.1775],[174.1395,-35.335,3.4065],[174.1397,-35.3375,23.068],[174.1381,-35.3375,4.5596],[174.136,-35.3414,13.0088],[174.1344,-35.3395,30.747],[174.1345,-35.3362,37.6275],[174.137,-35.3357,12.5898],[174.1387,-35.3325,3.8416],[174.1347,-35.3308,26.8443],[174.1385,-35.3278,0.0],[174.1366,-35.3279,2.8458],[174.1378,-35.3247,0.0],[174.1357,-35.3205,0.0],[174.1379,-35.3185,0.0],[174.1365,-35.3156,0.0],[174.1337,-35.3148,6.2088],[174.1313,-35.3159,0.0],[174.1322,-35.3185,13.3254],[174.1301,-35.3197,13.4243],[174.1293,-35.3235,4.3015],[174.1337,-35.3229,32.1017],[174.1296,-35.3251,27.1649],[174.1293,-35.3268,14.4756],[174.1273,-35.326,3.8537],[174.127,-35.3174,0.0],[174.1242,-35.3196,0.0],[174.125,-35.3221,4.6391],[174.1227,-35.3228,0.0],[174.1241,-35.3254,3.8659],[174.121,-35.328,0.0],[174.1233,-35.3302,34.2137],[174.1218,-35.3316,0.0],[174.1246,-35.3311,34.2137],[174.1266,-35.3325,8.7882],[174.1248,-35.3327,4.1207],[174.1232,-35.3357,1.2771],[174.1209,-35.3348,5.806],[174.1197,-35.3365,29.419],[174.1236,-35.3423,27.739],[174.1222,-35.343,9.8205],[174.1233,-35.3447,25.6261],[174.1209,-35.3439,20.6172],[174.1212,-35.3413,6.744],[174.1195,-35.34,6.645],[174.1157,-35.3424,7.3427],[174.1162,-35.3443,13.968],[174.1146,-35.3425,41.6403],[174.118,-35.3389,1.7441],[174.117,-35.3378,0.0],[174.111,-35.34,18.4068],[174.1104,-35.342,14.8442],[174.1094,-35.3396,6.1141],[174.1073,-35.3404,5.7185],[174.1072,-35.3448,3.5851],[174.1148,-35.3502,0.0],[174.1173,-35.355,47.0736],[174.1167,-35.3581,0.9743],[174.1381,-35.3666,1.4753],[174.1418,-35.3656,10.1276],[174.1435,-35.3667,3.1496],[174.1401,-35.3665,2.585],[174.1379,-35.3682,12.0126],[174.1329,-35.3666,5.9208],[174.1272,-35.367,1.4322],[174.1249,-35.3623,2.5748],[174.1166,-35.3608,0.3781],[174.1142,-35.3564,1.3846],[174.1101,-35.3607,11.7199],[174.1041,-35.3622,3.9293],[174.1044,-35.3599,2.6105],[174.1087,-35.3581,3.1915],[174.1126,-35.3536,12.6787],[174.1116,-35.3505,0.0],[174.1058,-35.3469,24.4556],[174.1034,-35.3393,5.417],[174.108,-35.336,25.8431],[174.1132,-35.3358,1.7324],[174.1129,-35.3339,10.9413],[174.1149,-35.3341,10.9413],[174.1143,-35.3325,17.6946],[174.1179,-35.3313,0.0],[174.1161,-35.3302,8.8339],[174.111,-35.3311,1.3669],[174.1115,-35.3292,0.0],[174.1045,-35.3278,3.1481],[174.1025,-35.3291,1.3227],[174.1032,-35.3334,24.4235],[174.1013,-35.3331,16.9708],[174.1007,-35.3349,33.4501],[174.0955,-35.3342,2.8713],[174.0936,-35.3372,3.7423],[174.0937,-35.3331,3.4756],[174.0958,-35.3318,3.7757],[174.0981,-35.3326,16.5953],[174.1048,-35.3242,11.9609],[174.1118,-35.3245,0.0],[174.1108,-35.3227,1.4788],[174.1139,-35.3223,3.6534],[174.1184,-35.3183,0.6631],[174.1215,-35.3119,0.0],[174.12,-35.3107,0.0],[174.1196,-35.313,10.6592],[174.1183,-35.3131,22.7184],[174.1166,-35.3093,1.4329],[174.1106,-35.3072,23.0333],[174.1074,-35.3019,12.8599],[174.1024,-35.3046,13.865],[174.1019,-35.3081,15.9192],[174.1011,-35.3068,15.3412],[174.1023,-35.3011,13.8031],[174.1041,-35.2999,4.1116],[174.1034,-35.2977,0.0],[174.1011,-35.2988,23.2152],[174.0995,-35.2979,1.5691],[174.0984,-35.2936,2.7355],[174.1002,-35.2926,21.443],[174.1006,-35.2888,0.0],[174.0896,-35.2787,12.6149],[174.0831,-35.2773,1.3692],[174.0798,-35.2728,0.0],[174.076,-35.2768,4.5308],[174.0775,-35.2776,4.5308],[174.0766,-35.2774,4.5308],[174.0751,-35.2764,8.4248],[174.0746,-35.275,1.5463],[174.0706,-35.2754,3.5938],[174.0723,-35.2779,25.9452],[174.0719,-35.2796,32.6504],[174.0709,-35.2783,11.7071],[174.0695,-35.2801,0.5216],[174.0703,-35.2849,13.8696],[174.0647,-35.2834,4.3977],[174.0657,-35.2822,0.5611],[174.0627,-35.2789,24.8523],[174.0648,-35.2769,19.8533],[174.0594,-35.2744,0.0],[174.0557,-35.2744,1.6066],[174.0542,-35.2791,4.1838],[174.0507,-35.2781,15.6122],[174.0536,-35.278,4.1838],[174.0537,-35.2751,6.0767],[174.0558,-35.2731,1.6066],[174.067,-35.2712,1.3869],[174.0661,-35.2691,2.2221],[174.0636,-35.2672,10.1428],[174.0619,-35.2678,9.719],[174.06,-35.2651,6.0529],[174.0551,-35.2677,12.2518],[174.056,-35.2634,1.3594],[174.0594,-35.2618,4.3084],[174.0627,-35.2641,12.826599999999999],[174.0653,-35.2636,14.4941],[174.0664,-35.2667,10.0799],[174.0695,-35.2663,5.2529],[174.0711,-35.2638,13.7851],[174.0735,-35.2645,14.3063],[174.0714,-35.2657,2.581],[174.0725,-35.2684,1.8466],[174.077,-35.2687,6.8598],[174.0818,-35.2726,0.0],[174.0834,-35.2717,0.0],[174.083,-35.2679,3.5976],[174.0845,-35.2666,0.0],[174.0808,-35.2624,12.309],[174.082,-35.2574,0.0],[174.0774,-35.2556,2.3791],[174.0742,-35.2586,3.7486],[174.0717,-35.2566,12.149],[174.0725,-35.2513,2.9475],[174.0752,-35.2517,0.0],[174.0792,-35.2481,0.7299],[174.078,-35.2414,0.1109],[174.0759,-35.2405,0.5783],[174.0764,-35.238,0.2571],[174.0716,-35.2353,0.0],[174.071,-35.237,4.8194],[174.0686,-35.2358,4.7026],[174.0632,-35.233,6.5745],[174.0621,-35.2308,0.0],[174.0605,-35.2317,7.8531],[174.058,-35.2286,0.0],[174.0584,-35.2218,3.9263],[174.06,-35.2208,16.7261],[174.0616,-35.222,0.0],[174.0648,-35.2144,16.6883],[174.0703,-35.2131,0.0],[174.071,-35.2108,1.529],[174.0675,-35.2103,2.2463],[174.0638,-35.2135,16.6883],[174.0549,-35.2103,0.0],[174.0532,-35.2115,9.976],[174.0506,-35.2091,17.5084],[174.0509,-35.2057,2.0898],[174.049,-35.2057,11.6091],[174.0488,-35.204,1.5416],[174.0435,-35.2087,18.9486],[174.0385,-35.2096,0.0],[174.0399,-35.2105,26.8507],[174.0388,-35.2116,13.7821],[174.0468,-35.2181,32.3162],[174.0433,-35.217,5.6529],[174.0437,-35.2192,17.5564],[174.0409,-35.2201,28.623],[174.038,-35.2179,7.4032],[174.0403,-35.218,1.2146],[174.0378,-35.2173,7.4032],[174.0403,-35.2169,1.3324],[174.0388,-35.2149,2.4878],[174.0398,-35.214,0.6431],[174.0344,-35.2124,4.9909],[174.0344,-35.2108,0.1705],[174.0314,-35.2114,5.2474],[174.0328,-35.2099,0.1705],[174.0303,-35.2079,2.0929],[174.0315,-35.2073,2.5428],[174.0286,-35.2072,2.0929],[174.0281,-35.2091,3.0919],[174.0261,-35.2083,0.0],[174.0268,-35.2109,5.1716],[174.0232,-35.2125,5.4246],[174.0231,-35.2081,0.7833],[174.0156,-35.2086,3.7761],[174.0152,-35.2067,0.7607],[174.0133,-35.2074,1.3687],[174.0154,-35.2089,3.7761],[174.0137,-35.2095,3.4213],[174.01459970501475,-35.210003834808262,3.5572],[174.0146,-35.21,3.5572],[174.01460163934428,-35.210004918032787,3.5572],[174.0162,-35.2109,12.5733],[174.0121,-35.2125,3.8129],[174.0087,-35.2118,12.7657],[174.0062,-35.2089,0.0],[174.0037,-35.2097,42.5938],[174.0009,-35.2073,4.4884],[173.9966,-35.2105,7.6454],[173.9943,-35.2096,12.9214],[173.9921,-35.2123,5.3119],[173.9911,-35.2094,0.0],[173.9869,-35.2107,0.9832],[173.9863,-35.2177,8.8724],[173.9824,-35.2145,12.7979],[173.9842,-35.2106,4.7468],[173.9774,-35.2097,20.2273],[173.9694,-35.2205,19.0015],[173.967,-35.2194,4.3083],[173.9647,-35.2206,9.3225],[173.9666,-35.2178,2.0557],[173.9636,-35.2186,12.471],[173.9626,-35.2173,5.9281],[173.9656,-35.2165,2.0557],[173.9691,-35.22,19.0015],[173.9731,-35.2123,0.8847],[173.9766,-35.2086,0.0],[173.9709,-35.2057,9.759],[173.9686,-35.2061,17.0763],[173.9684,-35.2044,15.4155],[173.9775,-35.2078,10.015],[173.9844,-35.2068,2.8016],[173.9873,-35.2034,3.2974],[173.9856,-35.2028,0.7413],[173.9836,-35.2054,6.9818],[173.9816,-35.2018,6.9701],[173.9872,-35.1998,2.0037],[173.9836,-35.1985,8.6006],[173.9861,-35.1972,35.2182],[173.9926,-35.2001,1.1751],[173.997,-35.1967,4.4953],[174.0014,-35.1973,8.3465],[174.0042,-35.1959,0.0],[174.0007,-35.1939,14.1377],[174.0025,-35.1933,5.8373],[174.0079,-35.195,0.0],[174.005,-35.1903,8.183],[174.0109,-35.1879,30.9508],[174.009,-35.1909,3.0724],[174.0112,-35.1892,10.4837],[174.0129,-35.1901,0.0],[174.0172,-35.1886,8.3874],[174.0211,-35.1901,25.0448],[174.0203,-35.1913,23.1052],[174.0224,-35.194,13.6025],[174.0242,-35.1935,13.6025],[174.0256,-35.1956,0.0],[174.0274,-35.1943,29.4135],[174.0307,-35.1965,0.0],[174.0331,-35.1957,0.8738],[174.0287,-35.1902,17.5102],[174.0355,-35.1936,7.7142],[174.0385,-35.1926,22.3896],[174.0384,-35.1956,0.0],[174.0409,-35.1926,14.1748],[174.0434,-35.193,14.7707],[174.0444,-35.195,0.0],[174.0504,-35.1932,0.0],[174.0467,-35.1921,33.0505],[174.0471,-35.1899,0.0],[174.0442,-35.1901,37.5526],[174.042,-35.1872,4.1149],[174.0385,-35.1865,0.0],[174.0363,-35.1881,29.6613],[174.0337,-35.1867,4.0861],[174.0333,-35.1884,16.7065],[174.0307,-35.1871,5.3965],[174.0301,-35.1837,35.6503],[174.0335,-35.1822,2.8052],[174.0333,-35.1804,0.0],[174.0287,-35.1806,10.2435],[174.0271,-35.1774,0.0],[174.0257,-35.1836,6.2643],[174.0231,-35.1806,0.0],[174.0185,-35.1833,18.6995],[174.0186,-35.1804,2.2002],[174.0156,-35.1802,21.6336],[174.0212,-35.1759,0.0],[174.0189,-35.174,7.8603],[174.0198,-35.1725,0.0],[174.0161,-35.1747,25.8234],[174.0126,-35.1746,21.4733],[174.0125,-35.1763,21.5363],[174.0112,-35.1757,26.5891],[174.0108,-35.1739,8.7922],[174.0076,-35.1746,25.0443],[174.0069,-35.1715,12.963],[174.0037,-35.1725,41.5777],[174.0036,-35.1703,25.4223],[174.0098,-35.1708,30.5695],[174.0132,-35.1667,0.0],[174.0039,-35.1661,0.0],[174.0026,-35.162,23.5144],[174.0038,-35.1572,0.0],[173.9977,-35.1582,0.0],[173.996,-35.1606,11.8907],[173.9901,-35.1581,8.3452],[173.987,-35.1585,1.1885],[173.9863,-35.1602,15.3875],[173.9834,-35.1585,1.2984],[173.9829,-35.1612,14.2639],[173.9857,-35.1634,6.7958],[173.9847,-35.1666,1.3526],[173.9861,-35.1681,3.361],[173.9831,-35.1682,2.4645],[173.9774,-35.1754,5.5539],[173.9787,-35.1726,6.9213],[173.9778,-35.1712,15.4138],[173.9816,-35.1674,1.584],[173.9808,-35.1656,13.4796],[173.9827,-35.1593,16.701],[173.982,-35.1561,1.3616],[173.9808,-35.1576,5.0506],[173.9788,-35.1564,13.0258],[173.9793,-35.1534,1.6986],[173.9824,-35.1548,1.3616],[173.9883,-35.1462,22.2461],[173.9922,-35.1465,0.0],[173.9998,-35.1428,41.3063],[174.0034,-35.1454,0.0],[174.0034,-35.1478,0.0],[174.0051,-35.1475,1.4475],[174.007,-35.144,3.3812],[174.0045,-35.1428,6.9011],[174.0077,-35.1403,11.1745],[174.0042,-35.1376,9.915],[174.0066,-35.1374,25.3466],[174.0091,-35.1406,5.0218],[174.013,-35.1423,7.1908],[174.0234,-35.1417,10.7668],[174.0223,-35.1442,6.4311],[174.0161,-35.145,0.0],[174.0187,-35.1465,9.1825],[174.0161,-35.1479,0.0],[174.024,-35.1502,3.3264],[174.02,-35.1549,0.0],[174.0214,-35.1558,22.5041],[174.0205,-35.1577,7.8177],[174.0234,-35.1566,0.0],[174.0234,-35.1545,20.5912],[174.0278,-35.1529,18.3897],[174.0288,-35.1554,10.3569],[174.0276,-35.1574,0.0],[174.0295,-35.1598,0.0],[174.0327,-35.1608,24.7645],[174.0338,-35.1636,3.9962],[174.0387,-35.168,0.0],[174.0402,-35.1672,2.658],[174.0402,-35.1629,0.0],[174.0386,-35.1622,23.6242],[174.0371,-35.1574,13.7136],[174.0435,-35.1542,3.261],[174.0416,-35.1497,12.1199],[174.0438,-35.1441,13.0945],[174.0513,-35.1513,15.2627],[174.0479,-35.1529,0.0],[174.048,-35.1542,2.6119],[174.0544,-35.1514,4.2036],[174.0552,-35.1448,13.3632],[174.0526,-35.1431,17.2514],[174.0541,-35.1422,7.8473],[174.0541,-35.1388,14.6002],[174.0592,-35.1469,4.5627],[174.0576,-35.1483,3.0366],[174.0622,-35.1487,2.1319],[174.0635,-35.1464,3.6894],[174.068,-35.1496,6.6762],[174.0695,-35.1463,8.154],[174.0711,-35.1485,9.8594],[174.0676,-35.1505,6.6762],[174.0743,-35.1553,23.1092],[174.0706,-35.1564,5.7036],[174.0696,-35.1585,22.2371],[174.0685,-35.1565,13.1273],[174.0696,-35.1557,4.942],[174.068,-35.1523,1.9124],[174.0656,-35.1502,0.6765],[174.0647,-35.1516,19.8943],[174.0639,-35.1488,0.886],[174.0587,-35.1498,5.2222],[174.0583,-35.1527,18.1144],[174.0562,-35.1524,5.6346],[174.0543,-35.155,22.9183],[174.0449,-35.1556,0.0],[174.0458,-35.1587,3.5586],[174.0507,-35.1602,3.2772],[174.0489,-35.1624,0.8445],[174.0511,-35.163,2.246],[174.0502,-35.1645,2.246],[174.0544,-35.1652,22.8889],[174.0515,-35.167,10.4336],[174.0561,-35.1668,23.149],[174.0579,-35.1683,13.3673],[174.0583,-35.171,11.4145],[174.0531,-35.1763,0.0],[174.0558,-35.1771,0.0],[174.0567,-35.174,15.4708],[174.0615,-35.1752,9.8411],[174.0613,-35.1781,19.3378],[174.0564,-35.18,21.3523],[174.0599,-35.1831,20.2807],[174.0587,-35.1854,5.8931],[174.0597,-35.1874,19.4215],[174.0616,-35.1877,15.4177],[174.0605,-35.1892,4.3513],[174.0638,-35.1902,5.7076],[174.0671,-35.1942,1.8529],[174.069,-35.1932,2.4055],[174.0682,-35.1897,9.4647],[174.071,-35.1843,9.2543],[174.0698,-35.1835,9.2543],[174.0707,-35.1815,4.9591],[174.0802,-35.1773,9.3062],[174.0851,-35.1778,1.5189],[174.0849,-35.1749,0.0],[174.0879,-35.1713,9.102],[174.0906,-35.1716,0.0],[174.0954,-35.1691,12.1051],[174.0985,-35.1703,24.6758],[174.0988,-35.173,11.8791],[174.1027,-35.1725,62.7004],[174.1055,-35.1753,2.4273],[174.1078,-35.172,20.4151],[174.1059,-35.1691,21.4773],[174.1115,-35.1671,18.8618],[174.1154,-35.1723,1.9278],[174.1168,-35.1702,15.9407],[174.1213,-35.1716,0.326],[174.1216,-35.1642,50.8841],[174.1239,-35.164,16.7997],[174.1243,-35.1619,33.2765],[174.1272,-35.1636,0.0],[174.129,-35.1621,0.0],[174.1276,-35.1605,0.0],[174.1255,-35.1613,6.2143],[174.1262,-35.1563,51.0012],[174.1243,-35.1548,34.1499],[174.1219,-35.1568,15.8123],[174.1142,-35.1564,101.3131],[174.1125,-35.1521,13.2906],[174.1074,-35.1535,78.3933],[174.0976,-35.1509,4.9202],[174.0963,-35.1469,54.2225],[174.0989,-35.1439,16.4405],[174.0946,-35.1423,18.4895],[174.0961,-35.1398,32.3303],[174.0928,-35.1369,1.1921],[174.0946,-35.1348,0.0],[174.0863,-35.1298,16.0334],[174.0902,-35.1267,60.2947],[174.086,-35.1239,9.6709],[174.0847,-35.1248,60.9483],[174.0841,-35.1215,0.0],[174.0821,-35.121,1.2091],[174.0825,-35.1191,1.0594],[174.0746,-35.1149,6.4984],[174.069,-35.1179,2.4894],[174.057,-35.1158,1.8917],[174.0551,-35.1174,17.9204],[174.0536,-35.1157,5.5898],[174.0532,-35.1193,18.8163],[174.0492,-35.1208,15.239],[174.0468,-35.1169,4.4322],[174.0439,-35.1179,4.2289],[174.0427,-35.1161,0.0],[174.0394,-35.1184,72.021],[174.039,-35.1166,9.0385],[174.0351,-35.1161,0.0],[174.0327,-35.1179,2.0293],[174.0279,-35.1175,2.1189],[174.0231,-35.1193,2.7132],[174.0208,-35.1177,3.8718],[174.0216,-35.1155,3.9252],[174.0196,-35.1148,3.9405],[174.0188,-35.1167,38.9246],[174.0164,-35.1162,0.5069],[174.0124,-35.1221,16.5157],[174.0003,-35.1218,18.4261],[173.9985,-35.1178,0.0],[173.9966,-35.1183,14.2753],[173.9958,-35.116,0.0],[173.9916,-35.1162,0.9313],[173.9917,-35.1196,24.9013],[173.9877,-35.1174,1.8393],[173.9884,-35.1191,12.9484],[173.9861,-35.1209,14.1863],[173.9791,-35.1218,0.0],[173.976,-35.1204,15.2305],[173.977,-35.1172,1.4788],[173.974,-35.1196,17.8005],[173.9709,-35.1168,0.0],[173.9678,-35.1199,4.3422],[173.9633,-35.118899999999996,2.7917],[173.9537,-35.1081,6.1805],[173.951,-35.1085,11.0787],[173.945,-35.1037,1.3695],[173.936,-35.0895,0.0],[173.9366,-35.085,0.0],[173.935,-35.0841,0.6879],[173.9348,-35.0807,0.0],[173.9298,-35.0723,1.1987],[173.9309,-35.0713,1.1987],[173.9273,-35.0664,42.5436],[173.9287,-35.0624,1.2799],[173.9274,-35.0613,30.3145],[173.9294,-35.0587,2.8458],[173.933,-35.0597,0.0],[173.9348,-35.0573,0.9426],[173.9342,-35.0538,13.5654],[173.938,-35.0542,0.0],[173.9385,-35.0527,0.0],[173.9336,-35.0506,41.0394],[173.9332,-35.0484,54.7604],[173.9248,-35.043,72.0926],[173.921,-35.0415,8.431],[173.9191,-35.0427,9.5678],[173.914,-35.0389,18.9683],[173.9143,-35.0313,1.7921],[173.9165,-35.0285,10.5726],[173.9202,-35.0286,1.7648],[173.9199,-35.0268,3.5812],[173.9171,-35.0258,2.3006],[173.9133,-35.0276,1.4872],[173.9073,-35.0244,0.0],[173.906,-35.0209,1.0524],[173.8998,-35.0207,0.6892],[173.8989,-35.0128,0.0],[173.8931,-35.01,13.9709],[173.8952,-35.0135,9.4787],[173.8904,-35.016,2.6118],[173.8885,-35.0192,6.1403],[173.8867,-35.0187,6.1403],[173.8848,-35.0224,16.388],[173.8814,-35.0218,22.8745],[173.8814,-35.0193,0.0],[173.8794,-35.0179,0.0],[173.878,-35.0191,14.6288],[173.8734,-35.0171,10.0885],[173.8712,-35.0201,1.995],[173.8669,-35.0214,9.2325],[173.8597,-35.0193,29.2012],[173.8582,-35.0158,0.6214],[173.8606,-35.0138,6.7964],[173.8569,-35.0124,0.0],[173.8554,-35.0138,2.0854],[173.8528,-35.0132,27.5318],[173.8506,-35.0098,24.6266],[173.8536,-35.004,0.0],[173.8529,-35.0015,2.8018],[173.8524,-35.0015,2.8018],[173.8517,-35.003,17.2157],[173.8496,-35.0025,0.4847],[173.8492,-35.0004,7.5242],[173.8454,-35.002,26.5728],[173.8446,-35.0013,15.4782],[173.8465,-35.0015,26.5728],[173.8436,-34.9988,2.9589],[173.8503,-34.995,5.8835],[173.8534,-34.9958,15.3817],[173.8564,-34.9932,0.0],[173.859,-34.9939,6.5409],[173.8618,-34.9898,15.2814],[173.8541,-34.9904,28.6862],[173.8521,-34.994,25.6728],[173.8405,-34.994,0.0],[173.8387,-34.9968,30.9756],[173.8335,-34.9976,3.5758],[173.8284,-35.0019,34.1907],[173.8225,-34.9998,75.8416],[173.8219,-34.9965,13.3111],[173.8235,-34.9949,2.5014],[173.8214,-34.993,22.2609],[173.8174,-34.9922,1.3382],[173.8188,-34.9957,45.0953],[173.8163,-34.9984,30.7944],[173.8143,-34.9972,14.8526],[173.8144,-34.9917,15.7665],[173.8122,-34.9919,9.085],[173.8084,-34.9954,35.0969],[173.8025,-34.9955,4.2097],[173.8041,-34.9977,7.6861],[173.8016,-34.9984,0.0],[173.801,-35.0016,12.7446],[173.7924,-35.0022,16.3596],[173.7901,-35.0009,0.0],[173.7891,-35.0043,0.4488],[173.7873,-35.0044,0.0],[173.7893,-35.0027,0.0],[173.7775,-35.0082,24.5428],[173.7681,-35.0047,44.09],[173.7674,-35.006,44.09],[173.7629,-35.006,0.0],[173.759,-35.0101,101.927],[173.7552,-35.0111,0.0],[173.7572,-35.0122,15.5207],[173.7554,-35.0141,6.6056],[173.7563,-35.0158,0.0],[173.7616,-35.016,38.1242],[173.7664,-35.019,3.9327],[173.7746,-35.0182,7.8725],[173.7732,-35.0198,0.0],[173.7749,-35.0227,10.1962],[173.7729,-35.0229,0.0],[173.7726,-35.0249,0.0],[173.7766,-35.0265,43.7943],[173.7767,-35.0301,42.5127],[173.7738,-35.0274,0.0],[173.7715,-35.0276,0.0],[173.7771,-35.0331,2.468],[173.7769,-35.0347,3.8545],[173.7804,-35.0341,12.5354],[173.7823,-35.0356,16.6407],[173.7831,-35.0383,1.768],[173.7767,-35.04,9.0],[173.7783,-35.0414,20.9659],[173.7767,-35.0415,13.7738],[173.7751,-35.0406,36.1182],[173.776,-35.0385,1.8986],[173.7714,-35.0381,10.2964],[173.7735,-35.0369,1.2142],[173.7694,-35.0331,0.0],[173.7642,-35.0321,2.8003],[173.7583,-35.0346,0.0],[173.76,-35.0371,5.6858],[173.7636,-35.0383,15.4664],[173.7649,-35.0411,0.0],[173.767,-35.0393,38.9685],[173.77,-35.0416,19.1802],[173.7662,-35.0428,0.0],[173.7653,-35.0456,4.0741],[173.7751,-35.0512,1.962],[173.7721,-35.0525,2.9675],[173.7716,-35.0507,2.7301],[173.7673,-35.0512,1.9522],[173.763,-35.0537,6.7199],[173.7614,-35.0534,6.7199],[173.7635,-35.0506,2.0594],[173.7588,-35.0504,38.6547],[173.7603,-35.0461,0.0],[173.7543,-35.0478,22.7903],[173.7544,-35.0455,19.6514],[173.7574,-35.0448,7.5215],[173.7529,-35.0438,12.51],[173.7566,-35.043,10.4517],[173.7581,-35.0408,0.0],[173.753,-35.0408,10.5736],[173.7541,-35.0388,13.1489],[173.7525,-35.0367,20.9494],[173.7481,-35.0375,0.0],[173.7466,-35.0407,14.6208],[173.7493,-35.0427,33.0596],[173.7472,-35.0449,27.5789],[173.7442,-35.044,0.0],[173.744,-35.049,5.2819],[173.7424,-35.0491,0.0],[173.7434,-35.0515,36.3441],[173.7396,-35.0524,0.0],[173.7394,-35.055,0.0],[173.7459,-35.0567,2.177],[173.7429,-35.0604,28.93],[173.7429,-35.064,19.3717],[173.7407,-35.0673,17.1076],[173.7508,-35.0741,42.2128],[173.7555,-35.0745,1.9975],[173.749,-35.0766,17.9874],[173.7406,-35.071,0.0],[173.7405,-35.0745,40.9223],[173.7426,-35.0777,11.5512],[173.739,-35.0843,4.458],[173.7401,-35.0857,5.4484],[173.7381,-35.086,2.3763],[173.7196,-35.084,1.3524],[173.7187,-35.0797,1.1196],[173.7209,-35.0785,0.9697],[173.7193,-35.07,1.4134],[173.716,-35.0718,2.1105],[173.713,-35.0675,17.1668],[173.7179,-35.0603,0.0],[173.7117,-35.0578,0.1739],[173.709,-35.0593,1.6743],[173.7032,-35.0549,1.3101],[173.7014,-35.0561,1.3101],[173.7004,-35.055,3.2867],[173.7031,-35.0518,6.8565],[173.7064,-35.0516,1.4959],[173.7091,-35.0492,11.9233],[173.7108,-35.047,9.1366],[173.7097,-35.0442,6.2259],[173.7152,-35.0409,14.8588],[173.72,-35.0448,15.639],[173.722,-35.0493,0.0],[173.7211,-35.0465,4.1279],[173.7237,-35.0447,5.9476],[173.728,-35.0477,18.6637],[173.7278,-35.0458,6.6688],[173.722,-35.0425,0.6516],[173.722,-35.0408,11.0429],[173.7296,-35.0413,0.0],[173.7306,-35.0391,2.5073],[173.7295,-35.0356,22.7941],[173.7315,-35.0342,30.1011],[173.7348,-35.039,18.9102],[173.7393,-35.038,7.8951],[173.7417,-35.0351,0.0],[173.7403,-35.0329,62.3841],[173.7433,-35.0323,0.0],[173.7415,-35.0305,5.7334],[173.7474,-35.0251,3.0475],[173.7473,-35.0226,0.0],[173.7404,-35.0189,44.9056],[173.747,-35.0189,9.6395],[173.748,-35.0153,46.1576],[173.7499,-35.0148,0.0],[173.7489,-35.0135,0.0],[173.7447,-35.0122,0.0],[173.7412,-35.0133,43.9242],[173.7369,-35.0108,2.897],[173.7321,-35.0104,0.0],[173.7308,-35.0121,18.7216],[173.7292,-35.0101,10.4905],[173.7274,-35.0114,0.0],[173.7285,-35.0135,34.6406],[173.723,-35.0146,67.28],[173.7213,-35.0139,20.8682],[173.7273,-35.0125,0.0],[173.7266,-35.01,0.0],[173.722,-35.0061,48.9929],[173.7245,-35.0071,2.5082],[173.7267,-35.0059,29.6645],[173.7333,-35.0086,0.0],[173.7333,-35.0065,0.0],[173.728,-35.0042,28.1283],[173.7308,-35.0031,0.0],[173.7285,-35.0011,36.5823],[173.7335,-35.0001,10.1186],[173.7403,-35.0044,0.0],[173.7458,-35.0031,0.0],[173.75,-35.0067,0.0],[173.7507,-35.0047,0.0],[173.7528,-35.0041,39.8186],[173.7545,-35.0066,0.0],[173.7565,-35.0068,0.0],[173.7576,-35.0028,11.1153],[173.7557,-35.0008,27.7967],[173.7573,-35.0002,3.8099],[173.7517,-34.9969,14.3313],[173.7489,-34.9975,15.5933],[173.7458,-34.9951,14.8699],[173.7432,-34.9961,10.9592],[173.7374,-34.9935,29.3188],[173.7344,-34.9956,91.7536],[173.7273,-34.995,55.7633],[173.7171,-34.9975,2.772],[173.7123,-34.9946,5.6409],[173.7097,-34.9896,0.0],[173.7157,-34.9801,13.1532],[173.712,-34.9765,22.2057],[173.7052,-34.9743,27.3776],[173.7032,-34.9709,11.0665],[173.7064,-34.9694,6.81],[173.7027,-34.9673,18.0214],[173.7016,-34.9643,10.1312],[173.7059,-34.9605,0.0],[173.7032,-34.9576,85.1721],[173.7054,-34.9548,24.7143],[173.6998,-34.9517,25.8146],[173.6944,-34.9517,61.0134],[173.6818,-34.9479,0.983],[173.6775,-34.9511,0.5594],[173.6784,-34.9526,2.6991],[173.6768,-34.9543,22.467],[173.679,-34.9582,62.0371],[173.6759,-34.9607,0.8887],[173.6707,-34.9619,3.3616],[173.6629,-34.959,2.107],[173.6554,-34.9668,9.4945],[173.6527,-34.9667,2.9344],[173.6519,-34.964,0.0],[173.6513,-34.9659,0.0],[173.6462,-34.9668,32.8201],[173.6413,-34.9643,17.712],[173.6394,-34.9594,12.9424],[173.6419,-34.9556,2.7922],[173.6401,-34.9542,20.6362],[173.6333,-34.9555,75.8074],[173.6322,-34.9524,25.8755],[173.6268,-34.9495,0.0],[173.6251,-34.9504,0.0],[173.6253,-34.953,8.8404],[173.6204,-34.952,0.4693],[173.6196,-34.9504,3.3253],[173.6208,-34.9481,0.9771],[173.624,-34.9481,6.3468],[173.6205,-34.9441,37.8745],[173.6209,-34.9388,6.1827],[173.6175,-34.9398,60.0507],[173.6141,-34.9373,7.7191],[173.6118,-34.941,25.2511],[173.6093,-34.9412,15.8821],[173.6022,-34.9379,121.7509],[173.6008,-34.9345,0.0],[173.5967,-34.9338,43.8835],[173.5913,-34.9375,5.5044],[173.5907,-34.9415,13.3754],[173.5845,-34.9398,39.7398],[173.5812,-34.9408,0.0],[173.5814,-34.9432,24.3542],[173.5785,-34.9463,29.5206],[173.5726,-34.9443,36.6161],[173.5735,-34.9427,25.502],[173.572,-34.9401,3.0749],[173.5751,-34.939,1.6644],[173.5727,-34.9354,18.9229],[173.578,-34.9355,0.0],[173.5744,-34.933,38.9948],[173.5741,-34.9306,2.36],[173.571,-34.9304,54.4777],[173.5683,-34.9278,4.6412],[173.5679,-34.9251,45.137],[173.5699,-34.9234,12.4288],[173.5661,-34.9252,58.3931],[173.5626,-34.9215,97.503],[173.5592,-34.9136,41.4018],[173.5589,-34.9141,41.4018],[173.5591,-34.9161,76.6248],[173.5586,-34.9176,76.8714],[173.5554,-34.92,9.0538],[173.555,-34.9235,0.0],[173.5577,-34.9258,35.961],[173.5567,-34.9297,34.4808],[173.5513,-34.9273,4.6269],[173.5511,-34.9319,93.516],[173.5434,-34.9354,33.5599],[173.5415,-34.9386,17.6403],[173.5382,-34.9357,0.0],[173.5361,-34.9399,25.2762],[173.5322,-34.9398,5.9673],[173.5269,-34.9451,22.6373],[173.5263,-34.9508,15.5146],[173.5281,-34.9514,0.0],[173.5291,-34.9542,4.9596],[173.5272,-34.955,1.2649],[173.531,-34.9595,54.3374],[173.5303,-34.9645,0.0],[173.5377,-34.967,5.9617],[173.5388,-34.9687,20.4279],[173.5377,-34.9728,0.0],[173.5343,-34.9763,27.1615],[173.5287,-34.9768,17.2895],[173.5285,-34.9785,0.0],[173.532,-34.9795,33.1059],[173.534,-34.984,9.442],[173.5377,-34.9863,0.0],[173.5368,-34.9831,4.7613],[173.5401,-34.9802,0.0],[173.5389,-34.9793,0.0],[173.5393,-34.9764,0.0],[173.5426,-34.9747,0.0],[173.5469,-34.9749,3.713],[173.5469,-34.9745,16.5018],[173.5473,-34.9744,3.1227],[173.5472,-34.9735,3.1227],[173.5477,-34.9734,3.1227],[173.5552,-34.9832,0.5145],[173.5622,-34.9862,13.1698],[173.557,-34.9921,0.0],[173.5596,-34.9969,23.1703],[173.5623,-34.9986,3.3568],[173.5586,-35.0004,1.6844],[173.5559,-35.0057,1.3158],[173.5577,-35.011,32.3526],[173.5602,-35.0121,7.8932],[173.5624,-35.011,32.0806],[173.5609,-35.013,14.4773],[173.555,-35.0139,0.0],[173.556,-35.0151,2.0647],[173.551,-35.0173,21.5816],[173.5482,-35.0118,3.0701],[173.5545,-35.0126,14.3064],[173.5559,-35.0108,6.3803],[173.5531,-35.0016,14.1109],[173.5506,-34.9995,0.0],[173.5414,-34.9996,0.875],[173.5421,-35.0005,0.875],[173.5456,-35.0023,5.568],[173.5429,-35.0058,18.3645],[173.5477,-35.0113,3.0701],[173.5427,-35.0109,4.9229],[173.538,-35.0034,7.4266],[173.5398,-35.0022,0.0],[173.5356,-34.9984,4.0553],[173.5347,-34.9938,1.4751],[173.537,-34.9894,0.0],[173.5312,-34.9876,0.0],[173.5295,-34.9899,15.3918],[173.5275,-34.9883,23.8254],[173.5284,-34.9847,44.215],[173.5262,-34.9804,17.7264],[173.5241,-34.9807,2.7456],[173.5246,-34.9833,55.1554],[173.5196,-34.9837,0.0],[173.5206,-34.9868,41.4957],[173.517,-34.9892,3.9728],[173.5071,-34.9903,5.7092],[173.5039,-34.9888,0.0],[173.5045,-34.9875,0.0],[173.4997,-34.9876,0.0],[173.4978,-34.9894,12.6485],[173.502,-34.9911,22.5905],[173.5,-34.9911,7.75],[173.499,-34.9903,3.3396],[173.4957,-34.9919,14.2276],[173.4943,-34.9902,10.0014],[173.4848,-34.991,3.1315],[173.4794,-34.9894,0.0],[173.4774,-34.9908,5.1673],[173.4774,-34.9886,0.1673],[173.473,-34.9882,15.8839],[173.4698,-34.991,12.9699],[173.4713,-34.993,0.0],[173.4677,-34.9936,2.5169],[173.461,-34.9922,1.6812],[173.4548,-34.985,14.3973],[173.4526,-34.9845,0.0],[173.452,-34.9863,3.7452],[173.449,-34.9868,12.3462],[173.4472,-34.9857,14.8947],[173.4478,-34.9847,14.8947],[173.4413,-34.9827,0.0],[173.4398,-34.9849,10.7526],[173.434,-34.9859,1.7955],[173.4253,-34.982,2.7992],[173.4074,-34.97,1.4742],[173.3897,-34.9535,8.1608],[173.3777,-34.9337,6.531],[173.372,-34.9172,5.5962],[173.3705,-34.9061,0.0],[173.3711,-34.8907,0.7893],[173.373,-34.8816,0.8561],[173.3807,-34.8747,0.0],[173.3831,-34.8747,19.0251],[173.3841,-34.8769,3.9],[173.3901,-34.8752,6.0308],[173.3908,-34.8776,34.7243],[173.3976,-34.8776,14.9807],[173.4,-34.8788,8.2204],[173.3984,-34.8818,0.0],[173.4022,-34.8821,21.374],[173.4055,-34.8795,10.4862],[173.4136,-34.8809,4.7067],[173.4279,-34.8734,0.0],[173.4269,-34.8724,22.8283],[173.43,-34.8693,25.6563],[173.4312,-34.8705,2.454],[173.4322,-34.8687,23.225],[173.4346,-34.8691,8.7071],[173.4334,-34.8663,25.2324],[173.4361,-34.8662,0.3935],[173.4347,-34.8633,7.7384],[173.4354,-34.862,19.3609],[173.4377,-34.8626,6.9897],[173.437,-34.8606,17.0437],[173.4407,-34.8602,1.3631],[173.4458,-34.8629,15.8614],[173.4488,-34.8614,2.178],[173.4527,-34.8626,0.0],[173.4534,-34.8599,5.0612],[173.4623,-34.8601,0.0],[173.4599,-34.8527,44.0469],[173.4701,-34.8494,0.0],[173.4654,-34.8471,16.5531],[173.4646,-34.845,6.3375],[173.4598,-34.848,47.6987],[173.4579,-34.8446,32.7278],[173.4489,-34.8407,11.1777],[173.4466,-34.8375,0.0],[173.4406,-34.8356,29.4971],[173.4409,-34.832,23.8998],[173.4479,-34.8332,0.0],[173.4498,-34.8319,80.193],[173.4495,-34.8302,115.0764],[173.4521,-34.829,14.5656],[173.45,-34.8249,41.687],[173.4449,-34.8283,112.0929],[173.441,-34.8264,38.0812],[173.4411,-34.8283,95.3663],[173.4384,-34.8274,15.0376],[173.4361,-34.8302,122.1145],[173.4332,-34.8267,16.8636],[173.4313,-34.8274,47.6714],[173.4276,-34.825,9.3014],[173.4255,-34.8268,3.9343],[173.4237,-34.8264,3.9343],[173.427,-34.8299,10.8366],[173.4222,-34.8332,5.6445],[173.4175,-34.8351,26.0897],[173.4119,-34.8332,6.9702],[173.4107,-34.8296,3.7],[173.4146,-34.8275,11.7386],[173.4081,-34.8284,5.6399],[173.4065,-34.8269,17.7942],[173.4073,-34.823,0.0],[173.4106,-34.8214,1.2551],[173.4141,-34.8222,10.5309],[173.4142,-34.8193,41.695],[173.4176,-34.8189,0.0],[173.4175,-34.8164,0.0],[173.4157,-34.8139,0.0],[173.4125,-34.815,47.5919],[173.4061,-34.8114,42.1128],[173.4088,-34.8109,9.5003],[173.405,-34.8045,22.6762],[173.4074,-34.8035,0.0],[173.4079,-34.7991,17.5621],[173.413,-34.7972,3.5959],[173.4108,-34.7954,3.6635],[173.4085,-34.7957,8.9144],[173.404,-34.7915,45.927],[173.4003,-34.7869,21.8869],[173.4014,-34.785,0.0],[173.3989,-34.7838,14.9183],[173.3959,-34.7837,0.0],[173.3979,-34.7872,12.5045],[173.396,-34.7868,4.2772],[173.3969,-34.79,25.352],[173.3948,-34.7916,21.4165],[173.3975,-34.7953,7.514],[173.3976,-34.7983,1.6374],[173.3923,-34.8014,13.7255],[173.3858,-34.8004,0.0],[173.3893,-34.8076,3.8293],[173.386,-34.8123,0.0],[173.3923,-34.8133,1.0203],[173.3955,-34.816,11.1403],[173.3967,-34.8217,0.0],[173.3927,-34.8305,3.7823],[173.3836,-34.8396,2.5233],[173.3677,-34.8485,2.1904],[173.3387,-34.8577,3.6796],[173.3312,-34.8568,12.6009],[173.33,-34.8591,19.4015],[173.3244,-34.8611,3.9403],[173.2992,-34.8626,2.9428],[173.296,-34.862,5.1128],[173.2953,-34.8596,9.9387],[173.2902,-34.8584,13.5794],[173.2886,-34.8622,16.25],[173.2861,-34.8621,7.0938],[173.2902,-34.8651,17.3081],[173.2892,-34.8686,12.1317],[173.287,-34.8697,5.7662],[173.2904,-34.8767,11.3178],[173.2887,-34.8791,1.4606],[173.2966,-34.8811,13.3544],[173.3015,-34.8975,2.3177],[173.3073,-34.9001,1.5933],[173.3084,-34.8974,7.8897],[173.3109,-34.8988,8.2544],[173.3178,-34.9117,0.3054],[173.3236,-34.915,3.0774],[173.3261,-34.9241,1.749],[173.3341,-34.9393,2.2109],[173.3392,-34.9536,2.8048],[173.3395,-34.9614,3.8152],[173.3291,-34.9743,5.4168],[173.3262,-34.9861,1.8039],[173.323,-34.9915,1.9306],[173.3234,-34.9953,5.1185],[173.317,-35.0022,2.1867],[173.3179,-35.007,1.7403],[173.3161,-35.0102,1.7719],[173.3161,-35.0074,2.1132],[173.317,-35.0062,3.0978],[173.3154,-35.0017,2.0825],[173.3168,-34.9979,2.1989],[173.3141,-34.996,2.1004],[173.311,-34.9964,1.7288],[173.3081,-34.9934,1.9498],[173.3056,-34.9944,1.885],[173.3076,-35.0017,1.0837],[173.304,-35.0068,1.9403],[173.3012,-35.0057,1.1995],[173.2978,-35.0083,1.9097],[173.2935,-35.0089,3.6824],[173.2975,-35.0158,2.1228],[173.3024,-35.0157,2.4725],[173.2959,-35.0185,1.9519],[173.2912,-35.0179,1.7081],[173.29,-35.0157,2.3412],[173.2849,-35.0135,1.6544],[173.2849,-35.0163,1.5577],[173.2823,-35.0155,2.0555],[173.2819,-35.0119,2.5489],[173.2883,-35.0132,1.8528],[173.2916,-35.0118,1.3941],[173.2921,-35.0104,2.3717],[173.2892,-35.0074,1.9398],[173.2897,-35.0023,1.6293],[173.2914,-35.0002,2.8909],[173.285,-35.0002,1.3423],[173.2822,-35.0055,1.9094],[173.2804,-35.0053,2.1434],[173.281,-35.0031,2.3172],[173.2731,-35.0051,1.9895],[173.2554,-35.0036,1.5516],[173.2515,-34.9998,0.0],[173.2523,-34.9968,1.9387],[173.2506,-34.9928,0.4084],[173.2435,-34.9946,2.1994],[173.2437,-34.996,2.1994],[173.2455,-34.995,2.4978],[173.2467,-34.9994,2.0805],[173.2497,-35.0023,3.1326],[173.2487,-35.004,2.7763],[173.2445,-35.0042,1.9215],[173.2424,-35.0021,1.5733],[173.2382,-35.0051,2.2463],[173.2372,-35.0039,1.4034],[173.2382,-35.007,1.7787],[173.2368,-35.0082,2.1979],[173.2429,-35.0105,1.4398],[173.2459,-35.01,1.7124],[173.2453,-35.0117,1.5906],[173.2464,-35.0122,1.5906],[173.2444,-35.0124,1.9647],[173.2466,-35.0145,3.3148],[173.2482,-35.0201,3.1899],[173.2519,-35.021,1.7918],[173.2507,-35.0221,1.8555],[173.2459,-35.0203,2.4022],[173.2442,-35.0245,2.2864],[173.2445,-35.0215,2.5115],[173.2422,-35.0212,1.7448],[173.2415,-35.0236,2.1817],[173.2409,-35.0224,1.8935],[173.2419,-35.0212,1.7448],[173.2413,-35.0211,1.7448],[173.2446,-35.0196,2.4022],[173.2422,-35.0194,2.0513],[173.2455,-35.0185,2.0144],[173.245,-35.0155,2.5799],[173.2376,-35.0119,2.0015],[173.2351,-35.0087,2.5078],[173.2361,-35.0124,2.3115],[173.2321,-35.0163,1.7631],[173.2321,-35.0196,2.6896],[173.2306,-35.0191,2.3156],[173.2315,-35.0167,1.7631],[173.2287,-35.0144,1.7777],[173.2338,-35.0132,2.0985],[173.229,-35.0034,2.0088],[173.2336,-35.0009,1.916],[173.236,-34.9949,1.6864],[173.2344,-34.9936,0.0],[173.2317,-34.9957,1.9931],[173.2272,-34.9952,1.9206],[173.2255,-34.997,2.1029],[173.2201,-34.9955,3.975],[173.2207,-34.9933,2.382],[173.2245,-34.9939,2.3576],[173.2242,-34.99,1.79],[173.2279,-34.991,1.7069],[173.2287,-34.9892,2.0734],[173.2186,-34.983,2.9799],[173.2173,-34.9694,1.863],[173.2126,-34.9677,30.2836],[173.2152,-34.9664,3.1085],[173.2149,-34.9605,3.1614],[173.2176,-34.9556,4.0799],[173.2225,-34.9522,3.1806],[173.2303,-34.9532,1.8139],[173.2348,-34.9462,1.6758],[173.2364,-34.9377,1.7062],[173.2299,-34.937,2.3664],[173.2253,-34.9388,3.1063],[173.2137,-34.9336,3.0294],[173.2183,-34.9331,5.4904],[173.2248,-34.9361,5.5619],[173.2322,-34.9341,5.5547],[173.2347,-34.9352,2.9279],[173.2477,-34.9319,3.1205],[173.2571,-34.9259,4.0509],[173.2561,-34.9238,5.7941],[173.2685,-34.9217,0.0],[173.2679,-34.915,2.2214],[173.2714,-34.9086,1.679],[173.2689,-34.9076,5.2659],[173.276,-34.9049,2.34],[173.2766,-34.9074,1.1643],[173.2797,-34.9058,0.0],[173.2817,-34.8978,0.0],[173.2808,-34.8925,1.6752],[173.2623,-34.8819,0.0],[173.2298,-34.8802,3.4916],[173.2039,-34.8729,1.6369],[173.1942,-34.8683,1.0303],[173.1752,-34.8569,1.6849],[173.1601,-34.8443,2.869],[173.1537,-34.8344,7.264],[173.1549,-34.8275,1.1735],[173.1527,-34.8251,5.3483],[173.1537,-34.8236,0.0],[173.1508,-34.8223,0.0],[173.1488,-34.8241,1.7897],[173.1444,-34.8213,5.4616],[173.1387,-34.8252,2.6543],[173.1388,-34.8281,6.0605],[173.1357,-34.832,6.9467],[173.132,-34.8317,4.5006],[173.1369,-34.8287,2.6679],[173.1372,-34.8266,7.5506],[173.1206,-34.8172,15.1599],[173.1164,-34.8113,16.672],[173.1185,-34.8103,1.9633],[173.1192,-34.8049,0.0],[173.1163,-34.8028,2.9493],[173.1156,-34.7994,0.848],[173.1057,-34.7919,2.7404],[173.106,-34.7877,1.3981],[173.1025,-34.7855,3.156],[173.0985,-34.7755,1.4683],[173.0927,-34.7712,1.5383],[173.0893,-34.762,1.3987],[173.0786,-34.7589,1.9492],[173.0806,-34.7581,1.5462],[173.0936,-34.7607,1.7898],[173.0981,-34.7656,1.3239],[173.1066,-34.7693,2.2565],[173.1087,-34.7751,17.2047],[173.1124,-34.7772,9.2831],[173.1172,-34.7733,2.0839],[173.1254,-34.7771,1.9315],[173.1305,-34.7836,2.0526],[173.1295,-34.7909,4.2341],[173.1332,-34.7949,0.4682],[173.136,-34.7947,1.9534],[173.1347,-34.7982,1.2114],[173.1364,-34.8001,1.9188],[173.1327,-34.8074,3.2089],[173.1388,-34.8125,18.2724],[173.1479,-34.8111,41.0137],[173.1515,-34.8154,3.0746],[173.1507,-34.819,5.1787],[173.1561,-34.8231,12.6663],[173.1688,-34.8251,2.4386],[173.1697,-34.8211,65.2472],[173.1714,-34.8199,0.0],[173.1648,-34.8144,0.0],[173.1631,-34.8082,1.6964],[173.1657,-34.8036,9.2628],[173.1677,-34.8044,27.5909],[173.1698,-34.8018,22.1931],[173.1747,-34.8045,1.8097],[173.1746,-34.8025,0.0],[173.1721,-34.8013,49.9338],[173.1718,-34.7981,19.6864],[173.1693,-34.7971,62.3943],[173.1677,-34.7936,57.1929],[173.1687,-34.7932,7.086],[173.1658,-34.791,50.7101],[173.1654,-34.7885,19.9973],[173.162,-34.7896,53.5192],[173.1514,-34.788,18.8623],[173.146,-34.7764,0.0],[173.1498,-34.7717,4.3936],[173.1527,-34.7732,0.0],[173.1555,-34.7721,6.5256],[173.1535,-34.7701,64.7555],[173.1546,-34.766,1.7486],[173.1533,-34.7654,0.0],[173.1491,-34.77,15.8419],[173.1468,-34.7702,12.4242],[173.141,-34.7685,16.777],[173.1317,-34.7628,1.6461],[173.1173,-34.7449,3.0734],[173.1163,-34.737,11.9459],[173.1087,-34.7322,0.1669],[173.1068,-34.7327,2.6505],[173.1042,-34.7297,13.4216],[173.0973,-34.7278,9.0287],[173.0974,-34.7254,4.3825],[173.0939,-34.7257,1.5243],[173.0917,-34.7232,19.1738],[173.0923,-34.7218,0.0],[173.0884,-34.7213,7.8368],[173.0893,-34.7237,5.1462],[173.087,-34.7238,0.7465],[173.0775,-34.7182,7.6645],[173.0695,-34.7102,25.6036],[173.0693,-34.7081,19.1337],[173.0648,-34.7071,18.0022],[173.0589,-34.7028,0.0],[173.057,-34.6983,5.7021],[173.0351,-34.6708,2.8167],[173.0251,-34.6535,0.0],[173.0113,-34.6225,4.9338],[173.0042,-34.6014,0.6626],[172.9941,-34.5609,1.8628],[172.991,-34.5352,6.8922],[172.9852,-34.528,3.054],[172.9638,-34.5256,0.0],[172.9581,-34.5279,0.0],[172.9572,-34.533,1.9027],[172.9624,-34.5491,1.659],[172.977,-34.5636,2.0713],[172.986,-34.5686,3.416],[172.9887,-34.5721,2.9958],[172.9875,-34.5818,3.1445],[172.9912,-34.5848,1.0246],[172.9901,-34.5876,2.2074],[172.9865,-34.5899,0.8614],[172.9878,-34.5982,37.9481],[172.9783,-34.607,2.6818],[172.9805,-34.6135,5.011],[172.9795,-34.6151,3.8781],[172.9761,-34.6152,1.4043],[172.9765,-34.6206,0.8769],[172.9685,-34.6205,1.1667],[172.9672,-34.6126,0.8626],[172.9641,-34.6096,2.9731],[172.9626,-34.602,0.9995],[172.9514,-34.6011,0.975],[172.9525,-34.5979,1.0425],[172.9475,-34.5941,9.3245],[172.962,-34.596,4.6209],[172.9643,-34.5878,0.9055],[172.9577,-34.5876,1.4042],[172.9494,-34.5826,0.6449],[172.9462,-34.5851,2.1552],[172.9407,-34.5846,5.0912],[172.9432,-34.5816,0.8948],[172.9439,-34.5774,6.531],[172.9501,-34.5777,16.7819],[172.953,-34.5798,1.6406],[172.9563,-34.5781,5.1789],[172.958,-34.5733,7.3032],[172.9584,-34.5752,2.033],[172.9642,-34.5757,5.3766],[172.9724,-34.5736,5.1035],[172.9733,-34.5711,0.0],[172.9647,-34.5642,0.4158],[172.9633,-34.5578,0.0],[172.9524,-34.5539,0.7387],[172.9511,-34.5511,0.0],[172.9495,-34.551,0.0],[172.9487,-34.5562,4.9478],[172.9452,-34.5607,7.8229],[172.9416,-34.5627,0.0],[172.9427,-34.5669,45.0442],[172.9396,-34.5702,0.0],[172.9384,-34.5743,6.2931],[172.9302,-34.5809,0.1528],[172.9267,-34.5875,0.8875],[172.9131,-34.5866,4.8223],[172.9242,-34.5828,30.9649],[172.9271,-34.5765,5.9303],[172.9235,-34.5769,4.6563],[172.9178,-34.5804,5.6404],[172.9081,-34.5793,12.3692],[172.911,-34.5779,8.0552],[172.9105,-34.5751,11.8477],[172.9138,-34.578,6.4298],[172.917,-34.5779,16.43],[172.9214,-34.5728,35.5408],[172.9242,-34.5738,18.2492],[172.9251,-34.5694,30.09],[172.9292,-34.5722,27.667],[172.9316,-34.5685,3.1517],[172.9321,-34.5639,0.595],[172.9286,-34.5631,1.5027],[172.9244,-34.5597,1.1655],[172.9195,-34.5645,1.0138],[172.9207,-34.5678,1.5142],[172.9147,-34.571,0.265],[172.9119,-34.5697,1.1997],[172.9154,-34.5671,0.1628],[172.9146,-34.5649,6.3087],[172.9092,-34.5638,0.4533],[172.9061,-34.5606,5.4951],[172.9216,-34.5552,11.4539],[172.9345,-34.5543,0.1783],[172.9317,-34.546,2.2916],[172.9385,-34.5353,1.7163],[172.9464,-34.5341,0.0],[172.9463,-34.5274,0.0],[172.9403,-34.5308,0.0826],[172.927,-34.5319,1.1013],[172.923,-34.5361,0.0],[172.9236,-34.5387,1.9736],[172.9229,-34.5376,0.4157],[172.9196,-34.5384,5.3649],[172.9163,-34.5451,15.5095],[172.9214,-34.5489,7.1276],[172.9195,-34.5521,0.9765],[172.9162,-34.551,0.1484],[172.9094,-34.5532,7.5024],[172.9081,-34.5514,3.5054],[172.9111,-34.5519,4.3616],[172.9116,-34.5494,0.0723],[172.8972,-34.5429,0.0],[172.8933,-34.5447,5.9106],[172.8935,-34.5469,5.7792],[172.8877,-34.5484,2.2167],[172.8884,-34.5507,1.5519],[172.877,-34.5507,0.8132],[172.875,-34.5521,6.0421],[172.8756,-34.5537,4.748],[172.8729,-34.5514,0.8068],[172.8746,-34.5492,0.7466],[172.8741,-34.5471,0.7477],[172.8654,-34.5467,2.3007],[172.8635,-34.5457,5.9254],[172.8652,-34.5445,0.9812],[172.8625,-34.5424,0.57],[172.8535,-34.5401,1.9668],[172.8571,-34.5399,11.5692],[172.8584,-34.5409,25.7097],[172.8619,-34.5396,2.4686],[172.868,-34.5432,0.3751],[172.8692,-34.5386,4.8469],[172.8782,-34.5394,1.3667],[172.8743,-34.5352,2.3455],[172.8746,-34.5339,10.0693],[172.8811,-34.5381,4.5306],[172.8888,-34.5382,2.4299],[172.8903,-34.537,3.9343],[172.8892,-34.5333,1.9399],[172.8941,-34.5327,2.3889],[172.8952,-34.5312,0.3458],[172.893,-34.525,0.0833],[172.8881,-34.5221,2.131],[172.8812,-34.525,1.7452],[172.8829,-34.5217,0.9117],[172.8805,-34.5201,1.1582],[172.8748,-34.5227,1.2729],[172.868,-34.5193,0.8711],[172.8669,-34.5227,1.0969],[172.8642,-34.5219,1.0],[172.8667,-34.5191,1.4283],[172.8677,-34.5136,5.7628],[172.8655,-34.5109,4.1268],[172.8622,-34.512,1.7324],[172.8608,-34.5093,38.5521],[172.8633,-34.5112,11.7648],[172.8652,-34.5093,20.4914],[172.8674,-34.5097,5.5092],[172.8727,-34.5159,5.8179],[172.8763,-34.5145,2.8759],[172.875,-34.5104,7.8376],[172.8775,-34.5107,10.2474],[172.8785,-34.5142,9.0137],[172.8812,-34.5145,2.8164],[172.8833,-34.5114,1.293],[172.8824,-34.5103,8.7797],[172.8874,-34.5101,7.981],[172.8876,-34.5113,8.0816],[172.8835,-34.5135,11.2189],[172.8864,-34.5159,13.2013],[172.8916,-34.5163,11.2023],[172.8907,-34.518,3.1685],[172.8929,-34.5174,13.4993],[172.8966,-34.5214,4.1133],[172.9038,-34.5214,2.1594],[172.901,-34.5244,0.715],[172.9046,-34.5286,3.1822],[172.905,-34.5328,5.2662],[172.91,-34.5279,0.0],[172.9093,-34.5204,0.0],[172.9106,-34.5181,1.9514],[172.9153,-34.5163,0.0],[172.924,-34.5163,0.0],[172.923,-34.512,2.3142],[172.9146,-34.5079,4.3488],[172.912,-34.5016,2.2515],[172.9102,-34.5065,4.4756],[172.9062,-34.508,4.5618],[172.9081,-34.5048,0.414],[172.904,-34.4982,1.7859],[172.9011,-34.4978,0.511],[172.9006,-34.4957,13.6949],[172.9046,-34.4933,7.1358],[172.9072,-34.4984,4.9727],[172.9104,-34.4988,5.1669],[172.9145,-34.4962,13.0953],[172.9185,-34.497,0.0],[172.9192,-34.4942,26.783],[172.9237,-34.4903,0.0],[172.9177,-34.4907,2.6448],[172.9162,-34.4892,0.0],[172.9101,-34.4886,1.2106],[172.9103,-34.4851,0.0],[172.9063,-34.4806,0.4575],[172.9009,-34.4801,4.269],[172.8991,-34.4831,31.3021],[172.8962,-34.4788,1.324],[172.8902,-34.4785,9.8351],[172.8926,-34.4717,3.3925],[172.8897,-34.4692,26.3404],[172.8927,-34.4685,42.0699],[172.8954,-34.473,11.6576],[172.8988,-34.4729,4.0234],[172.9009,-34.4705,0.7906],[172.8992,-34.4659,16.6744],[172.9006,-34.4654,16.6744],[172.9035,-34.4678,24.8433],[172.9047,-34.4718,3.5068],[172.9084,-34.4724,30.3845],[172.912,-34.4759,32.0958],[172.915,-34.4766,6.2892],[172.924,-34.4768,6.2525],[172.924,-34.4753,2.2539],[172.9181,-34.4717,0.9047],[172.9196,-34.4682,20.841],[172.9225,-34.4729,16.6213],[172.9283,-34.472,0.7431],[172.9278,-34.4685,7.8473],[172.9288,-34.4711,5.973],[172.9312,-34.4711,11.6755],[172.9266,-34.4749,15.665],[172.9249,-34.4797,17.0214],[172.9191,-34.4818,8.8908],[172.9156,-34.4807,5.1744],[172.9154,-34.4836,3.629],[172.9226,-34.487,2.2343],[172.9374,-34.4826,12.6712],[172.939,-34.4748,5.6206],[172.9371,-34.4738,10.4303],[172.9395,-34.4692,9.847],[172.9408,-34.4746,0.7186],[172.9442,-34.4728,10.239],[172.946,-34.4747,13.7206],[172.9438,-34.4745,1.8519],[172.941,-34.4781,0.9046],[172.9417,-34.4803,0.6027],[172.9447,-34.4817,14.4071],[172.9318,-34.4868,10.9721],[172.9396,-34.4916,2.4982],[172.9291,-34.4932,7.0441],[172.9274,-34.4953,4.5098],[172.9281,-34.4969,21.0038],[172.931,-34.4993,27.897],[172.9332,-34.4987,20.9668],[172.9297,-34.5007,2.2993],[172.9229,-34.4992,0.0],[172.922,-34.5019,6.0079],[172.9307,-34.5024,17.3153],[172.934,-34.5046,2.1557],[172.9356,-34.5032,6.9277],[172.9373,-34.5058,18.0173],[172.9454,-34.4995,3.8063],[172.9466,-34.4957,-0.0466],[172.9448,-34.4934,13.2799],[172.9468,-34.4934,3.1378],[172.948,-34.4887,13.3603],[172.9516,-34.489,12.5156],[172.9493,-34.4898,1.72],[172.949,-34.4922,9.4751],[172.95,-34.4952,1.5016],[172.9522,-34.4946,12.6629],[172.9493,-34.4966,0.0826],[172.9517,-34.5013,2.4549],[172.9555,-34.5004,11.2323],[172.9564,-34.4966,10.4256],[172.9621,-34.4973,12.3681],[172.9625,-34.4945,34.7411],[172.9649,-34.4938,26.5163],[172.9669,-34.4952,19.3399],[172.9706,-34.4935,8.8568],[172.9725,-34.4947,2.0362],[172.9724,-34.4983,0.2679],[172.9767,-34.4985,0.7956],[172.9718,-34.5064,9.9008],[172.9743,-34.5091,0.7451],[172.9718,-34.516,28.2842],[172.9669,-34.5182,30.2711],[172.9667,-34.5208,42.1781],[172.9702,-34.5215,0.0],[172.9742,-34.518,1.0787],[172.987,-34.5189,14.0433],[172.9955,-34.5149,31.8178],[172.9979,-34.5161,13.6066],[173.0004,-34.5149,19.9849],[173.0022,-34.5114,53.764],[173.0074,-34.5091,3.163],[173.0037,-34.5078,17.5206],[172.9998,-34.4943,11.0543],[173.0032,-34.4815,9.292],[173.0063,-34.4812,0.0],[173.0021,-34.4742,18.2756],[173.0029,-34.4726,104.0313],[173.007,-34.4723,49.0508],[173.0083,-34.4688,0.0],[173.0031,-34.4649,10.9718],[173.0042,-34.4504,0.0],[173.0044,-34.4488,11.0],[173.0073,-34.4472,0.0],[173.0067,-34.4422,0.0],[173.0124,-34.4277,0.0],[173.0151,-34.4234,0.0],[173.0236,-34.4214,0.0],[173.0225,-34.4186,0.0],[173.0241,-34.4167,5.2746],[173.0318,-34.4139,47.5524],[173.0384,-34.4141,59.4238],[173.0458,-34.4111,2.0131],[173.048,-34.4117,0.1154],[173.0426,-34.4063,5.3028],[173.0365,-34.4041,6.311],[173.0305,-34.3973,0.0],[173.015,-34.3928,0.0],[173.0049,-34.3946,31.392],[173.0025,-34.3963,11.6321],[173.0013,-34.4022,0.0],[172.9936,-34.4028,0.0],[172.9927,-34.4043,0.0],[172.9854,-34.4056,4.8872],[172.9866,-34.4078,18.7491],[172.9929,-34.4104,61.1776],[172.9929,-34.4125,60.7886],[172.9904,-34.414,25.1873],[172.9929,-34.4156,13.805],[172.9912,-34.418,13.323],[172.9873,-34.4169,18.3466],[172.9817,-34.4214,11.6041],[172.9644,-34.4264,0.0],[172.9594,-34.4237,1.4048],[172.9345,-34.4276,4.0347],[172.9352,-34.4244,0.0],[172.9312,-34.4229,39.5982],[172.9309,-34.4205,0.0],[172.9249,-34.4211,0.4788],[172.9184,-34.419,0.0],[172.9169,-34.421,1.3384],[172.9109,-34.4224,4.7209],[172.9105,-34.4191,0.0],[172.8991,-34.4154,0.0],[172.8926,-34.4191,0.0],[172.8857,-34.4192,0.0],[172.8692,-34.4145,0.0],[172.861,-34.4152,1.535],[172.8602,-34.4166,53.7395],[172.8575,-34.414,0.0],[172.8543,-34.4149,2.8706],[172.8603,-34.421,41.5844],[172.8568,-34.4281,4.4904],[172.8525,-34.4332,1.9136],[172.8375,-34.4435,4.3246],[172.8179,-34.451,0.0],[172.7952,-34.4541,0.0],[172.7856,-34.4528,0.0],[172.7854,-34.4545,15.6359],[172.7798,-34.452,2.1446],[172.7763,-34.4482,27.2072],[172.7682,-34.4476,10.7122],[172.7639,-34.4429,0.0],[172.7619,-34.4436,48.7964],[172.7581,-34.4416,14.6553],[172.7544,-34.4429,13.4366],[172.7505,-34.4401,29.5837],[172.7459,-34.4397,103.0075],[172.7459,-34.4378,0.0],[172.7427,-34.439,24.2124],[172.7419,-34.4369,0.0809],[172.7403,-34.4383,95.3192],[172.7388,-34.4364,5.3185],[172.7373,-34.4377,9.6253],[172.7318,-34.435,1.2103],[172.7266,-34.4363,53.7962],[172.7212,-34.4336,0.0],[172.7136,-34.4358,0.0],[172.7121,-34.4348,5.6267],[172.7121,-34.4321,0.0],[172.7058,-34.4273,0.0],[172.6953,-34.4262,0.0],[172.6938,-34.4288,9.163],[172.6912,-34.4254,0.3587],[172.6886,-34.4266,39.2652],[172.6826,-34.4248,77.7121],[172.6812,-34.422,0.0],[172.6797,-34.4225,11.8398],[172.6796,-34.4202,0.0],[172.6788,-34.4239,30.7214],[172.6746,-34.4264,28.8722],[172.6769,-34.4308,56.7921],[172.674,-34.4365,0.7425],[172.6784,-34.4379,40.0029],[172.6784,-34.4453,0.0],[172.6728,-34.4601,5.2639],[172.6656,-34.4671,1.2106],[172.6603,-34.4684,9.0141],[172.6575,-34.467,0.0],[172.6491,-34.4732,2.791],[172.6434,-34.4742,0.0],[172.6428,-34.4765,0.8151],[172.6441,-34.4779,40.0835],[172.6454,-34.4771,40.0835],[172.6492,-34.4787,5.551],[172.6493,-34.4769,41.5428],[172.6513,-34.4764,10.314],[172.6539,-34.478,1.2592],[172.6604,-34.4774,47.3217],[172.6687,-34.4845,45.7646],[172.6733,-34.484,59.5685],[172.6736,-34.4855,13.8299],[172.6753,-34.4848,33.0969],[172.6805,-34.488,2.9883],[172.6814,-34.4911,2.5194],[172.6834,-34.4873,13.1269],[172.6903,-34.4906,11.1064],[172.7022,-34.5041,2.7229],[172.7025,-34.5074,0.0],[172.6993,-34.508,27.3906],[172.6979,-34.51,30.2021],[172.6995,-34.5115,0.0],[172.7034,-34.5099,37.5143],[172.7023,-34.5138,1.2113],[172.7036,-34.5151,39.4969],[172.7019,-34.5187,17.0846],[172.7038,-34.5235,9.9688],[172.7078,-34.5247,0.0],[172.71,-34.5229,81.5939],[172.7124,-34.5281,0.0],[172.7151,-34.5286,8.5145],[172.7156,-34.5273,57.2715],[172.7195,-34.5301,0.0],[172.72,-34.5276,42.1015],[172.7215,-34.5287,9.3169],[172.7249,-34.5265,0.0],[172.7379,-34.5334,1.5623],[172.798,-34.5815,3.7552],[172.8107,-34.5948,5.1523],[172.8498,-34.6283,0.0],[172.8867,-34.6683,3.5373],[172.8941,-34.679,4.5069],[172.8934,-34.6846,0.0],[172.8983,-34.6856,8.921],[172.9413,-34.7313,2.2746],[173.0834,-34.8953,7.6216],[173.1358,-34.9687,17.4918],[173.1611,-35.0191,3.0018],[173.1686,-35.0392,8.3609],[173.1732,-35.0592,4.5745],[173.1758,-35.0765,0.0],[173.1763,-35.0926,0.0],[173.1744,-35.1127,0.0],[173.1692,-35.1357,2.739],[173.1538,-35.1614,0.0],[173.1435,-35.1717,1.9231],[173.1346,-35.1773,0.0],[173.1303,-35.179,6.8227],[173.1212,-35.1792,0.0],[173.1178,-35.1779,0.0],[173.117,-35.1745,0.0],[173.1117,-35.1716,14.4661],[173.0982,-35.1733,27.4777],[173.087,-35.1676,0.0],[173.0769,-35.1668,5.6216],[173.0706,-35.1642,0.0],[173.0616,-35.1707,3.0594],[173.0605,-35.1752,2.0513],[173.0562,-35.1812,0.0],[173.0562,-35.1873,0.0],[173.0543,-35.1914,0.0],[173.0602,-35.1972,0.0],[173.0665,-35.1992,3.1853],[173.0779,-35.2095,3.9257],[173.0805,-35.2088,14.3955],[173.08,-35.2106,1.3423],[173.0922,-35.2215,0.0],[173.0952,-35.2211,6.3025],[173.0941,-35.2229,5.6291],[173.0972,-35.227,0.0],[173.1053,-35.2345,0.0],[173.1099,-35.2359,9.4031],[173.1079,-35.237,0.0],[173.1097,-35.2388,18.0516],[173.1096,-35.2416,7.8877],[173.1145,-35.2449,14.68],[173.1127,-35.2456,0.4639],[173.1144,-35.2484,1.4197],[173.1172,-35.2489,58.4986],[173.1202,-35.2532,1.4632],[173.1243,-35.2535,0.0],[173.1351,-35.2639,0.0],[173.1412,-35.2723,5.0122],[173.1502,-35.2785,7.0253],[173.1629,-35.2925,9.795],[173.1783,-35.2884,6.3763],[173.1781,-35.2826,72.8464],[173.1797,-35.2799,0.473],[173.1934,-35.2785,1.2891],[173.1925,-35.2705,3.8148],[173.1935,-35.267,2.5728],[173.2011,-35.2621,2.9691],[173.2013,-35.2594,3.4524],[173.2049,-35.2564,2.7337],[173.21,-35.2606,6.4669],[173.2095,-35.2629,2.4333],[173.2015,-35.2649,22.1663],[173.1993,-35.2686,26.0793],[173.1989,-35.273,4.0207],[173.2049,-35.275,2.8473],[173.2022,-35.2793,4.561],[173.2027,-35.2812,4.6865],[173.1984,-35.282,10.819],[173.1967,-35.2851,9.8343],[173.1892,-35.2847,28.9415],[173.1826,-35.287,0.0],[173.188,-35.2947,2.5684],[173.1915,-35.2952,3.1481],[173.1915,-35.2931,11.3824],[173.193,-35.2946,3.1481],[173.2023,-35.2927,4.9894],[173.2008,-35.2961,3.4914],[173.1977,-35.2952,6.746],[173.1944,-35.2969,3.5605],[173.1944,-35.2998,3.3614],[173.192,-35.2999,4.0726],[173.1906,-35.3024,3.6776],[173.1891,-35.3014,3.6776],[173.1893,-35.2979,3.3991],[173.1828,-35.2962,2.3324],[173.1832,-35.2918,0.9097],[173.1802,-35.296,0.8192],[173.1749,-35.2964,19.5706],[173.173,-35.2994,18.4596],[173.1691,-35.3012,0.0],[173.1629,-35.2954,1.4063],[173.1586,-35.2944,0.0],[173.1564,-35.3006,9.656],[173.1608,-35.3062,13.5281],[173.16,-35.3113,0.0],[173.1628,-35.3097,18.5869],[173.1643,-35.312,39.0283],[173.1622,-35.3148,10.7487],[173.1683,-35.3149,5.2064],[173.169,-35.3193,1.8053],[173.1738,-35.3256,12.9636],[173.1795,-35.3263,9.1364],[173.1806,-35.3293,3.7831],[173.1878,-35.3336,1.5244],[173.1893,-35.3382,25.8845],[173.1874,-35.3393,0.6307],[173.1904,-35.342,15.2131],[173.1888,-35.3441,0.0],[173.195,-35.3482,0.3183],[173.1986,-35.3477,29.3055],[173.1985,-35.3544,7.2723],[173.2033,-35.3552,1.9257],[173.2103,-35.3632,5.1575],[173.2113,-35.3696,0.938],[173.2137,-35.373,63.1786],[173.2127,-35.3766,1.8186],[173.2142,-35.3783,3.4881],[173.2225,-35.3759,21.2329],[173.2248,-35.3624,12.834],[173.2288,-35.3573,21.0865],[173.2329,-35.3552,0.0],[173.2328,-35.3529,0.0],[173.2291,-35.3512,6.5589],[173.2266,-35.3467,3.9545],[173.2259,-35.3429,18.6217],[173.2277,-35.3397,14.6085],[173.2232,-35.3362,4.0183],[173.2201,-35.3365,30.7177],[173.2197,-35.3346,3.7138],[173.2228,-35.3334,4.8984],[173.226,-35.3342,2.8786],[173.2288,-35.3307,3.9856],[173.2317,-35.3305,3.7373],[173.2367,-35.3343,13.9338],[173.244,-35.333,2.118],[173.2473,-35.3313,4.5995],[173.2479,-35.3283,27.218],[173.2451,-35.3258,2.4901],[173.2387,-35.3254,9.2542],[173.2384,-35.324,2.4002],[173.2231,-35.3172,10.9158],[173.231,-35.3193,12.5213],[173.2343,-35.3163,19.7324],[173.2356,-35.3192,9.905],[173.2398,-35.3217,2.279],[173.2434,-35.3215,2.6988],[173.2479,-35.3166,10.9776],[173.2473,-35.3148,14.588],[173.2557,-35.3106,12.8137],[173.2531,-35.3054,23.7836],[173.259,-35.3011,2.5714],[173.2588,-35.2961,34.2232],[173.2606,-35.297,14.7908],[173.2619,-35.3011,17.3552],[173.2642,-35.3021,6.7918],[173.2686,-35.3011,13.7309],[173.2691,-35.2975,29.5836],[173.2714,-35.2961,4.3798],[173.2724,-35.2879,12.6255],[173.2771,-35.2823,14.5134],[173.2746,-35.2791,36.4062],[173.2787,-35.2759,10.7358],[173.2814,-35.2768,3.6603],[173.2772,-35.2802,2.5971],[173.28,-35.2819,7.1089],[173.2803,-35.2845,6.5713],[173.2731,-35.2899,2.8988],[173.2743,-35.2933,2.3698],[173.2779,-35.2933,8.3637],[173.2817,-35.2898,8.0971],[173.2821,-35.2925,9.7725],[173.2798,-35.2925,6.4843],[173.2776,-35.295,23.1307],[173.276,-35.2944,3.9891],[173.2709,-35.2988,1.0233],[173.2703,-35.3018,5.9849],[173.2717,-35.3033,10.7104],[173.2696,-35.3036,5.7598],[173.2691,-35.3053,3.7281],[173.2718,-35.3107,9.825],[173.269,-35.3106,7.5485],[173.2685,-35.3076,5.4969],[173.2651,-35.3051,5.628],[173.26,-35.3047,9.1326],[173.261,-35.3089,17.8546],[173.2588,-35.3135,0.855],[173.2528,-35.3155,14.4551],[173.2556,-35.3184,6.8021],[173.2492,-35.3264,50.0676],[173.2497,-35.3305,15.5184],[173.2531,-35.3344,13.1472],[173.2418,-35.3378,2.517],[173.2369,-35.3411,3.2537],[173.237,-35.3383,1.9328],[173.2317,-35.3392,0.0],[173.2347,-35.3431,13.7559],[173.2339,-35.3464,1.5728],[173.2367,-35.3477,2.7371],[173.2395,-35.347,0.0],[173.2442,-35.342,8.2166],[173.2537,-35.3418,2.6998],[173.2614,-35.3365,1.4233],[173.2602,-35.3334,9.176],[173.2618,-35.332,6.2506],[173.2652,-35.3317,3.3886],[173.2632,-35.3331,2.0514],[173.2651,-35.3341,1.2769],[173.2699,-35.3311,13.6964],[173.271,-35.3326,2.2152],[173.2691,-35.3331,1.8321],[173.271,-35.333,1.9462],[173.2723,-35.3318,1.5695],[173.273,-35.3321,1.5695],[173.2705,-35.3336,1.9462],[173.2665,-35.3339,1.2769],[173.2689,-35.3338,1.8321],[173.2712,-35.3367,2.1605],[173.2706,-35.3343,1.9462],[173.2732,-35.3329,1.5695],[173.272,-35.3353,2.2108],[173.2753,-35.3381,2.0931],[173.2703,-35.3431,14.2027],[173.2625,-35.3444,0.4951],[173.2598,-35.3481,15.8285],[173.2542,-35.3503,2.4955],[173.2489,-35.3496,2.9813],[173.2475,-35.348,2.4236],[173.2503,-35.3458,0.8732],[173.2492,-35.3458,0.8732],[173.2471,-35.3482,2.4236],[173.244,-35.3529,0.0],[173.2441,-35.3553,1.3601],[173.2355,-35.3547,14.2578],[173.2305,-35.3583,10.4273],[173.2271,-35.3631,9.0439],[173.2267,-35.3782,48.1894],[173.2194,-35.3823,1.1858],[173.2214,-35.3836,4.5417],[173.2213,-35.3859,0.6449],[173.2244,-35.3851,37.8741],[173.225,-35.3877,22.1752],[173.227,-35.3874,11.0375],[173.2277,-35.3855,27.2643],[173.2383,-35.3915,0.0],[173.2411,-35.3957,1.4506],[173.2398,-35.3998,0.0],[173.243,-35.4018,1.4758],[173.2461,-35.4015,0.0],[173.2468,-35.4024,12.9296],[173.2451,-35.4034,5.4433],[173.2463,-35.4047,0.0],[173.2535,-35.4068,8.9894],[173.2537,-35.4093,3.7783],[173.2617,-35.4183,4.1187],[173.2644,-35.4191,4.7932],[173.2673,-35.4241,2.9044],[173.271,-35.4254,0.0],[173.2694,-35.427,13.5565],[173.2709,-35.4299,1.0585],[173.2745,-35.4333,0.4866],[173.2804,-35.4354,0.0],[173.2785,-35.4369,0.0],[173.3541,-35.5211,4.9727],[173.3566,-35.5228,10.2673],[173.3685,-35.5227,11.0555],[173.3738,-35.5151,1.3929],[173.3723,-35.5125,0.0],[173.3725,-35.5024,0.0],[173.3697,-35.4963,53.1717],[173.3868,-35.4862,0.0],[173.3762,-35.4809,0.0],[173.3752,-35.4794,6.7233],[173.3768,-35.4781,0.9265],[173.3739,-35.4736,6.5025],[173.3755,-35.4707,3.6471],[173.3787,-35.4698,1.6393],[173.3809,-35.4632,0.0],[173.3776,-35.4577,1.2292],[173.3782,-35.4548,7.435],[173.3801,-35.455,1.1771],[173.3803,-35.4516,0.0],[173.3832,-35.4493,7.4629],[173.3877,-35.4482,0.5445],[173.386,-35.4458,12.1196],[173.3872,-35.4418,5.2567],[173.3803,-35.4444,2.7719],[173.3759,-35.4422,17.163],[173.377,-35.4404,7.6763],[173.3791,-35.4412,17.5524],[173.3858,-35.4382,3.8408],[173.389,-35.4361,22.8612],[173.3892,-35.4344,5.0379],[173.3755,-35.4297,10.2259],[173.371,-35.4319,19.905],[173.3679,-35.4276,2.2478],[173.3607,-35.4329,16.9563],[173.361,-35.4312,19.6605],[173.3617,-35.4303,19.6605],[173.367,-35.4261,3.7879],[173.3625,-35.4241,3.9967],[173.3624,-35.4223,1.5149],[173.361,-35.4229,1.9697],[173.3597,-35.4196,3.9873],[173.3659,-35.4188,20.9755],[173.3763,-35.4256,5.4227],[173.3778,-35.4241,18.4656],[173.3815,-35.4243,25.7416],[173.3968,-35.4277,15.6135],[173.4029,-35.4311,13.6307],[173.4077,-35.4316,0.0],[173.4083,-35.4302,0.0],[173.4057,-35.424,5.1397],[173.4008,-35.4214,2.95],[173.401,-35.4174,2.0922],[173.3988,-35.4146,39.2164],[173.3905,-35.414,21.8331],[173.3891,-35.4098,20.8487],[173.3828,-35.4083,9.9692],[173.3818,-35.4009,11.0932],[173.3837,-35.3968,8.614],[173.3775,-35.3958,24.4835],[173.3805,-35.3937,2.6893],[173.3799,-35.3916,19.8001],[173.3817,-35.3893,6.986],[173.3851,-35.3894,4.2049],[173.3868,-35.3923,11.1738],[173.3914,-35.3902,5.4897],[173.3891,-35.3949,3.2151],[173.3919,-35.3982,10.9039],[173.3875,-35.4027,2.8451],[173.3948,-35.4051,17.8875],[173.3951,-35.4088,13.4182],[173.399,-35.4103,9.0143],[173.4044,-35.4065,12.8031],[173.4102,-35.3957,2.1282],[173.415,-35.3964,1.837],[173.4208,-35.3939,2.8529],[173.4206,-35.3909,2.1432],[173.418,-35.3896,6.5259],[173.4054,-35.3935,4.9786],[173.4045,-35.3919,16.7018],[173.4095,-35.3911,1.5864],[173.4064,-35.3902,16.8313],[173.4079,-35.389,1.4469],[173.4064,-35.3868,14.7617],[173.4071,-35.3832,16.1116],[173.413,-35.3884,3.5497],[173.4146,-35.3847,27.4269],[173.4171,-35.3836,5.663],[173.4225,-35.3908,6.2395],[173.4249,-35.3907,16.509],[173.4236,-35.3916,1.8884],[173.4262,-35.3946,5.4473],[173.4266,-35.4004,1.3782],[173.4205,-35.4051,2.8273],[173.423,-35.4077,6.9297],[173.4251,-35.4063,20.7482],[173.4268,-35.4005,1.3782],[173.4311,-35.4005,0.4744],[173.4369,-35.3977,6.4263],[173.4391,-35.3943,1.5161],[173.4365,-35.3928,1.7771],[173.4363,-35.3899,2.3442],[173.4438,-35.3937,5.1164],[173.4379,-35.4006,0.8284],[173.4377,-35.4028,1.3911],[173.4393,-35.404,11.32],[173.4466,-35.3992,6.5736],[173.4536,-35.4024,14.2491],[173.463,-35.3992,3.8529],[173.4676,-35.3945,0.6456],[173.4645,-35.3932,16.2802],[173.4699,-35.3938,17.0078],[173.4812,-35.4001,0.0],[173.4814,-35.3964,1.0875],[173.4789,-35.3932,7.8801],[173.481,-35.3883,1.4564],[173.4805,-35.3832,1.0142],[173.4771,-35.3812,0.7127],[173.4666,-35.3813,18.5933],[173.4709,-35.3791,1.5284],[173.4687,-35.3735,5.4241],[173.462,-35.3757,8.2658],[173.454,-35.3755,6.7068],[173.451,-35.3771,14.3627],[173.4532,-35.3735,2.6981],[173.4518,-35.3719,10.5375],[173.4529,-35.3684,0.9134],[173.4467,-35.3683,10.3953],[173.4473,-35.3648,9.8285],[173.4456,-35.3634,13.1989],[173.4336,-35.3642,4.5149],[173.4319,-35.358,2.167],[173.4417,-35.3626,19.1042],[173.4531,-35.361,20.4762],[173.45,-35.362,2.0714],[173.449,-35.3654,7.0227],[173.4512,-35.3671,13.4071],[173.4545,-35.367,47.6114],[173.4556,-35.3732,2.8145],[173.4583,-35.3737,4.13],[173.4649,-35.3724,7.6213],[173.4664,-35.3704,39.3378],[173.4659,-35.3675,10.4041],[173.4681,-35.3676,27.0726],[173.4699,-35.3646,1.8122],[173.4698,-35.362,6.1127],[173.4722,-35.3637,10.3093],[173.4759,-35.3629,40.0123],[173.4695,-35.3694,20.5264],[173.472,-35.3718,5.8506],[173.4748,-35.3713,5.0237],[173.4727,-35.3752,0.5024],[173.4761,-35.3758,11.0389],[173.4796,-35.3753,4.8885],[173.4817,-35.3727,3.086],[173.4808,-35.37,12.4351],[173.4846,-35.3692,12.2574],[173.4831,-35.3743,2.1659],[173.4865,-35.3778,16.2897],[173.4859,-35.3859,13.6655],[173.4884,-35.385,1.1357],[173.4885,-35.3821,4.1848],[173.4929,-35.3764,9.0304],[173.4983,-35.3758,9.2386],[173.5019,-35.3736,1.0627],[173.507,-35.3745,2.3291],[173.5089,-35.3722,7.4286],[173.519,-35.384,6.5442],[173.5239,-35.3843,14.2069],[173.5279,-35.3867,0.0],[173.5286,-35.3842,17.7984],[173.5316,-35.3842,3.168],[173.5321,-35.3805,4.9102],[173.535,-35.3789,0.0],[173.535,-35.377,7.567],[173.5397,-35.3749,0.8881],[173.5411,-35.3693,1.1559],[173.54,-35.369,5.0352],[173.5435,-35.365,1.3791],[173.5443,-35.3613,9.7106],[173.5473,-35.3593,0.0],[173.5455,-35.3572,15.8447],[173.5464,-35.3483,47.4691],[173.5437,-35.3455,2.0414],[173.5456,-35.3433,4.5186],[173.5447,-35.3348,35.0501],[173.5342,-35.3249,2.4077],[173.5317,-35.3257,2.7528],[173.5281,-35.3146,2.355],[173.524,-35.314,4.4043],[173.5242,-35.3128,2.5118],[173.5278,-35.3136,1.7483],[173.5283,-35.3115,1.2646],[173.5249,-35.3087,3.6729],[173.5243,-35.3029,11.8695],[173.527,-35.3024,16.5359],[173.5286,-35.304,8.2156],[173.5306,-35.3026,0.0],[173.5299,-35.2972,17.7358],[173.5224,-35.2859,1.9366],[173.5247,-35.2813,0.6811],[173.5209,-35.2752,0.0],[173.5229,-35.2705,14.2811],[173.5238,-35.2718,2.7578],[173.5255,-35.2706,7.8204],[173.5251,-35.2673,8.7478],[173.533,-35.266,5.0456],[173.5302,-35.2603,13.0129],[173.5317,-35.261,11.9509],[173.5328,-35.2623,7.408],[173.5334,-35.2595,9.4067],[173.5305,-35.2579,33.8308],[173.5327,-35.2578,18.5398],[173.5341,-35.2592,9.4067],[173.5334,-35.2637,9.5549],[173.5353,-35.2666,6.7583],[173.5406,-35.2644,1.4679],[173.5429,-35.2614,2.2382],[173.5412,-35.2562,7.0526],[173.5345,-35.2539,31.1062],[173.5313,-35.2492,23.4327],[173.5309,-35.2478,18.1439],[173.5314,-35.2468,18.1439],[173.5357,-35.2466,22.5541],[173.535,-35.2434,5.5259],[173.5362,-35.2428,26.9916],[173.5359,-35.2472,22.5541],[173.5313,-35.2475,18.1439],[173.5334,-35.2502,21.5339],[173.5332,-35.2519,23.97],[173.5412,-35.2554,7.0526],[173.5499,-35.2542,8.4548],[173.5477,-35.2559,6.7196],[173.5499,-35.2577,20.7442],[173.5497,-35.26,12.048],[173.5469,-35.2641,3.3567],[173.5373,-35.2691,6.5418],[173.5318,-35.2701,20.8971],[173.5262,-35.2746,2.9055],[173.5339,-35.2927,1.5285],[173.5384,-35.2947,2.1661],[173.542,-35.2944,8.5608],[173.542,-35.2975,2.8827],[173.5404,-35.2971,4.2566],[173.5369,-35.3012,3.5042],[173.5381,-35.3065,7.333],[173.5337,-35.3081,7.8697],[173.5334,-35.3105,11.3007],[173.5352,-35.3141,8.9545],[173.5394,-35.3132,10.9644],[173.5367,-35.3154,7.1488],[173.5369,-35.3204,6.2774],[173.5405,-35.325,7.1535],[173.544,-35.3242,29.2756],[173.5425,-35.3266,1.4624],[173.5432,-35.3286,7.5374],[173.5531,-35.3295,17.3281],[173.552,-35.3319,5.4953],[173.553,-35.3358,3.9057],[173.5483,-35.3367,1.3869],[173.5492,-35.3384,2.5344],[173.554,-35.3405,5.2056],[173.5644,-35.341,26.3308],[173.5659,-35.3391,0.66],[173.5632,-35.3365,34.4446],[173.5648,-35.3335,24.9316],[173.5634,-35.3315,40.0479],[173.5721,-35.3283,3.7914],[173.5718,-35.3247,5.7603],[173.5697,-35.322,2.2133],[173.5683,-35.3224,3.9263],[173.5669,-35.3197,9.558],[173.5637,-35.3187,5.5512],[173.5624,-35.3161,2.1782],[173.5604,-35.3169,6.547],[173.5607,-35.3128,2.5341],[173.5575,-35.313,13.13],[173.5603,-35.3121,2.5341],[173.5568,-35.3083,12.7577],[173.5603,-35.3099,2.8379],[173.5636,-35.3008,8.3556],[173.5646,-35.303,10.889099999999999],[173.5625,-35.3062,3.925],[173.5639,-35.3068,13.6437],[173.5632,-35.3093,1.3729],[173.5649,-35.3147,1.819],[173.5675,-35.3142,7.3326],[173.5683,-35.3161,26.574],[173.5725,-35.317,9.4944],[173.5744,-35.3197,2.3042],[173.5773,-35.3179,20.9074],[173.5798,-35.3194,14.035],[173.5756,-35.3231,3.8455],[173.5763,-35.3252,6.3404],[173.5816,-35.3261,11.0161],[173.5788,-35.3271,4.9866],[173.5781,-35.3299,10.4318],[173.5695,-35.3341,1.8526],[173.5696,-35.3372,1.626],[173.5754,-35.342,5.0967],[173.5836,-35.3394,3.5159],[173.5941,-35.3403,1.5643],[173.5884,-35.3429,1.8321],[173.5887,-35.3455,0.9977],[173.594,-35.3432,0.3556],[173.5973,-35.3384,0.0],[173.5942,-35.3342,2.3637],[173.5888,-35.3329,12.2979],[173.5892,-35.33,21.5866],[173.5939,-35.3248,3.3481],[173.6059,-35.3225,1.2192],[173.6074,-35.3193,4.9932],[173.6044,-35.3175,22.4335],[173.6096,-35.3174,1.148],[173.6103,-35.3134,5.0205],[173.6126,-35.3109,3.3305],[173.6102,-35.3049,4.9757999999999996],[173.6169,-35.3108,2.1881],[173.6307,-35.3136,1.0134],[173.6378,-35.3125,0.6999],[173.6397,-35.3076,5.5364],[173.6421,-35.3063,2.485],[173.6397,-35.3089,1.3251],[173.6398,-35.3116,1.7286],[173.6361,-35.3137,1.4076],[173.628,-35.3146,2.5157],[173.6219,-35.3124,1.3855],[173.6215,-35.3153,2.5622],[173.623,-35.3153,2.5622],[173.6225,-35.316,2.5622],[173.6213,-35.3154,2.5622],[173.6214,-35.3169,2.177],[173.6252,-35.3185,2.01],[173.6218,-35.3176,2.177],[173.6212,-35.3168,2.177],[173.621,-35.3152,2.1965],[173.6202,-35.3143,4.0215],[173.6195,-35.3162,2.1965],[173.6183,-35.3142,2.675],[173.6166,-35.3147,3.591],[173.618,-35.316,2.2195],[173.6145,-35.3178,4.4557],[173.6174,-35.3187,3.3795],[173.6203,-35.3169,1.9276],[173.6213,-35.3189,2.0748],[173.6264,-35.3205,2.0633],[173.6252,-35.3232,2.2087],[173.622,-35.3219,2.9642],[173.6191,-35.3229,2.1323],[173.6107,-35.3307,2.8449],[173.6114,-35.333,1.6421],[173.609,-35.3349,2.2644],[173.6124,-35.3393,2.0384],[173.615,-35.3401,3.6502],[173.6135,-35.344,2.7142],[173.6098,-35.3474,3.4234],[173.6011,-35.3508,2.3751],[173.5956,-35.3548,3.3933],[173.5961,-35.356,3.3933],[173.5902,-35.3551,0.7208],[173.5847,-35.3601,4.8785],[173.5866,-35.3671,25.0418],[173.5928,-35.3693,39.748],[173.5934,-35.3721,7.1739],[173.5892,-35.3693,14.9499],[173.587,-35.3712,1.634],[173.5886,-35.3746,31.3345],[173.5868,-35.3742,4.6694],[173.5801,-35.3614,6.4563],[173.5806,-35.3593,2.1989],[173.5729,-35.3544,1.2416],[173.5682,-35.3529,0.0],[173.5662,-35.3551,14.9174],[173.5617,-35.3548,2.1511],[173.5562,-35.3591,1.1704],[173.5594,-35.3751,5.7863],[173.5518,-35.3824,2.7992],[173.5561,-35.3834,2.7756],[173.5554,-35.3848,13.6008],[173.5491,-35.3849,11.8302],[173.5396,-35.3786,7.1076],[173.5341,-35.3865,2.0259],[173.5376,-35.3893,5.3642],[173.531,-35.3873,4.5064],[173.5312,-35.4012,6.1674],[173.5248,-35.4055,11.2158],[173.5273,-35.4077,18.6531],[173.5255,-35.4092,3.0848],[173.5266,-35.4133,34.5989],[173.5233,-35.4205,6.188],[173.5316,-35.4183,4.0712],[173.5311,-35.4211,1.9033],[173.5366,-35.4251,0.9725],[173.5397,-35.4231,0.634],[173.5423,-35.4138,13.3835],[173.5453,-35.4095,1.1911],[173.5483,-35.4086,0.529],[173.5528,-35.4103,0.633],[173.5535,-35.4086,5.4772],[173.5549,-35.4177,1.4034],[173.5583,-35.4177,19.2081],[173.5621,-35.4138,9.2331],[173.569,-35.4113,0.0],[173.5742,-35.4158,1.3504],[173.5835,-35.4206,23.3648],[173.5892,-35.4385,10.2832],[173.5915,-35.4406,8.5317],[173.5957,-35.4416,9.545],[173.5996,-35.438,1.6728],[173.6036,-35.4366,1.515],[173.6125,-35.4369,9.6585],[173.6177,-35.4354,6.1691],[173.6193,-35.437,12.4509],[173.6173,-35.4356,6.1691],[173.6127,-35.4372,9.6585],[173.6052,-35.4369,1.6442],[173.5997,-35.4384,1.6728],[173.5958,-35.4422,9.545],[173.5913,-35.4409,8.5317],[173.5883,-35.4375,1.6524],[173.5838,-35.4245,0.974],[173.5803,-35.4205,1.2735],[173.5726,-35.4175,1.586],[173.5695,-35.4133,7.6919],[173.5581,-35.4202,4.3034],[173.5542,-35.4198,9.8436],[173.551,-35.4125,6.1296],[173.5476,-35.4104,8.251],[173.5453,-35.4123,1.0204],[173.5461,-35.4238,3.2602],[173.5401,-35.4287,11.2541],[173.5403,-35.4305,6.6086],[173.5452,-35.4329,27.0988],[173.5419,-35.4336,10.1842],[173.541,-35.432,5.3623],[173.5381,-35.4318,24.7542],[173.537,-35.4294,1.609],[173.533,-35.4312,2.6521],[173.5337,-35.4335,13.3467],[173.5318,-35.4385,6.99],[173.5287,-35.4387,9.2644],[173.529,-35.4359,24.5765],[173.5317,-35.4331,3.6203],[173.5308,-35.4299,2.5201],[173.5351,-35.4274,1.117],[173.5329,-35.4258,1.0329],[173.522,-35.4258,6.7261],[173.5177,-35.4226,20.6963],[173.5184,-35.4158,14.2413],[173.5206,-35.4137,0.0],[173.5198,-35.4087,1.904],[173.5113,-35.4,0.9348],[173.5064,-35.399,1.6505],[173.5066,-35.4008,0.6078],[173.505,-35.398,5.1855],[173.5067,-35.3947,0.0],[173.5053,-35.3915,1.2395],[173.5002,-35.401,8.1836],[173.5029,-35.413,4.6882],[173.4966,-35.418,2.0694],[173.4963,-35.4217,1.3042],[173.4996,-35.428,1.6927],[173.5027,-35.4289,6.8559],[173.5046,-35.4324,32.389],[173.5041,-35.4385,17.3913],[173.5072,-35.443,2.4411],[173.5122,-35.4452,2.7052],[173.5166,-35.4431,3.0474],[173.5201,-35.4444,1.9762],[173.5252,-35.4504,4.6231],[173.5237,-35.451,2.6821],[173.5187,-35.4452,12.0398],[173.5147,-35.4485,26.7368],[173.5109,-35.4479,2.1734],[173.5089,-35.4499,16.3471],[173.508,-35.448,5.9582],[173.5074,-35.453,15.1021],[173.5034,-35.4456,2.4378],[173.499,-35.4573,4.5473],[173.4958,-35.4558,2.9455],[173.498,-35.4526,2.0741],[173.4953,-35.4534,18.9768],[173.498,-35.4504,2.7796],[173.4968,-35.4483,8.2888],[173.5035,-35.4449,2.4378],[173.504,-35.442,1.3586],[173.4993,-35.4394,1.3789],[173.4981,-35.4409,1.9672],[173.4969,-35.44,10.088],[173.4993,-35.4387,1.3789],[173.4964,-35.4351,0.5206],[173.4986,-35.4292,1.6927],[173.4945,-35.4245,1.1959],[173.4925,-35.4243,1.1181],[173.491,-35.4206,2.0838],[173.488,-35.4213,0.992],[173.491,-35.4193,9.3087],[173.4908,-35.4178,4.4022],[173.4833,-35.4148,12.741],[173.4812,-35.4075,0.0],[173.4788,-35.4069,8.3835],[173.4756,-35.4086,4.3421],[173.4686,-35.4036,1.9827],[173.4625,-35.4068,0.0],[173.4644,-35.4119,5.7004],[173.4646,-35.4207,2.312],[173.4677,-35.4205,27.3197],[173.4688,-35.4185,25.8558],[173.4724,-35.4289,12.3502],[173.47,-35.4288,17.4738],[173.468,-35.4223,11.6293],[173.4612,-35.4242,15.528],[173.4628,-35.4209,2.312],[173.4616,-35.419,2.7019],[173.4582,-35.4184,18.4558],[173.4604,-35.4157,56.6925],[173.4586,-35.4127,5.1323],[173.4536,-35.4119,11.9771],[173.4456,-35.4141,5.5828],[173.438,-35.4133,20.5896],[173.4379,-35.4165,0.0],[173.4454,-35.4252,5.9493],[173.4454,-35.4285,9.8397],[173.4432,-35.4286,14.1638],[173.4422,-35.4308,29.6795],[173.4465,-35.4315,4.14],[173.4544,-35.438,19.3223],[173.4541,-35.4411,1.889],[173.4562,-35.4421,3.8022],[173.4655,-35.4408,9.448],[173.4699,-35.4418,13.7958],[173.4645,-35.4416,4.5062],[173.4581,-35.444,21.2891],[173.4543,-35.4424,16.4475],[173.4519,-35.4385,8.8616],[173.448,-35.4378,1.3509],[173.4491,-35.4418,1.3384],[173.4547,-35.4483,7.9426],[173.4648,-35.4541,9.1504],[173.46,-35.4551,1.9536],[173.4556,-35.4585,19.4836],[173.4547,-35.4527,1.9726],[173.4509,-35.4491,1.7392],[173.4486,-35.4478,1.7841],[173.4438,-35.4496,16.4152],[173.4465,-35.4455,2.864],[173.4456,-35.4426,13.679],[173.4395,-35.4417,11.1696],[173.4441,-35.4341,0.4212],[173.4329,-35.4358,18.9803],[173.4326,-35.4336,12.3523],[173.4371,-35.4302,8.9462],[173.4367,-35.4261,1.0529],[173.4346,-35.4246,6.205],[173.4356,-35.4226,2.6349],[173.4311,-35.4214,7.3156],[173.432,-35.4196,1.8602],[173.4287,-35.4203,2.0332],[173.4317,-35.4186,0.7967],[173.4231,-35.4198,0.0],[173.4272,-35.425,5.3858],[173.426,-35.4295,23.4281],[173.4277,-35.4329,43.6613],[173.4241,-35.4402,1.481],[173.426,-35.4449,18.4785],[173.425,-35.4493,1.3988],[173.4139,-35.4534,1.8326],[173.4168,-35.4639,13.6377],[173.4164,-35.4684,0.9924],[173.417,-35.4674,7.9103],[173.42,-35.4692,5.5635],[173.4125,-35.4716,18.3819],[173.4076,-35.4722,6.7889],[173.4056,-35.4707,1.3519],[173.4017,-35.4724,1.6008],[173.4033,-35.4747,1.4024],[173.4063,-35.4748,0.0],[173.4131,-35.4794,8.0901],[173.4166,-35.4843,7.7841],[173.4168,-35.4872,4.6666],[173.4207,-35.485,10.2672],[173.4239,-35.4857,11.4907],[173.4264,-35.4841,23.8927],[173.4282,-35.486,4.0531],[173.4208,-35.4857,10.2672],[173.4192,-35.488,1.342],[173.4157,-35.4891,2.224],[173.4155,-35.4848,4.8333],[173.412,-35.4819,2.3409],[173.4124,-35.4801,3.404],[173.4105,-35.4798,0.6703],[173.4105,-35.4864,10.621],[173.4067,-35.4896,0.0],[173.4061,-35.4952,1.2328],[173.4013,-35.5015,32.1387],[173.3913,-35.5039,0.0],[173.3903,-35.5056,0.0],[173.3874,-35.5194,1.3058],[173.3894,-35.5265,0.0],[173.3862,-35.5353,1.4349],[173.3823,-35.5367,22.1997],[173.3714,-35.5361,6.9516],[173.3672,-35.5336,8.7432],[173.367,-35.5375,11.5919],[173.364,-35.5406,35.6302],[173.3664,-35.543,42.311],[173.365,-35.5438,11.7212],[173.3651,-35.5472,24.0219],[173.3713,-35.5515,0.0],[173.3734,-35.5512,10.7618],[173.3729,-35.5533,15.2984],[173.3766,-35.5576,17.6482],[173.3753,-35.5623,2.5777],[173.3897,-35.5709,4.4098],[173.3916,-35.5754,11.4441],[173.3994,-35.5803,9.8557],[173.4108,-35.5914,0.0],[173.4124,-35.5918,0.7907],[173.4143,-35.589,36.8932],[173.4249,-35.5818,5.422],[173.427,-35.5821,1.6079],[173.425,-35.5823,5.422],[173.4261,-35.583,14.7797],[173.4215,-35.5863,80.5487],[173.4182,-35.587,23.9846],[173.4146,-35.591,0.0],[173.4144,-35.5939,5.2423],[173.4189,-35.6001,1.9446],[173.4225,-35.6016,11.3439],[173.4243,-35.6051,0.0],[173.4238,-35.6083,0.0],[173.429,-35.6132,12.4618],[173.4292,-35.6175,2.9608],[173.434,-35.6187,38.6828],[173.4353,-35.6255,3.0989],[173.4407,-35.6284,6.0503],[173.4414,-35.6367,0.0],[173.44,-35.6388,2.2983],[173.4598,-35.6513,8.5504],[173.4612,-35.6549,0.0],[173.4792,-35.6723,0.0],[173.4854,-35.6745,42.3625],[173.4976,-35.6903,3.2536],[173.547,-35.7419,228.6317],[173.5562,-35.7613,0.0],[173.5732,-35.77,0.0],[173.5805,-35.7771,7.1728],[173.5857,-35.7782,21.956],[173.5832,-35.7798,14.7224],[173.5903,-35.7881,0.0],[173.6256,-35.8259,3.946],[173.6321,-35.8315,0.0],[173.6347,-35.8312,41.6302],[173.6329,-35.8324,0.0],[173.6337,-35.834,16.3385],[173.6639,-35.8665,0.0],[173.6663,-35.8683,0.0],[173.6666,-35.8671,16.2015],[173.6694,-35.8726,6.1562],[173.7424,-35.9527,8.0808],[173.7459,-35.9548,6.9727],[173.7466,-35.9577,23.6744],[173.8507,-36.0735,13.064],[173.8764,-36.1055,6.3354],[173.894,-36.1236,5.9709],[173.9072,-36.1409,9.7692],[173.9201,-36.1547,7.4928],[173.932,-36.1724,6.8457],[173.9457,-36.1875,9.66],[173.9507,-36.1953,9.3346],[173.955,-36.1988,10.1454],[173.9568,-36.198,7.3443],[173.9667,-36.2092,6.7713],[173.9656,-36.2089,6.7713],[173.9895,-36.2427,8.608],[173.9928,-36.2532,10.5691],[174.0032,-36.2701,7.4627],[174.0136,-36.2949,8.5832],[174.0353,-36.3585,3.643],[174.0294,-36.3626,3.1857],[174.0314,-36.3809,0.0],[174.0359,-36.3894,0.0],[174.0421,-36.3933,0.0],[174.0639,-36.3963,0.0],[174.0883,-36.394,0.0],[174.1106,-36.3953,0.0],[174.1422,-36.3899,6.4845],[174.1646,-36.379,5.8677],[174.1813,-36.3647,0.0],[174.1819,-36.3629,0.0],[174.18,-36.3612,4.3814],[174.1778,-36.3529,6.5169],[174.1789,-36.3493,0.0],[174.177,-36.3501,0.5203],[174.1782,-36.3462,2.0018],[174.1814,-36.3433,0.0],[174.1805,-36.3376,0.802],[174.1765,-36.3381,0.6437],[174.1798,-36.3421,0.0],[174.1775,-36.3458,2.0018],[174.1765,-36.3449,1.3696],[174.1785,-36.3414,1.9238],[174.1753,-36.3397,2.9637],[174.1737,-36.3364,1.116],[174.1809,-36.3359,0.0],[174.1766,-36.3262,7.0101],[174.1694,-36.3177,38.1586],[174.1691,-36.3149,25.6075],[174.1629,-36.3109,0.0],[174.1613,-36.3123,4.541],[174.1572,-36.3115,3.3404],[174.155,-36.3131,2.2659],[174.155,-36.3098,1.3648],[174.1578,-36.3095,3.0901],[174.1615,-36.3117,4.541],[174.1589,-36.3074,3.6993],[174.1584,-36.3009,0.0],[174.1472,-36.2999,4.9297],[174.138,-36.3024,2.2982],[174.1343,-36.3071,2.6312],[174.1332,-36.3031,4.4969],[174.1265,-36.3037,24.6411],[174.1216,-36.3013,3.1315],[174.1321,-36.3005,6.9405],[174.1382,-36.2971,6.2066],[174.1423,-36.2972,7.7534],[174.1372,-36.2951,20.9634],[174.1366,-36.2926,4.6627],[174.1394,-36.2946,3.285],[174.146,-36.2933,1.3853],[174.1504,-36.2943,0.0],[174.1528,-36.2914,0.0],[174.1571,-36.2914,0.0],[174.1579,-36.2871,30.0084],[174.1541,-36.2835,0.0],[174.1561,-36.2815,0.0],[174.1553,-36.276,0.0],[174.1507,-36.2746,19.1109],[174.1497,-36.2723,8.372],[174.1427,-36.2673,7.1654],[174.1362,-36.2682,7.9329],[174.1364,-36.2657,0.0],[174.133,-36.2629,25.1769],[174.1327,-36.2606,8.3114],[174.1262,-36.2622,0.0],[174.1246,-36.2644,0.9554],[174.1262,-36.2672,2.8801],[174.125,-36.2674,22.8664],[174.123,-36.2659,20.6485],[174.1234,-36.2611,0.0],[174.122,-36.2584,4.3172],[174.1171,-36.2597,30.7196],[174.1092,-36.2573,10.8054],[174.1069,-36.2599,3.2595],[174.1087,-36.2626,2.4857],[174.1048,-36.2635,10.9719],[174.1053,-36.2706,2.9507],[174.103,-36.2698,7.0088],[174.1016,-36.2655,3.4426],[174.0966,-36.2686,12.2957],[174.0965,-36.2669,1.8573],[174.1003,-36.263,4.5426],[174.0983,-36.2626,2.131],[174.0984,-36.2613,2.131],[174.1041,-36.2604,1.5183],[174.1035,-36.2559,1.9314],[174.1086,-36.2521,41.7169],[174.1026,-36.2471,0.0],[174.1,-36.248,16.483],[174.0966,-36.2465,1.976],[174.0961,-36.2431,30.4179],[174.0975,-36.2419,10.9734],[174.0955,-36.2364,4.8724],[174.0935,-36.2368,5.1727],[174.0914,-36.2349,28.8622],[174.0788,-36.2363,2.5534],[174.0797,-36.2326,2.2949],[174.0861,-36.2271,23.5804],[174.0783,-36.216,0.0],[174.0745,-36.2152,1.6227],[174.07,-36.2166,2.5649],[174.0679,-36.2155,1.7528],[174.0685,-36.2129,19.379],[174.0728,-36.2097,0.9424],[174.0719,-36.2074,1.0852],[174.074,-36.2054,0.0],[174.0713,-36.202,0.8908],[174.0657,-36.2035,3.8691],[174.0618,-36.2,1.6269],[174.0616,-36.1961,0.0],[174.0599,-36.1948,10.5684],[174.0548,-36.1944,10.8574],[174.054,-36.1924,4.9158],[174.0488,-36.1908,5.3825],[174.039,-36.1903,1.9004],[174.0233,-36.1692,3.5795],[174.0208,-36.1623,0.0],[174.0012,-36.144,2.0779],[173.9849,-36.1321,3.9433],[173.9831,-36.1284,28.3796],[173.9856,-36.1255,0.0],[173.99,-36.1235,0.5692],[174.0033,-36.1271,3.2958],[174.0213,-36.1372,2.3919],[174.0345,-36.1531,0.0],[174.0458,-36.1701,0.0],[174.0612,-36.1701,3.3181],[174.0664,-36.1669,3.5893],[174.0746,-36.1656,2.7943],[174.0843,-36.1603,2.5177],[174.0947,-36.1594,1.8855],[174.1076,-36.1603,2.041],[174.1126,-36.1657,7.461],[174.1207,-36.1675,25.5716],[174.1288,-36.1736,10.8284],[174.1287,-36.1767,14.4976],[174.1308,-36.1781,1.89],[174.1346,-36.1873,0.0],[174.1339,-36.1897,1.2647],[174.1368,-36.1888,17.5855],[174.1394,-36.1898,0.0],[174.1417,-36.1975,22.7863],[174.145,-36.2012,37.7079],[174.1483,-36.2017,32.7396],[174.1492,-36.2049,7.2464],[174.148,-36.2077,26.362],[174.1503,-36.2085,3.8151],[174.1566,-36.207,10.5911],[174.1531,-36.2113,40.5975],[174.1538,-36.2143,14.1849],[174.1559,-36.2134,10.0212],[174.1624,-36.2162,39.9493],[174.1685,-36.2149,2.1878],[174.1687,-36.2208,14.7088],[174.1712,-36.2223,1.9405],[174.1754,-36.2217,5.6439],[174.1763,-36.2253,0.0],[174.178,-36.2255,8.0663],[174.1799,-36.2286,4.9791],[174.1827,-36.2285,6.1699],[174.1815,-36.2292,6.1699],[174.1831,-36.2307,41.6298],[174.1823,-36.2334,3.4472],[174.1858,-36.2339,11.3886],[174.184,-36.236,0.0],[174.187,-36.2354,22.3232],[174.1878,-36.2368,0.0],[174.195,-36.2326,36.2029],[174.1983,-36.2324,6.834],[174.2009,-36.2367,13.0859],[174.1989,-36.2394,5.0541],[174.2025,-36.2389,16.9444],[174.2026,-36.2412,1.0971],[174.2052,-36.2406,14.4108],[174.2069,-36.2428,8.7078],[174.2038,-36.2475,0.7453],[174.2093,-36.2481,0.0],[174.2094,-36.2532,0.0],[174.2131,-36.2542,12.0648],[174.2146,-36.2587,19.1466],[174.2242,-36.2586,9.9477],[174.2278,-36.2609,4.4914],[174.2273,-36.2635,0.0],[174.2403,-36.2629,42.9624],[174.2449,-36.2613,0.0],[174.2457,-36.2595,26.7293],[174.25,-36.259,8.5193],[174.2515,-36.2569,0.0],[174.2455,-36.2539,3.3223],[174.2481,-36.2515,14.1544],[174.2484,-36.2494,5.7092],[174.2468,-36.2483,5.7092],[174.2528,-36.245,0.654],[174.2513,-36.2451,1.5313],[174.2507,-36.2461,4.1042],[174.2505,-36.2448,4.1042],[174.2546,-36.2439,12.3628],[174.2589,-36.2468,0.9794],[174.2624,-36.2425,19.8285],[174.2686,-36.2422,0.1102],[174.2655,-36.2397,15.4655],[174.2735,-36.2339,9.1431],[174.2839,-36.2337,17.6602],[174.2933,-36.2382,0.0],[174.2895,-36.2239,19.1125],[174.2857,-36.2208,2.9748],[174.2852,-36.2192,11.4402],[174.2838,-36.2196,2.9748],[174.2876,-36.2155,0.4967],[174.2811,-36.2166,37.8695],[174.2772,-36.2155,4.9326],[174.2737,-36.2193,4.2959],[174.2665,-36.2192,15.2167],[174.2659,-36.2108,7.2954],[174.2615,-36.21,1.6113],[174.2625,-36.2108,1.6113],[174.2638,-36.2108,3.3484],[174.2642,-36.2119,9.8062],[174.2608,-36.2129,11.5545],[174.2588,-36.2103,16.0178],[174.2602,-36.2081,7.1419],[174.263,-36.2079,17.034],[174.2631,-36.2028,0.0],[174.2611,-36.2006,1.9388],[174.2627,-36.1936,2.3386],[174.2592,-36.1936,9.705],[174.255,-36.1963,16.9579],[174.256,-36.1991,1.3221],[174.2501,-36.2043,6.4204],[174.2491,-36.2124,24.9594],[174.2461,-36.2094,25.4836],[174.2466,-36.2082,25.4836],[174.2433,-36.2072,6.3771],[174.2435,-36.2028,7.834],[174.2461,-36.2003,5.526],[174.2451,-36.1963,13.1235],[174.2381,-36.1987,1.8702],[174.2357,-36.2028,3.3571],[174.2322,-36.203,1.5043],[174.2304,-36.2126,8.652],[174.2325,-36.2138,22.6644],[174.2319,-36.2148,40.5741],[174.2286,-36.2146,20.0121],[174.2275,-36.2076,7.8833],[174.2256,-36.2055,10.7477],[174.2205,-36.2045,1.7729],[174.2177,-36.2083,13.9556],[174.219,-36.2041,4.2097],[174.216,-36.2027,21.0949],[174.2212,-36.2004,12.5262],[174.2199,-36.1974,9.1981],[174.2253,-36.1982,1.7591],[174.2255,-36.1947,3.5779],[174.2314,-36.1936,4.7031],[174.2332,-36.1914,0.0],[174.2363,-36.1919,0.8079],[174.2397,-36.1854,5.6801],[174.2326,-36.1904,11.8276],[174.2283,-36.1893,0.0],[174.222,-36.1917,24.1905],[174.2203,-36.1866,2.947],[174.2176,-36.1882,11.756],[174.2169,-36.1836,3.7513],[174.2145,-36.1829,0.0],[174.2076,-36.1865,15.1765],[174.2086,-36.194,8.6849],[174.2071,-36.1927,2.108],[174.2046,-36.1972,5.0394],[174.2031,-36.1973,11.8965],[174.2057,-36.194,5.7842],[174.2055,-36.1907,1.9083],[174.2024,-36.1894,1.912],[174.1977,-36.1914,12.2986],[174.1948,-36.1961,9.7432],[174.1968,-36.1899,18.741],[174.1956,-36.1884,10.7264],[174.2012,-36.186,12.1343],[174.2044,-36.1807,5.7882],[174.2013,-36.1789,9.7158],[174.205,-36.1764,7.5048],[174.2157,-36.1752,5.4223],[174.2292,-36.1838,5.948],[174.2359,-36.1824,0.9234],[174.2187,-36.1761,4.7623],[174.2195,-36.1737,14.012],[174.2228,-36.1737,3.5603],[174.2259,-36.1709,5.3888],[174.2228,-36.1679,0.0],[174.22,-36.1688,8.846],[174.2213,-36.1661,0.0],[174.2175,-36.1667,12.008],[174.2125,-36.165,6.743],[174.2113,-36.1674,2.0189],[174.2131,-36.1707,8.3827],[174.2079,-36.1706,4.1841],[174.2092,-36.1679,2.3341],[174.207,-36.1685,11.1462],[174.2067,-36.166,19.8699],[174.2085,-36.1662,12.6355],[174.2118,-36.1626,3.371],[174.2094,-36.1615,10.9132],[174.2099,-36.1594,1.1239],[174.211,-36.1601,2.5392],[174.2099,-36.1591,1.1239],[174.2032,-36.1612,0.0],[174.2,-36.1649,7.5486],[174.1986,-36.17,6.4811],[174.1944,-36.1685,5.2475],[174.1923,-36.172,13.0138],[174.189,-36.1727,8.3271],[174.1874,-36.175,24.3694],[174.1879,-36.1704,3.7341],[174.1905,-36.1677,6.4191],[174.1898,-36.165,2.5152],[174.1935,-36.1611,0.6495],[174.1924,-36.1596,13.8113],[174.1881,-36.1589,1.8568],[174.189,-36.1596,21.6411],[174.1863,-36.1618,6.9771],[174.1808,-36.1632,18.7723],[174.1808,-36.1658,17.747],[174.1756,-36.1596,11.7998],[174.1726,-36.1603,13.3625],[174.171,-36.16,7.9667],[174.1728,-36.1592,11.2583],[174.1696,-36.159,8.9044],[174.1696,-36.1586,8.9044],[174.1703,-36.1581,8.9044],[174.1758,-36.1585,9.992],[174.1773,-36.1602,4.8339],[174.1828,-36.1601,4.1994],[174.1839,-36.1593,4.0473],[174.1822,-36.1576,11.8804],[174.1828,-36.1546,19.9953],[174.1848,-36.1557,7.0369],[174.1879,-36.153,0.6526],[174.199,-36.1508,2.89],[174.1975,-36.1483,0.0],[174.1991,-36.1469,1.3088],[174.1972,-36.1452,0.0],[174.1903,-36.1478,2.6948],[174.1843,-36.1473,9.1311],[174.1822,-36.1455,4.5632],[174.1771,-36.1474,7.0776],[174.1733,-36.1465,10.9907],[174.1719,-36.1482,14.8115],[174.1726,-36.1451,2.1847],[174.17,-36.1426,3.1437],[174.1675,-36.1445,4.8094],[174.1655,-36.1422,5.7189],[174.1622,-36.142,8.4519],[174.1683,-36.1413,5.8085],[174.1761,-36.1444,14.551],[174.1775,-36.1434,7.7909],[174.1748,-36.1404,15.1406],[174.1803,-36.1423,10.0342],[174.1899,-36.1417,2.1285],[174.1907,-36.1395,5.143],[174.1855,-36.1375,16.0928],[174.1867,-36.1352,21.534],[174.1899,-36.1377,12.6613],[174.194,-36.1362,10.4716],[174.1936,-36.1299,3.2846],[174.1915,-36.128,5.8077],[174.1944,-36.1268,10.0039],[174.1933,-36.125,5.6],[174.1865,-36.1244,8.7322],[174.1857,-36.1229,13.6173],[174.1926,-36.1227,15.1559],[174.2005,-36.1247,6.4557],[174.2014,-36.126,13.8636],[174.2,-36.1277,4.6222],[174.2038,-36.1299,10.847],[174.2014,-36.1353,9.3049],[174.206,-36.1371,1.1753],[174.2155,-36.1276,2.2043],[174.2132,-36.1253,20.2709],[174.2161,-36.1241,1.5412],[174.2157,-36.123,7.1486],[174.2129,-36.1228,18.4086],[174.2167,-36.1209,4.8545],[174.2163,-36.1167,4.9797],[174.2177,-36.115,9.3275],[174.2249,-36.1169,4.9032],[174.2276,-36.1142,18.7077],[174.228,-36.1089,9.193],[174.2304,-36.1112,10.9982],[174.2322,-36.1081,13.9551],[174.2306,-36.1059,13.9915],[174.2334,-36.1058,11.979],[174.2317,-36.1068,13.9421],[174.2333,-36.1099,17.4527],[174.2312,-36.1124,2.8915],[174.2347,-36.1155,13.8732],[174.2331,-36.1165,11.1854],[174.2303,-36.1146,11.6047],[174.2231,-36.1188,11.6226],[174.2251,-36.1197,16.4386],[174.2179,-36.1207,11.8994],[174.2205,-36.1227,13.4212],[174.2193,-36.1226,11.2206],[174.2207,-36.1242,2.4468],[174.2196,-36.1246,0.6067],[174.2232,-36.1299,12.8927],[174.2235,-36.1335,6.8997],[174.2215,-36.1377,0.0],[174.2172,-36.1409,1.1564],[174.2193,-36.1453,13.496],[174.2166,-36.1471,10.9482],[174.2169,-36.1489,6.8721],[174.2264,-36.1596,0.0],[174.23,-36.1569,3.9273],[174.2282,-36.1558,0.508],[174.2274,-36.1518,9.5277],[174.2246,-36.1529,6.8448],[174.2237,-36.1517,10.5882],[174.228,-36.1492,15.6361],[174.2283,-36.1448,2.5616],[174.2269,-36.1432,16.8868],[174.2301,-36.1414,23.1387],[174.2289,-36.1345,11.5425],[174.2373,-36.1286,3.3115],[174.2369,-36.1257,6.8006],[174.2396,-36.1246,2.4721],[174.2395,-36.122,15.6079],[174.2446,-36.1246,0.0],[174.2488,-36.1215,1.7322],[174.2514,-36.1215,1.0145],[174.2522,-36.1132,7.5109],[174.2561,-36.1116,3.6081],[174.2585,-36.1142,8.6721],[174.2565,-36.1191,18.206],[174.2585,-36.1225,9.6463],[174.2619,-36.1185,11.0231],[174.2646,-36.121,2.8618],[174.2682,-36.1196,3.3044],[174.27,-36.117,4.5768],[174.2691,-36.1211,3.3044],[174.2621,-36.1227,9.5656],[174.2612,-36.1212,3.7829],[174.2577,-36.1234,17.3608],[174.2547,-36.1176,3.125],[174.2527,-36.1211,0.0],[174.2542,-36.1252,3.6244],[174.2567,-36.127,8.9033],[174.2499,-36.1282,10.123],[174.2516,-36.1313,11.129],[174.2474,-36.1302,5.0595],[174.2457,-36.1318,1.5203],[174.246,-36.1342,2.8738],[174.2439,-36.1341,1.3746],[174.2389,-36.1381,10.7871],[174.2395,-36.1402,4.724],[174.246,-36.1402,8.9182],[174.2375,-36.1418,4.7755],[174.2367,-36.1462,25.8111],[174.2349,-36.1468,8.8112],[174.238,-36.1493,19.6308],[174.2371,-36.1514,20.3959],[174.2335,-36.1522,5.7348],[174.2348,-36.1544,24.8186],[174.2371,-36.1542,19.5578],[174.2334,-36.1556,3.4652],[174.2378,-36.1599,0.0],[174.2358,-36.1712,0.8509],[174.2409,-36.1748,13.7832],[174.2419,-36.1788,10.6402],[174.2483,-36.18,0.0],[174.2542,-36.1836,10.7654],[174.2559,-36.1829,12.2463],[174.2543,-36.1788,1.9796],[174.2512,-36.1757,0.8631],[174.2517,-36.1772,1.6043],[174.2496,-36.1773,4.3126],[174.2507,-36.1745,3.4339],[174.2473,-36.1732,24.0276],[174.2469,-36.1694,2.1524],[174.2436,-36.1657,6.4494],[174.247,-36.1677,9.5496],[174.2492,-36.1671,13.1254],[174.2493,-36.1718,16.7009],[174.2567,-36.1773,0.0],[174.2613,-36.1714,1.0961],[174.2599,-36.17,9.4491],[174.2674,-36.1709,2.1172],[174.2674,-36.1693,15.3362],[174.272,-36.1705,13.0326],[174.2702,-36.1704,3.1201],[174.269,-36.1733,9.24],[174.2659,-36.1725,1.5959],[174.2643,-36.1742,0.0],[174.2655,-36.1763,0.0],[174.269,-36.1772,12.4776],[174.2755,-36.174,4.7586],[174.2833,-36.1733,1.8144],[174.2825,-36.1718,8.7062],[174.284,-36.1703,4.5831],[174.2886,-36.1683,2.8139],[174.2919,-36.1648,3.4194],[174.2964,-36.1635,7.5051],[174.2963,-36.1642,7.5051],[174.2961,-36.1644,7.5051],[174.2953,-36.1642,6.2497],[174.2951,-36.1654,8.043],[174.2923,-36.166,3.4194],[174.2909,-36.1706,6.6892],[174.2861,-36.1714,14.1374],[174.2835,-36.1777,0.0],[174.2896,-36.1795,42.5834],[174.2925,-36.1759,12.8646],[174.2994,-36.1744,29.9707],[174.3016,-36.176,9.2669],[174.3051,-36.1743,9.7928],[174.3084,-36.1768,2.4304],[174.3129,-36.1723,17.2809],[174.3122,-36.1748,10.4526],[174.3103,-36.1767,2.4304],[174.3134,-36.1773,7.7429],[174.3106,-36.1795,17.2562],[174.3069,-36.1777,2.8046],[174.3051,-36.18,15.2782],[174.3031,-36.1784,4.577],[174.2976,-36.1781,3.8634],[174.3012,-36.1834,8.3024],[174.2958,-36.1795,1.6674],[174.2929,-36.1806,1.0803],[174.2925,-36.1826,5.936],[174.2913,-36.1814,19.3796],[174.2841,-36.1827,0.9264],[174.2823,-36.1815,13.7858],[174.2805,-36.1831,14.8639],[174.2778,-36.1804,2.3884],[174.2713,-36.1831,33.0732],[174.2695,-36.1821,3.839],[174.266,-36.1853,0.0],[174.2675,-36.187,0.0],[174.2743,-36.1875,10.2763],[174.277,-36.1937,5.2446],[174.2825,-36.1951,2.599],[174.283,-36.1982,0.0],[174.2887,-36.1972,2.6584],[174.2891,-36.1988,0.3679],[174.2863,-36.2014,4.8727],[174.2918,-36.2046,0.0],[174.2946,-36.2109,25.1825],[174.297,-36.2119,0.0],[174.3011,-36.2107,12.3087],[174.3003,-36.2085,10.9038],[174.3081,-36.2062,18.6036],[174.3133,-36.2028,1.0297],[174.3108,-36.2034,0.4767],[174.3117,-36.2008,2.2452],[174.3095,-36.2038,2.2844],[174.3068,-36.2036,4.5248],[174.3073,-36.1999,11.8339],[174.3106,-36.2007,2.2452],[174.314,-36.198,4.4997],[174.3121,-36.1972,7.2503],[174.3121,-36.195,4.8566],[174.3187,-36.1961,4.6428],[174.3215,-36.1945,3.03],[174.3215,-36.1915,3.1718],[174.3253,-36.1941,6.7162],[174.3296,-36.1927,6.4682],[174.3277,-36.196,3.5935],[174.3223,-36.1964,1.9669],[174.3227,-36.1975,1.9669],[174.3184,-36.1979,1.5227],[174.3174,-36.1999,12.9203],[174.3144,-36.2009,1.2725],[174.3138,-36.2024,1.0297],[174.3164,-36.2045,0.661],[174.3164,-36.2126,0.6945],[174.3095,-36.2159,0.0],[174.3129,-36.2222,19.6659],[174.3119,-36.2249,6.3642],[174.3145,-36.2259,20.7942],[174.3171,-36.2235,2.521],[174.3215,-36.2235,0.0],[174.3208,-36.221,0.0],[174.3242,-36.2156,5.6678],[174.3344,-36.2106,27.0562],[174.3475,-36.2074,2.9052],[174.3455,-36.2073,1.7492],[174.3575,-36.2059,4.5256],[174.3591,-36.2044,6.7399],[174.3574,-36.2045,15.7786],[174.3603,-36.2035,1.3097],[174.3622,-36.2004,4.6487],[174.36,-36.1991,8.1267],[174.3635,-36.1978,37.4324],[174.3649,-36.1949,0.0],[174.3627,-36.1929,1.3799],[174.3564,-36.1931,5.0676],[174.3642,-36.1899,0.0],[174.3643,-36.1842,6.5147],[174.3671,-36.1818,3.2882],[174.3613,-36.1767,15.5839],[174.3627,-36.175,3.7624],[174.3669,-36.1779,15.436],[174.3684,-36.1773,2.3362],[174.3696,-36.1724,14.5128],[174.3665,-36.1693,14.2323],[174.3695,-36.1681,7.4584],[174.3701,-36.165,4.5021],[174.3673,-36.1605,12.285],[174.3695,-36.1608,7.3337],[174.3725,-36.1643,15.0363],[174.3771,-36.164,10.0397],[174.3849,-36.1558,4.9348],[174.3849,-36.1503,1.5521],[174.3796,-36.1492,7.8854],[174.3848,-36.1461,0.8169],[174.3823,-36.1421,14.3682],[174.3822,-36.1384,11.159],[174.372,-36.1365,13.1609],[174.3744,-36.1346,3.0646],[174.3736,-36.1337,10.4446],[174.3754,-36.131,2.1119],[174.3701,-36.1269,3.289],[174.3653,-36.1285,8.3094],[174.3676,-36.1258,13.1082],[174.3656,-36.1233,5.7597],[174.3613,-36.1226,8.9199],[174.3616,-36.1209,19.6044],[174.3642,-36.1202,6.0224],[174.3636,-36.1181,26.4302],[174.3653,-36.1203,6.0224],[174.3678,-36.12,6.1705],[174.3684,-36.1117,4.582],[174.3713,-36.1118,7.3705],[174.3697,-36.1138,6.806],[174.371,-36.1171,3.7831],[174.3676,-36.1238,3.0833],[174.3707,-36.1249,0.0],[174.3737,-36.1217,5.5973],[174.3761,-36.1233,4.0899],[174.3759,-36.1263,0.0],[174.378,-36.1261,16.3806],[174.3779,-36.1314,0.0],[174.3801,-36.1346,0.0],[174.3833,-36.1349,0.4441],[174.3847,-36.1329,11.7999],[174.3884,-36.1349,0.4499],[174.3917,-36.134,4.4379],[174.3954,-36.137,5.0093],[174.395,-36.1373,5.0093],[174.3945,-36.1372,7.3207],[174.3936,-36.1362,3.8813],[174.3856,-36.1385,6.1961],[174.3862,-36.1424,0.0],[174.3886,-36.1447,2.6127],[174.4043,-36.1463,0.0],[174.4131,-36.1415,7.3445],[174.416,-36.1366,12.2734],[174.4242,-36.138,14.5973],[174.4242,-36.1381,14.5973],[174.421,-36.138,10.4938],[174.4178,-36.1389,8.5152],[174.4226,-36.1439,6.5777],[174.4226,-36.1458,4.9776],[174.4192,-36.1489,3.6117],[174.4265,-36.1498,10.7143],[174.4265,-36.1534,7.606],[174.4313,-36.1558,4.6034],[174.4317,-36.1575,4.0331],[174.4293,-36.156,3.3446],[174.4269,-36.1575,6.5389],[174.4244,-36.1563,9.6672],[174.4234,-36.1518,5.2127],[174.4179,-36.1521,7.0814],[174.417,-36.1447,14.3213],[174.4145,-36.1465,7.5957],[174.4161,-36.1491,14.2704],[174.4104,-36.1465,15.9889],[174.4081,-36.1474,6.0602],[174.4092,-36.1492,18.9005],[174.4009,-36.1504,13.0639],[174.3976,-36.1481,17.1537],[174.3889,-36.1477,0.0],[174.388,-36.1519,0.0],[174.3915,-36.1557,12.3431],[174.3935,-36.1568,1.2274],[174.3986,-36.1551,5.4484],[174.401,-36.1574,20.2165],[174.3978,-36.1569,6.2922],[174.3935,-36.1602,12.6884],[174.3935,-36.1584,5.6174],[174.3916,-36.1582,18.9741],[174.3878,-36.1622,5.4904],[174.3857,-36.1608,0.0],[174.3837,-36.1616,14.7624],[174.3834,-36.1632,10.1546],[174.3861,-36.1651,15.9741],[174.3801,-36.168,15.1378],[174.3755,-36.1673,6.5918],[174.3722,-36.169,26.8117],[174.3727,-36.1765,16.1671],[174.3748,-36.1777,24.2761],[174.3776,-36.1775,16.8864],[174.3805,-36.1741,3.7505],[174.3906,-36.1695,13.2067],[174.4015,-36.1688,12.3748],[174.4038,-36.1707,2.9002],[174.3971,-36.1717,5.0818],[174.3988,-36.175,21.9571],[174.3948,-36.1736,8.1662],[174.3905,-36.1748,1.5656],[174.3972,-36.1794,8.8267],[174.3938,-36.1804,3.9486],[174.3935,-36.1863,8.5033],[174.392,-36.183,10.4753],[174.3924,-36.1794,3.2669],[174.3895,-36.178,8.0036],[174.3881,-36.1812,6.7798],[174.3868,-36.1775,1.9156],[174.3842,-36.1767,5.1287],[174.38,-36.1797,14.0701],[174.3733,-36.1812,0.6947],[174.3773,-36.1806,4.1703],[174.3792,-36.1829,6.0604],[174.3825,-36.1833,15.1893],[174.3843,-36.1862,4.7032],[174.3831,-36.1899,13.3776],[174.3842,-36.191,13.3776],[174.3813,-36.1905,7.1046],[174.3822,-36.1881,10.2398],[174.3802,-36.1859,4.3834],[174.3728,-36.1839,4.1986],[174.3764,-36.1929,16.5027],[174.3753,-36.1947,28.9021],[174.3697,-36.1963,0.0],[174.3693,-36.2006,0.0],[174.3712,-36.202,0.7943],[174.3725,-36.2004,26.4904],[174.3729,-36.2019,5.3604],[174.3765,-36.2006,22.4741],[174.3794,-36.2021,3.5454],[174.3777,-36.2056,2.9037],[174.3814,-36.2094,11.1713],[174.3765,-36.2067,6.3759],[174.3753,-36.2087,8.5697],[174.3761,-36.2123,6.3029],[174.375,-36.2119,6.3029],[174.3742,-36.2047,0.0],[174.3707,-36.2053,9.2864],[174.3719,-36.2043,1.6091],[174.3685,-36.2039,1.8931],[174.3647,-36.2061,0.0],[174.3627,-36.2101,0.0],[174.3631,-36.2136,2.1925],[174.3639,-36.2146,5.4747],[174.3649,-36.2131,8.0436],[174.3663,-36.2157,7.5682],[174.3635,-36.2157,14.8677],[174.3596,-36.2124,0.8216],[174.3567,-36.2134,14.1938],[174.3532,-36.2117,4.5888],[174.3403,-36.2192,3.0237],[174.3412,-36.2217,0.0],[174.3451,-36.2241,1.0501],[174.3561,-36.2266,8.6589],[174.3516,-36.2284,8.5213],[174.3446,-36.2248,13.2599],[174.3394,-36.2259,14.3476],[174.3386,-36.2313,3.5566],[174.3434,-36.2326,11.8997],[174.3451,-36.2353,10.4588],[174.3397,-36.2322,4.4815],[174.3392,-36.2342,8.3873],[174.3369,-36.2304,3.5834],[174.3339,-36.2324,12.6981],[174.3356,-36.2301,3.5834],[174.3333,-36.2283,2.7183],[174.3362,-36.2264,0.921],[174.3285,-36.2276,0.0],[174.328,-36.23,4.2151],[174.3224,-36.234,0.0],[174.3215,-36.2383,13.0259],[174.3235,-36.2491,0.0],[174.3288,-36.244,20.5063],[174.3345,-36.2449,1.6423],[174.3351,-36.2471,4.4408],[174.3365,-36.247,4.4408],[174.3336,-36.2477,1.6563],[174.3307,-36.2512,0.0],[174.3349,-36.2536,0.0],[174.3346,-36.2581,0.0],[174.3385,-36.259,4.0463],[174.34,-36.257,7.728],[174.3488,-36.2547,2.595],[174.3474,-36.2589,6.1294],[174.35,-36.2606,9.2573],[174.3516,-36.2646,0.0],[174.355,-36.2657,4.0626],[174.3532,-36.2681,0.0],[174.3616,-36.2731,2.8512],[174.3625,-36.2718,8.4441],[174.3669,-36.272,10.983],[174.3677,-36.2731,11.2272],[174.3635,-36.2734,2.301],[174.3624,-36.2767,10.2899],[174.359,-36.276,1.0269],[174.3611,-36.2809,5.7305],[174.3586,-36.28,7.852],[174.3564,-36.2757,1.7263],[174.3538,-36.2752,5.9553],[174.3505,-36.2773,2.3784],[174.3507,-36.2805,4.5672],[174.3482,-36.28,7.7986],[174.3449,-36.2828,3.2147],[174.3419,-36.2823,7.0044],[174.3418,-36.282,7.0044],[174.344,-36.2805,6.0675],[174.3423,-36.2795,15.7586],[174.3485,-36.2746,0.9992],[174.3489,-36.2672,2.5807],[174.345,-36.2688,16.1177],[174.3454,-36.2666,3.5118],[174.3466,-36.2666,3.5118],[174.3461,-36.2663,3.5118],[174.3444,-36.2662,0.0],[174.3421,-36.2669,6.6515],[174.3365,-36.2642,0.0],[174.3349,-36.2724,7.7534],[174.333,-36.2688,14.0681],[174.3339,-36.2662,2.6961],[174.3324,-36.263,22.6276],[174.3281,-36.2633,1.714],[174.3249,-36.2671,12.0358],[174.3259,-36.2698,14.1482],[174.3209,-36.2684,16.1117],[174.3182,-36.2725,14.7375],[174.318,-36.2682,12.1666],[174.3148,-36.2678,9.1339],[174.3193,-36.2645,1.9714],[174.3218,-36.2576,0.7988],[174.3156,-36.2594,4.4978],[174.3146,-36.2573,2.2881],[174.3155,-36.2516,9.125],[174.3121,-36.2462,0.0],[174.3075,-36.2437,14.6157],[174.3006,-36.2444,0.0],[174.2995,-36.2494,16.9828],[174.2984,-36.2478,0.5859],[174.2912,-36.2484,4.4143],[174.2856,-36.2541,2.5474],[174.281,-36.2538,3.0958],[174.2706,-36.2622,3.6674],[174.2729,-36.2686,0.0],[174.2693,-36.2701,15.8089],[174.269,-36.2717,3.9945],[174.2729,-36.2734,3.3739],[174.2759,-36.2821,32.0514],[174.2752,-36.2856,0.0],[174.2785,-36.2857,19.7126],[174.2829,-36.2887,2.3162],[174.2849,-36.293,15.0749],[174.2841,-36.2954,11.23],[174.2864,-36.2951,0.0],[174.2862,-36.2927,3.63],[174.2887,-36.2892,3.5158],[174.2866,-36.2861,14.0703],[174.2889,-36.2867,4.0764],[174.2919,-36.29,0.0],[174.2959,-36.2892,18.4054],[174.2987,-36.2918,0.3847],[174.3023,-36.2901,20.4675],[174.3021,-36.2959,0.0],[174.3083,-36.3013,1.369],[174.3095,-36.3081,0.0],[174.3125,-36.3136,3.2831],[174.3196,-36.3134,0.0],[174.3242,-36.3051,7.4325],[174.3279,-36.3058,15.6723],[174.3299,-36.3119,21.1137],[174.3333,-36.3147,7.8408],[174.3398,-36.3169,3.8778],[174.3416,-36.3161,0.9609],[174.3407,-36.3138,6.3668],[174.3428,-36.3145,0.9997],[174.3462,-36.3127,0.4044],[174.3464,-36.306399999999996,0.8446],[174.3438,-36.3042,1.8279],[174.3468,-36.306399999999996,0.8446],[174.347,-36.3104,0.9568],[174.3505,-36.308,2.6431],[174.3533,-36.3101,0.0],[174.3561,-36.3086,0.0],[174.3536,-36.2999,9.4598],[174.3547,-36.2943,2.9225],[174.3589,-36.2885,4.3469],[174.3627,-36.2873,7.9934],[174.3737,-36.2756,8.9781],[174.3846,-36.276,1.3941],[174.3855,-36.28,18.6755],[174.3822,-36.2783,3.8451],[174.3835,-36.2772,0.7707],[174.3824,-36.2778,0.2751],[174.3803,-36.2805,0.0],[174.3819,-36.2848,2.6693],[174.3912,-36.288,0.0],[174.3977,-36.2881,0.0],[174.4021,-36.2811,14.795],[174.4158,-36.2725,7.7585],[174.4143,-36.2729,7.4068],[174.4139,-36.2716,7.4068],[174.4258,-36.2713,0.0],[174.4283,-36.2647,2.205],[174.4256,-36.2642,15.9867],[174.4296,-36.2621,7.2393],[174.4269,-36.2607,9.5057],[174.4263,-36.2583,7.491],[174.4279,-36.2579,3.7859],[174.4249,-36.2528,13.2875],[174.4323,-36.2603,5.9625],[174.4315,-36.2622,1.6335],[174.4329,-36.2628,1.7453],[174.4379,-36.262,1.9651],[174.4395,-36.2611,1.7701],[174.4393,-36.259,5.2705],[174.4405,-36.2605,2.3536],[174.4445,-36.2578,4.6139],[174.4428,-36.2571,2.5074],[174.4473,-36.2563,0.6971],[174.455,-36.2488,7.5658],[174.457,-36.2504,7.1292],[174.4583,-36.2496,7.1292],[174.4593,-36.2581,0.0],[174.4648,-36.2603,3.6532],[174.4674,-36.2587,4.1203],[174.4702,-36.2523,2.2808],[174.4662,-36.2517,13.3749],[174.4694,-36.2503,2.4977],[174.4681,-36.2488,14.857],[174.47,-36.2482,2.5775],[174.4724,-36.2433,6.6094],[174.4694,-36.2404,10.1642],[174.4708,-36.2387,8.1771],[174.4676,-36.2324,4.4568],[174.4649,-36.2313,10.067],[174.4636,-36.2331,13.3007],[174.4619,-36.2324,8.28],[174.4671,-36.2288,10.9394],[174.4718,-36.2339,2.4618],[174.4756,-36.2324,3.3905],[174.4729,-36.2291,11.3993],[174.475,-36.2248,15.3273],[174.4736,-36.2238,8.501],[174.474,-36.221,6.2658],[174.4717,-36.2168,2.5974],[174.4696,-36.2172,13.1992],[174.4715,-36.2162,5.7715],[174.4712,-36.2161,5.7715],[174.4687,-36.2164,19.7235],[174.466,-36.2174,10.0883],[174.4663,-36.217,10.0883],[174.4695,-36.2157,7.1197],[174.4703,-36.2157,7.1197],[174.4699,-36.2142,6.9473],[174.472,-36.2156,5.7715],[174.4725,-36.2134,5.8868],[174.4701,-36.2123,4.361],[174.4747,-36.2125,4.8571],[174.4727,-36.2183,10.3732],[174.4757,-36.22,7.6009],[174.4742,-36.2224,4.961],[174.4759,-36.2246,7.2681],[174.4743,-36.2286,2.3338],[174.4832,-36.228,17.3141],[174.4835,-36.2302,27.9467],[174.4857,-36.2291,31.6243],[174.4858,-36.2258,55.1773],[174.4886,-36.2231,74.6496],[174.4985,-36.2243,71.0384],[174.5185,-36.2105,152.5069],[174.523,-36.2101,175.1827],[174.5254,-36.2079,169.1274],[174.5232,-36.2047,167.9897],[174.5245,-36.2028,173.926],[174.5223,-36.1972,168.4272],[174.5303,-36.1896,176.3326],[174.5329,-36.1847,144.9936],[174.5459,-36.1795,143.6466],[174.548,-36.1802,165.5238],[174.5518,-36.1774,144.3854],[174.5628,-36.1791,155.4621],[174.5641,-36.1738,107.057],[174.5658,-36.1741,102.6586],[174.5657,-36.1714,104.1833],[174.5703,-36.172,103.4461],[174.5712,-36.1662,34.4789],[174.5809,-36.1664,111.1388],[174.5867,-36.1577,62.3705],[174.5839,-36.1561,54.2793],[174.5824,-36.1485,46.2981],[174.5847,-36.1431,35.2446],[174.5884,-36.1405,59.353],[174.5937,-36.1418,54.2785],[174.5986,-36.1403,53.1219],[174.6017,-36.1367,37.4248],[174.6008,-36.1332,17.3503],[174.6068,-36.1327,18.7675],[174.6045,-36.1271,25.7901],[174.6069,-36.1228,20.3153],[174.6059,-36.1216,10.1792],[174.6166,-36.1175,5.5812],[174.6,-36.0864,3.4534],[174.5976,-36.0835,0.7823],[174.5941,-36.0836,0.0],[174.5926,-36.0863,2.9613],[174.5943,-36.0917,0.0],[174.6016,-36.0942,2.0289],[174.6034,-36.0974,2.1831],[174.6031,-36.1019,2.9566],[174.6012,-36.1024,2.1875],[174.6017,-36.1139,7.7439],[174.5942,-36.1219,0.8352],[174.5829,-36.126,0.6717],[174.5821,-36.1274,1.4158],[174.5841,-36.1313,4.0392],[174.5784,-36.137,3.7455],[174.568,-36.1409,1.6789],[174.5753,-36.1336,1.2072],[174.5712,-36.1313,1.5943],[174.5781,-36.1296,1.2783],[174.5787,-36.1258,4.1148],[174.5807,-36.1241,2.5379],[174.5763,-36.1194,0.0],[174.5728,-36.1221,7.2077],[174.5737,-36.1177,5.0502],[174.5766,-36.1155,0.8186],[174.5773,-36.1088,2.7799],[174.5731,-36.1022,1.7042],[174.5669,-36.1037,3.1856],[174.5726,-36.1003,1.4013],[174.5698,-36.0974,2.7094],[174.5647,-36.0973,3.2943],[174.565,-36.0962,2.3199],[174.5694,-36.0956,0.9303],[174.5649,-36.0934,1.5939],[174.5724,-36.0948,0.9291],[174.5766,-36.1006,4.1564],[174.5776,-36.1058,0.7828],[174.5821,-36.1099,13.7683],[174.584,-36.1155,1.0747],[174.5905,-36.118,0.0],[174.5967,-36.1086,0.2556],[174.5906,-36.0984,0.0],[174.5922,-36.0943,7.0649],[174.5897,-36.0894,7.1492],[174.5893,-36.0842,13.6285],[174.5899,-36.0822,16.0861],[174.5992,-36.0818,3.6304],[174.5936,-36.0726,1.2564],[174.5911,-36.0609,0.0],[174.5895,-36.0592,79.1956],[174.5912,-36.0546,0.0],[174.5897,-36.0481,58.4238],[174.5806,-36.0423,1.0017],[174.5726,-36.0439,6.864],[174.5692,-36.0488,15.4168],[174.5556,-36.0453,3.857],[174.5533,-36.048,18.8448],[174.5445,-36.0461,0.0],[174.5432,-36.0483,18.5585],[174.5397,-36.0486,4.0503],[174.53,-36.042,24.8629],[174.5301,-36.0396,24.0739],[174.5198,-36.0343,18.748],[174.5186,-36.0319,3.4711],[174.5098,-36.0304,7.8208],[174.5023,-36.0227,0.7843],[174.492,-36.0084,2.0207],[174.4717,-35.9712,1.1945],[174.466,-35.9565,6.2521],[174.4619,-35.9362,2.2015],[174.4602,-35.9209,4.983],[174.4616,-35.9051,1.562],[174.4691,-35.878,0.0],[174.4805,-35.8598,0.7086],[174.4995,-35.8437,3.2406],[174.5008,-35.841,3.4514],[174.4992,-35.8379,0.7896],[174.4909,-35.8376,3.2799],[174.4908,-35.8346,0.9415],[174.4873,-35.8346,5.2552],[174.4874,-35.8328,0.0],[174.4834,-35.8315,1.303],[174.4814,-35.8358,2.0723],[174.4767,-35.8355,0.5538],[174.4815,-35.837,2.618],[174.4801,-35.8391,2.5502],[174.4734,-35.8393,1.6002],[174.4735,-35.8372,2.1701],[174.4783,-35.8379,0.9837],[174.4709,-35.8348,1.5943],[174.4691,-35.8306,0.0],[174.4635,-35.829,1.4673],[174.4543,-35.8182,4.1499],[174.4431,-35.8275,0.855],[174.4395,-35.8289,0.5765],[174.438,-35.8271,0.0],[174.435,-35.8279,0.0],[174.4359,-35.8288,0.0906],[174.4342,-35.8331,0.4369],[174.4281,-35.8324,0.7442],[174.4231,-35.8384,3.2558],[174.4218,-35.8348,1.3767],[174.4252,-35.8339,1.1864],[174.4282,-35.8299,0.8433],[174.4261,-35.8265,0.362],[174.4084,-35.8283,2.3792],[174.4075,-35.8315,3.9299],[174.4048,-35.831,2.3129],[174.3944,-35.825,0.5577],[174.3912,-35.8247,6.6894],[174.3893,-35.8215,0.2691],[174.3854,-35.8194,1.1877],[174.3829,-35.8139,2.3101],[174.3787,-35.8188,7.0387],[174.3818,-35.8208,13.3295],[174.3777,-35.8213,5.1289],[174.3752,-35.8236,4.5821],[174.3758,-35.8249,8.5396],[174.3742,-35.8264,11.863],[174.3761,-35.8285,3.5989],[174.3734,-35.8292,2.2005],[174.3739,-35.8323,3.1373],[174.3718,-35.831,2.9049],[174.3683,-35.8347,8.3767],[174.3715,-35.8269,10.8804],[174.3704,-35.8255,1.9351],[174.3663,-35.8258,4.116],[174.3704,-35.8237,5.8951],[174.3704,-35.8208,12.83],[174.3741,-35.8214,3.4786],[174.3758,-35.8182,6.4442],[174.3704,-35.8167,6.3349],[174.3689,-35.8144,8.0183],[174.369,-35.812,13.1057],[174.3729,-35.8077,2.8245],[174.3718,-35.8063,6.191],[174.3657,-35.8089,7.9607],[174.3591,-35.8072,0.1732],[174.36,-35.8103,3.3857],[174.3561,-35.8133,8.6985],[174.3584,-35.8186,1.2959],[174.3607,-35.8188,1.5067],[174.3604,-35.8224,3.0079],[174.3556,-35.8251,1.1868],[174.3578,-35.833,4.5229],[174.3596,-35.8338,4.5229],[174.3573,-35.8349,5.4769],[174.3558,-35.8332,1.8928],[174.348,-35.8317,8.4738],[174.3452,-35.8353,4.05],[174.3406,-35.8369,3.579],[174.341,-35.8387,1.0796],[174.3508,-35.8403,3.7377],[174.3563,-35.8423,8.6848],[174.3564,-35.8437,6.7302],[174.3521,-35.8434,3.226],[174.3499,-35.845,6.4021],[174.3491,-35.8435,4.9757],[174.3426,-35.844,1.2741],[174.3424,-35.8476,6.5634],[174.3415,-35.8456,2.0711],[174.3385,-35.8449,2.9886],[174.3364,-35.848,3.7798],[174.3371,-35.8496,24.6038],[174.3327,-35.85,11.6217],[174.3348,-35.8485,10.6731],[174.3358,-35.8406,5.9273],[174.3226,-35.8368,4.5882],[174.3212,-35.8379,4.5882],[174.3223,-35.8463,4.6504],[174.3206,-35.8463,3.7203],[174.3226,-35.8488,5.3069],[174.3191,-35.845,2.2046],[174.3192,-35.8366,0.5789],[174.3131,-35.8388,9.398],[174.3107,-35.8422,11.0692],[174.3112,-35.8432,11.9623],[174.3108,-35.8443,11.9623],[174.3114,-35.8448,7.9316],[174.3107,-35.8444,11.9623],[174.311,-35.8431,11.9623],[174.3098,-35.8429,6.2422],[174.3112,-35.8393,1.708],[174.3063,-35.8373,2.0102],[174.3162,-35.8336,3.5306],[174.3183,-35.8304,2.2295],[174.3171,-35.8303,2.2295],[174.3173,-35.827,3.4074],[174.3231,-35.8344,8.6233],[174.3261,-35.8344,17.1057],[174.3266,-35.8312,13.9749],[174.3292,-35.8311,0.5724],[174.3313,-35.826,12.8656],[174.3365,-35.8249,1.4169],[174.3408,-35.8212,10.0346],[174.3352,-35.8172,2.8799],[174.3273,-35.8181,5.1982],[174.3274,-35.8178,5.3215],[174.3285,-35.8171,5.3215],[174.3279,-35.814,1.5915],[174.3242,-35.8129,9.2814],[174.3226,-35.8101,7.9559],[174.323,-35.8078,3.2217],[174.3265,-35.8094,3.1519],[174.3257,-35.8074,2.8715],[174.3273,-35.8052,5.7524],[174.3293,-35.8082,12.7382],[174.3266,-35.8107,1.3716],[174.3343,-35.8112,13.7779],[174.3354,-35.8099,1.4057],[174.3326,-35.8041,9.4514],[174.3341,-35.8003,2.5612],[174.3328,-35.7975,14.6984],[174.3365,-35.7922,11.0593],[174.341,-35.7915,8.1254],[174.3404,-35.7899,9.589],[174.3333,-35.7891,2.5942],[174.3308,-35.7863,14.53],[174.3269,-35.785,4.3033],[174.3277,-35.7804,4.3245],[174.3315,-35.7779,0.0],[174.321,-35.7792,4.5019],[174.319,-35.7777,0.9847],[174.3145,-35.7799,4.5838],[174.3137,-35.7795,1.2559],[174.3156,-35.7777,1.2495],[174.3114,-35.7783,1.2854],[174.3096,-35.7796,2.1135],[174.3089,-35.7844,1.2879],[174.3059,-35.7847,2.6095],[174.3069,-35.7834,1.7248],[174.3086,-35.7842,1.2879],[174.3085,-35.7803,2.1135],[174.3109,-35.777,2.5892],[174.3148,-35.7773,1.2495],[174.3126,-35.7761,2.6846],[174.3144,-35.7744,3.8982],[174.3138,-35.77,3.6985],[174.32,-35.7675,1.1513],[174.3225,-35.7613,1.4024],[174.3282,-35.7596,1.709],[174.3317,-35.7568,2.2783],[174.3316,-35.7593,0.9978],[174.3461,-35.7591,3.3549],[174.3485,-35.7619,0.0],[174.3483,-35.7584,0.0],[174.3512,-35.7584,0.0],[174.3482,-35.7527,0.5752],[174.3492,-35.7492,0.2286],[174.3481,-35.7368,0.0],[174.3407,-35.7392,0.0],[174.3345,-35.7382,2.5448],[174.3367,-35.7357,0.0],[174.3392,-35.737,1.7221],[174.3452,-35.7341,3.1135],[174.3441,-35.7313,2.4297],[174.3528,-35.7366,0.951],[174.3613,-35.7393,14.0498],[174.3622,-35.742,7.9814],[174.3592,-35.7453,7.1738],[174.3524,-35.7486,3.5934],[174.3541,-35.7514,2.0334],[174.3563,-35.7502,20.7682],[174.3639,-35.7569,21.4242],[174.3621,-35.7612,1.1748],[174.3563,-35.7628,2.4955],[174.3545,-35.7692,11.6012],[174.3559,-35.7728,25.7304],[174.3611,-35.776,4.4484],[174.3638,-35.7764,0.0],[174.3728,-35.7684,0.0],[174.3712,-35.7658,1.0722],[174.3695,-35.7659,7.1477],[174.3699,-35.7627,8.5638],[174.3778,-35.757,1.2934],[174.3929,-35.7649,5.4567],[174.3941,-35.7689,0.5393],[174.4035,-35.7753,13.0879],[174.4044,-35.7786,0.0],[174.4148,-35.78,1.8514],[174.4189,-35.785,0.0],[174.4232,-35.7851,0.0],[174.4311,-35.794,8.9],[174.4426,-35.7958,20.3833],[174.446,-35.7943,6.5164],[174.4432,-35.7933,18.4253],[174.4376,-35.7872,5.526],[174.4307,-35.7838,1.2618],[174.4305,-35.7851,7.89],[174.4302,-35.7813,1.1113],[174.4376,-35.7777,14.9335],[174.4477,-35.7796,0.0],[174.4491,-35.7779,3.0645],[174.4483,-35.7755,6.0251],[174.457,-35.7697,1.7258],[174.4609,-35.7726,0.0],[174.4627,-35.7697,5.941],[174.4636,-35.7707,5.941],[174.465,-35.7691,10.8235],[174.4668,-35.7715,0.0],[174.4688,-35.7693,28.184],[174.4736,-35.7742,0.0],[174.4759,-35.773,0.0],[174.4753,-35.7714,1.8755],[174.4782,-35.7715,3.5616],[174.4809,-35.7773,0.8207],[174.48,-35.7792,3.7328],[174.4698,-35.7804,12.1994],[174.4688,-35.7812,0.0],[174.4713,-35.7825,17.5255],[174.4693,-35.7839,21.0468],[174.4611,-35.7823,4.4647],[174.4603,-35.7846,0.0],[174.466,-35.7861,24.9428],[174.4677,-35.7907,3.5555],[174.4655,-35.7928,0.0],[174.4623,-35.7918,8.0443],[174.4573,-35.7928,0.0],[174.4594,-35.7934,0.0],[174.46,-35.7953,0.0],[174.464,-35.7936,11.0406],[174.4811,-35.7931,0.0],[174.4854,-35.7864,0.3442],[174.4897,-35.7875,8.6683],[174.498,-35.7976,15.5358],[174.498,-35.8015,1.0378],[174.5011,-35.803,0.3159],[174.5011,-35.8071,0.0],[174.5041,-35.8111,32.912],[174.5038,-35.816,0.0444],[174.4976,-35.8168,3.4433],[174.4926,-35.8201,0.0],[174.4947,-35.8226,0.7009],[174.4939,-35.8241,1.2012],[174.4975,-35.8268,3.0805],[174.4967,-35.828,0.0],[174.4999,-35.8282,15.9779],[174.5024,-35.8311,6.5408],[174.5083,-35.8274,9.9303],[174.5135,-35.8295,6.1857],[174.5144,-35.827,7.3401],[174.5234,-35.8269,1.4752],[174.5247,-35.8252,1.8015],[174.5295,-35.829,0.6843],[174.5272,-35.8307,3.7483],[174.527,-35.8331,1.625],[174.5308,-35.8316,17.3359],[174.5308,-35.8336,9.0336],[174.5328,-35.8345,25.8383],[174.5356,-35.8452,0.8935],[174.5319,-35.8483,0.6439],[174.5268,-35.8481,3.5121],[174.5244,-35.8503,0.0],[174.5276,-35.854,4.7651],[174.5308,-35.8621,0.0],[174.5324,-35.8607,2.0656],[174.5312,-35.8578,3.8504],[174.5343,-35.8553,3.1504],[174.5565,-35.861,7.7192],[174.5626,-35.8568,16.9343],[174.5758,-35.8595,89.2806],[174.5836,-35.8572,40.5131],[174.5856,-35.8543,111.0607],[174.5915,-35.8536,2.0963],[174.5863,-35.8498,0.0],[174.5853,-35.8462,1.6677],[174.5793,-35.8388,4.6996],[174.5751,-35.8385,4.7268],[174.5733,-35.8366,15.2574],[174.5732,-35.8348,11.0387],[174.5699,-35.8327,0.0],[174.5674,-35.8271,4.7726],[174.5618,-35.8204,2.1759],[174.5541,-35.8036,7.0297],[174.5501,-35.7877,1.3424],[174.5488,-35.7873,4.0944],[174.5549,-35.7812,24.909],[174.5544,-35.7784,51.7865],[174.5566,-35.777,0.0],[174.5557,-35.7734,0.0],[174.5528,-35.7733,45.9771],[174.5549,-35.7669,35.5311],[174.5531,-35.765,32.9431],[174.5559,-35.763,5.6435],[174.5608,-35.7629,7.6948],[174.5568,-35.7584,9.3639],[174.5521,-35.7561,19.1625],[174.5541,-35.7545,12.3054],[174.553,-35.7518,10.1665],[174.5556,-35.7514,0.0],[174.5513,-35.7484,18.2301],[174.551,-35.7466,6.0609],[174.5516,-35.745,0.8391],[174.5547,-35.7442,24.7605],[174.5625,-35.7454,7.7194],[174.5608,-35.7435,18.2902],[174.5624,-35.7423,10.5304],[174.5555,-35.7359,0.8999],[174.5569,-35.7348,0.8999],[174.5567,-35.7308,4.0227],[174.5533,-35.7309,0.0],[174.5517,-35.7284,3.1206],[174.5537,-35.7264,4.3574],[174.5574,-35.7267,0.7501],[174.5576,-35.724,18.5555],[174.5645,-35.7229,20.8464],[174.5672,-35.7174,28.565],[174.564,-35.7157,4.2364],[174.56,-35.7164,19.6733],[174.5587,-35.7189,4.6067],[174.5365,-35.7259,0.0],[174.5383,-35.7282,0.0],[174.5498,-35.7293,5.0143],[174.5472,-35.7297,11.671],[174.5452,-35.7329,3.3093],[174.5475,-35.7339,0.3106],[174.5498,-35.7325,5.0996],[174.5522,-35.7344,7.7297],[174.5442,-35.7388,1.7541],[174.5503,-35.7415,9.648],[174.5468,-35.7415,0.7821],[174.5461,-35.744,2.1733],[174.5421,-35.7435,4.1408],[174.5398,-35.7451,4.9988],[174.5381,-35.7436,0.0],[174.536,-35.7456,1.0105],[174.5403,-35.7513,11.7548],[174.5389,-35.7527,11.7548],[174.5332,-35.7478,2.1498],[174.5308,-35.7504,17.4275],[174.5263,-35.7496,2.4292],[174.5241,-35.7543,8.7439],[174.5241,-35.7479,1.9403],[174.5163,-35.752,5.1484],[174.514,-35.7554,5.1142],[174.5164,-35.7513,5.1484],[174.5241,-35.746,17.7059],[174.5275,-35.7478,4.5892],[174.529,-35.7463,2.2194],[174.5317,-35.7466,2.6425],[174.5338,-35.7443,4.5096],[174.5326,-35.7428,18.3371],[174.5348,-35.7425,1.1048],[174.5342,-35.741,6.7273],[174.5403,-35.7369,2.0623],[174.5379,-35.7349,8.1569],[174.5351,-35.735,6.7492],[174.5345,-35.7309,1.2054],[174.5295,-35.7324,4.7209],[174.5313,-35.7305,0.0],[174.526,-35.7263,22.2316],[174.5287,-35.7244,36.7979],[174.5333,-35.7248,0.0],[174.5351,-35.7238,0.0],[174.5346,-35.7219,16.8384],[174.5375,-35.723,0.0],[174.5377,-35.7192,17.8671],[174.5418,-35.7199,17.0328],[174.5384,-35.721,12.3737],[174.5407,-35.7221,1.0386],[174.5476,-35.7189,0.0],[174.5422,-35.7136,60.0116],[174.5429,-35.7125,34.1465],[174.5415,-35.711,1.23],[174.5399,-35.7146,30.0634],[174.5351,-35.7155,12.1178],[174.5282,-35.7125,0.0],[174.5264,-35.714,0.0],[174.5298,-35.7159,3.9872],[174.5271,-35.7178,0.0],[174.5204,-35.7154,0.8158],[174.5199,-35.7178,0.0],[174.5239,-35.7185,2.9438],[174.5191,-35.7189,1.9606],[174.5183,-35.7208,4.8922],[174.5047,-35.7212,0.0],[174.508,-35.7239,32.6648],[174.5067,-35.7289,13.1606],[174.5084,-35.731,5.5266],[174.5019,-35.7321,3.0343],[174.5012,-35.7342,15.0822],[174.4902,-35.7322,2.7592],[174.4847,-35.7337,1.2143],[174.4837,-35.7368,5.9775],[174.488,-35.7386,16.7574],[174.485,-35.7447,1.9797],[174.4862,-35.7399,5.96],[174.4874,-35.7386,16.7574],[174.4817,-35.7362,2.0542],[174.4822,-35.7325,19.6902],[174.4854,-35.7311,30.1491],[174.4962,-35.7296,10.5656],[174.4991,-35.7317,2.7325],[174.5013,-35.7284,1.432],[174.4945,-35.726,0.484],[174.5034,-35.7255,6.2994],[174.4977,-35.7198,4.8251],[174.5014,-35.7196,0.0],[174.5016,-35.7171,18.7262],[174.4989,-35.7166,21.8023],[174.5002,-35.7152,3.2544],[174.4992,-35.7131,4.1152],[174.5032,-35.7138,11.0712],[174.5047,-35.7161,12.2602],[174.5064,-35.7139,14.1746],[174.5097,-35.7154,10.768],[174.5095,-35.7135,18.4274],[174.5115,-35.7133,9.0435],[174.5129,-35.7159,12.9152],[174.5175,-35.7161,11.3393],[174.5191,-35.7148,3.2814],[174.5186,-35.7133,6.2177],[174.5252,-35.7137,0.0],[174.5156,-35.7,6.4564],[174.5086,-35.6776,0.904],[174.509,-35.6677,3.1194],[174.5078,-35.6677,0.7644],[174.5074,-35.6636,5.7671],[174.5125,-35.656,3.9831],[174.5023,-35.649,4.9279],[174.5076,-35.6397,0.7779],[174.5138,-35.6335,0.0],[174.5143,-35.6302,0.0],[174.5116,-35.63,1.2082],[174.5063,-35.6325,1.8914],[174.5024,-35.6408,0.5283],[174.4974,-35.6431,12.6324],[174.4934,-35.6426,0.0],[174.4928,-35.644,3.5519],[174.4943,-35.6448,7.1619],[174.4909,-35.6443,13.8576],[174.4924,-35.643,3.5519],[174.4896,-35.642,1.6029],[174.4876,-35.6434,23.1083],[174.4855,-35.6412,0.0],[174.4836,-35.6419,8.869],[174.4856,-35.6449,33.1272],[174.4837,-35.6445,3.108],[174.4818,-35.647,4.665],[174.4857,-35.6473,21.7908],[174.4855,-35.6499,3.0881],[174.4789,-35.65,15.8518],[174.4776,-35.6484,3.6277],[174.477,-35.6515,10.3796],[174.4755,-35.6499,12.5012],[174.4766,-35.647,11.6129],[174.4751,-35.6466,11.6129],[174.4733,-35.649,4.9359],[174.4717,-35.648,19.6763],[174.4734,-35.6463,4.5941],[174.4716,-35.6466,15.0967],[174.4741,-35.6444,4.6255],[174.4721,-35.6446,14.0384],[174.4679,-35.647,0.8204],[174.4696,-35.6494,30.6264],[174.4683,-35.6493,2.0603],[174.4691,-35.6506,30.0704],[174.4668,-35.653,16.7175],[174.4638,-35.6512,5.8147],[174.4637,-35.6498,5.8147],[174.4666,-35.6482,14.5575],[174.4649,-35.6483,14.5575],[174.462,-35.6425,3.1862],[174.4615,-35.6459,15.1812],[174.4599,-35.645,27.0914],[174.4604,-35.6431,30.7765],[174.4589,-35.6428,21.5293],[174.4599,-35.6414,21.5293],[174.4574,-35.6418,7.2386],[174.4567,-35.6442,7.7321],[174.4552,-35.6422,3.7887],[174.4544,-35.6439,6.167],[174.4516,-35.6396,7.896],[174.4477,-35.6407,10.8328],[174.4486,-35.6388,2.6319],[174.4465,-35.639,12.7497],[174.4472,-35.6379,1.9544],[174.4434,-35.6352,5.5462],[174.4396,-35.636,0.9491],[174.436,-35.6346,1.3301],[174.4407,-35.6327,18.92],[174.4485,-35.633,11.7051],[174.4498,-35.6374,1.1726],[174.4519,-35.636,11.3307],[174.4543,-35.6369,15.7762],[174.4538,-35.6391,9.5311],[174.4554,-35.6398,1.0574],[174.457,-35.6361,22.1974],[174.459,-35.6359,16.4019],[174.4581,-35.6384,5.2366],[174.461,-35.64,0.0],[174.4608,-35.6381,7.2242],[174.4637,-35.6385,3.522],[174.4616,-35.6371,14.7903],[174.4626,-35.6363,14.7903],[174.4649,-35.6387,3.9225],[174.4664,-35.6378,33.5552],[174.4652,-35.6347,19.8742],[174.4671,-35.6362,33.242],[174.4669,-35.6376,14.7758],[174.4658,-35.6391,3.9225],[174.4679,-35.6387,18.5845],[174.4671,-35.6394,18.5845],[174.4651,-35.6397,20.6514],[174.4646,-35.6405,0.0],[174.4664,-35.6438,0.0],[174.4693,-35.6423,3.3335],[174.4682,-35.6403,27.8938],[174.4724,-35.6414,3.5625],[174.4705,-35.639,22.9534],[174.4712,-35.6371,14.0665],[174.4732,-35.6375,18.5214],[174.4718,-35.6391,11.1976],[174.4738,-35.64,0.9441],[174.4759,-35.6326,15.3545],[174.4847,-35.6347,9.315],[174.478,-35.6362,3.2128],[174.4767,-35.6422,0.0],[174.4782,-35.643,0.0],[174.4793,-35.6401,0.4744],[174.4836,-35.6391,0.9495],[174.4847,-35.6371,21.2769],[174.4954,-35.6382,0.0],[174.4939,-35.6374,2.8761],[174.4984,-35.6362,4.9962],[174.5,-35.6375,1.6159],[174.4998,-35.6356,0.6959],[174.5061,-35.6284,3.0878],[174.5066,-35.6296,0.0],[174.5111,-35.627,1.9364],[174.5141,-35.6271,2.5795],[174.5196,-35.6321,2.0086],[174.523,-35.6324,44.241],[174.5241,-35.6355,1.8743],[174.5295,-35.6347,0.0],[174.5329,-35.6407,26.212],[174.536,-35.6401,14.8747],[174.5362,-35.6368,46.9349],[174.5418,-35.6353,1.3371],[174.5402,-35.6329,37.3191],[174.5426,-35.6314,14.2286],[174.54,-35.6275,4.8306],[174.5433,-35.6244,0.3282],[174.5406,-35.6237,27.5184],[174.5419,-35.6202,4.5387],[174.5376,-35.6204,24.5633],[174.5408,-35.6181,6.5458],[174.539,-35.6171,1.6187],[174.536,-35.6198,15.8627],[174.534,-35.6189,1.1497],[174.5322,-35.6215,23.0047],[174.5299,-35.6214,15.1181],[174.5291,-35.6203,18.2345],[174.5312,-35.6175,0.0],[174.5275,-35.6152,16.6004],[174.528,-35.6123,10.1436],[174.5245,-35.6107,3.6161],[174.5281,-35.6086,10.7003],[174.5367,-35.6144,8.2311],[174.5371,-35.6127,21.4037],[174.5406,-35.6137,3.8416],[174.5417,-35.6122,4.6959],[174.5361,-35.6098,33.4343],[174.5365,-35.6077,0.7904],[174.5336,-35.6083,16.6143],[174.5328,-35.6059,0.3239],[174.5356,-35.6043,8.0454],[174.5342,-35.6024,14.9688],[174.5387,-35.6024,13.4354],[174.5428,-35.5989,25.8202],[174.5363,-35.5971,19.9869],[174.539,-35.5947,0.0],[174.5378,-35.5928,59.2514],[174.5398,-35.59,7.0749],[174.536,-35.5883,50.9977],[174.5378,-35.5862,22.9865],[174.5332,-35.583,41.678],[174.5346,-35.5823,23.1657],[174.5335,-35.5805,11.0886],[174.5362,-35.5806,12.8802],[174.5344,-35.5789,8.3429],[174.5316,-35.5797,35.1219],[174.5255,-35.5777,21.2769],[174.5263,-35.5744,9.9195],[174.5228,-35.5737,13.6998],[174.5241,-35.5728,3.0183],[174.5221,-35.572,37.3472],[174.5237,-35.5712,1.2047],[174.5214,-35.5698,14.9986],[174.5225,-35.5683,1.0236],[174.5189,-35.5677,19.3966],[174.5197,-35.5648,8.9748],[174.5156,-35.5682,22.8062],[174.5141,-35.566,31.836],[174.5159,-35.5645,0.5553],[174.5118,-35.5647,0.0],[174.5118,-35.5706,2.4504],[174.509,-35.5672,1.2234],[174.5063,-35.5667,1.5929],[174.5109,-35.5671,0.0],[174.5072,-35.5644,2.6576],[174.5077,-35.5608,19.9959],[174.5144,-35.5597,0.0],[174.5135,-35.5584,16.4644],[174.5111,-35.5588,34.9381],[174.5109,-35.5561,0.0],[174.5074,-35.5588,20.083],[174.4992,-35.5547,0.0],[174.5004,-35.5587,24.3299],[174.4947,-35.5625,19.2184],[174.4858,-35.5601,1.2689],[174.4843,-35.5558,2.5857],[174.4776,-35.5579,9.5668],[174.4728,-35.5558,10.0368],[174.4738,-35.5543,4.3536],[174.4702,-35.5515,24.0657],[174.4698,-35.5488,20.9528],[174.4718,-35.5457,4.3813],[174.4687,-35.5474,41.4057],[174.4655,-35.5421,13.866],[174.4667,-35.5391,26.3287],[174.4633,-35.5379,9.0169],[174.465,-35.5336,3.0793],[174.4607,-35.5337,29.7761],[174.4592,-35.5312,21.1064],[174.4593,-35.5286,10.3962],[174.4621,-35.5286,0.8862],[174.4608,-35.5278,0.0],[174.4612,-35.5237,0.0],[174.4683,-35.5121,0.716],[174.465,-35.5125,0.921],[174.4592,-35.5184,1.6741],[174.4507,-35.5188,1.9019],[174.4542,-35.521,7.0703],[174.4535,-35.5241,2.627],[174.4506,-35.5256,18.9797],[174.4496,-35.525,3.2719],[174.4506,-35.521,1.8258],[174.4473,-35.5218,24.8124],[174.4491,-35.5191,4.8658],[174.4454,-35.5203,7.8929],[174.4471,-35.5161,0.0],[174.4422,-35.5172,25.1845],[174.4412,-35.5149,10.5021],[174.4378,-35.5151,4.7634],[174.4292,-35.5178,7.305],[174.4304,-35.5135,1.3019],[174.4395,-35.5124,6.0229],[174.4356,-35.5081,9.5946],[174.4367,-35.5051,17.8038],[174.4412,-35.5089,1.9168],[174.4434,-35.5083,22.1822],[174.4422,-35.5096,14.7409],[174.4443,-35.511,4.2941],[174.4428,-35.5131,3.2465],[174.4453,-35.5117,4.0302],[174.4526,-35.5152,0.5767],[174.4588,-35.5124,2.302],[174.4611,-35.5088,0.8733],[174.4668,-35.5078,13.3742],[174.4698,-35.5118,8.5061],[174.4731,-35.5121,35.3056],[174.4774,-35.519,0.7895],[174.4789,-35.5171,5.3602],[174.4785,-35.5146,8.5711],[174.4801,-35.5144,3.4748],[174.4785,-35.5132,16.1987],[174.48,-35.5116,0.5569],[174.4784,-35.5125,4.6563],[174.4733,-35.51,15.8029],[174.4721,-35.5077,12.7055],[174.4731,-35.5069,0.1468],[174.4701,-35.5061,1.2803],[174.4685,-35.5031,32.992],[174.4697,-35.5022,0.0],[174.4672,-35.501,25.8115],[174.469,-35.5004,0.0],[174.4688,-35.4984,36.9758],[174.4715,-35.498,0.0958],[174.4701,-35.4964,19.7235],[174.4708,-35.4949,17.9688],[174.4684,-35.4938,17.2699],[174.4697,-35.4902,0.27],[174.4596,-35.4919,9.3498],[174.4611,-35.4902,0.0],[174.4582,-35.4907,12.3326],[174.4555,-35.4893,4.3058],[174.4549,-35.4845,0.1553],[174.4529,-35.4854,23.116],[174.4508,-35.4834,0.0],[174.45,-35.4807,24.8919],[174.453,-35.4792,0.0697],[174.4501,-35.4768,10.3718],[174.4514,-35.4751,0.3834],[174.4491,-35.4711,13.7982],[174.4531,-35.4681,0.0],[174.4476,-35.4659,0.8907],[174.4447,-35.4673,16.9364],[174.4428,-35.4655,1.2101],[174.4449,-35.4633,0.3775],[174.4415,-35.465,38.029],[174.4362,-35.4638,1.2526],[174.4331,-35.4602,15.7026],[174.4336,-35.4579,0.7786],[174.4315,-35.4586,2.897],[174.4325,-35.4576,0.7786],[174.428,-35.4557,1.1086],[174.4267,-35.4512,0.0],[174.4276,-35.4471,5.8845],[174.4256,-35.4462,1.7758],[174.4268,-35.446,1.1568],[174.4265,-35.4418,1.1402],[174.4291,-35.4359,6.8348],[174.4307,-35.4333,2.5246],[174.4336,-35.4327,10.4759],[174.431,-35.4317,14.5971],[174.4316,-35.4273,3.0947],[174.4245,-35.4274,4.3609],[174.4231,-35.4262,20.7526],[174.424,-35.4246,0.0],[174.4204,-35.4255,15.5167],[174.4188,-35.4245,0.0],[174.4177,-35.428,7.4079],[174.4203,-35.4286,5.0743],[174.4214,-35.4325,0.0],[174.4235,-35.4335,0.0],[174.4229,-35.4361,0.0],[174.4174,-35.44,2.5182],[174.4122,-35.4402,4.4892],[174.4128,-35.4416,4.1465],[174.4087,-35.4435,22.4857],[174.3994,-35.4434,25.4855],[174.3944,-35.4413,6.2576],[174.3937,-35.4393,26.0513],[174.3965,-35.4368,2.2847],[174.3924,-35.4373,20.3154],[174.3933,-35.43,12.1791],[174.3898,-35.4333,45.3321],[174.3854,-35.433,39.0015],[174.3832,-35.4371,3.9275],[174.3802,-35.4362,41.9348],[174.3811,-35.4347,0.0],[174.3792,-35.4333,16.0601],[174.3758,-35.436,4.8268],[174.3737,-35.4356,2.0395],[174.3724,-35.438,10.5116],[174.3693,-35.4355,2.5686],[174.3665,-35.4378,17.2893],[174.3628,-35.4362,12.7882],[174.3599,-35.4306,4.7675],[174.3642,-35.429,0.0],[174.3618,-35.4257,65.8125],[174.3634,-35.4226,11.4006],[174.3675,-35.4227,30.6583],[174.3702,-35.421,30.2358],[174.3753,-35.4222,7.622],[174.3753,-35.4196,15.6544],[174.3696,-35.4132,45.6655],[174.3629,-35.4162,0.0698],[174.3575,-35.4159,13.38],[174.3554,-35.4099,8.6853],[174.356,-35.4066,0.0],[174.3508,-35.4016,13.5289],[174.3514,-35.3982,37.2789],[174.353,-35.3982,1.1212],[174.3519,-35.397,14.709],[174.3531,-35.3941,12.1776],[174.348,-35.394,3.0461],[174.3441,-35.3894,8.5367],[174.3446,-35.3854,5.6317],[174.3477,-35.3826,0.0],[174.3466,-35.3796,6.4929],[174.3397,-35.3771,0.8796],[174.34,-35.372,0.0],[174.338,-35.3697,14.6506],[174.3404,-35.3663,1.6282],[174.3395,-35.3634,0.0],[174.3363,-35.3631,23.1412],[174.3306,-35.3553,6.4502],[174.3288,-35.3566,5.7931],[174.3295,-35.359,20.3103],[174.3273,-35.3568,5.7931],[174.3263,-35.3593,5.2881],[174.3248,-35.3582,5.2842],[174.322,-35.3621,10.0126],[174.3221,-35.3603,9.2255],[174.3199,-35.3605,7.4694],[174.319,-35.3579,0.8964],[174.3131,-35.3571,1.2633],[174.3132,-35.3545,21.3272],[174.3154,-35.3526,22.9142],[174.3169,-35.3537,5.1308],[174.3211,-35.3519,19.4935],[174.3231,-35.3539,0.0],[174.3235,-35.3521,6.8912],[174.3282,-35.3512,20.633],[174.3266,-35.3478,15.8851],[174.3292,-35.3452,0.0],[174.3221,-35.3468,1.5914],[174.3211,-35.3491,11.8113],[174.3205,-35.347,10.4979],[174.3233,-35.3446,0.0],[174.3186,-35.3447,23.305],[174.3185,-35.3418,1.8955],[174.313,-35.3474,10.8613],[174.3141,-35.343,9.2981],[174.3124,-35.3422,15.0728],[174.3166,-35.3398,0.0],[174.3157,-35.3383,10.5075],[174.3097,-35.3388,18.0223],[174.3119,-35.3381,4.453],[174.3111,-35.3358,0.0],[174.3079,-35.3375,17.3114],[174.3086,-35.334,3.3571],[174.3025,-35.3295,4.4969],[174.3066,-35.3255,1.3748],[174.3046,-35.3254,2.4122],[174.3027,-35.3226,1.0996],[174.3057,-35.3203,1.2915],[174.3057,-35.3223,3.4492],[174.3089,-35.3236,5.3957],[174.3096,-35.3262,8.4674],[174.3081,-35.3285,0.8661],[174.3103,-35.3298,0.581],[174.3118,-35.3282,7.5088],[174.3141,-35.3289,14.7157],[174.3111,-35.332,23.3977],[174.3145,-35.3337,2.7939],[174.3155,-35.3302,20.2084],[174.3251,-35.3298,7.0928],[174.323,-35.3326,18.4163],[174.3183,-35.3314,5.4946],[174.3171,-35.3327,5.4946],[174.3196,-35.3341,26.5061],[174.319,-35.3363,4.8335],[174.3209,-35.3357,26.034],[174.3206,-35.3374,4.8335],[174.3233,-35.3354,22.2597],[174.3234,-35.3415,0.0],[174.3268,-35.3357,31.6789],[174.3253,-35.341,2.7803],[174.3262,-35.3421,2.1724],[174.3285,-35.3408,25.1162],[174.3296,-35.3329,9.5383],[174.3312,-35.3329,20.6128],[174.3321,-35.3365,0.6972],[174.3334,-35.3343,8.8305],[174.3367,-35.3346,5.9319],[174.3339,-35.337,2.9099],[174.3367,-35.3388,1.9944],[174.3327,-35.3405,0.0],[174.3375,-35.3413,29.9952],[174.3382,-35.3433,11.9289],[174.3344,-35.347,0.0],[174.3369,-35.3473,14.2878],[174.3382,-35.3499,0.0],[174.3417,-35.3499,0.0],[174.3419,-35.3483,5.3104],[174.3463,-35.3468,1.5313],[174.3557,-35.3488,4.9517],[174.3568,-35.3511,3.5658],[174.3553,-35.3519,1.9202],[174.361,-35.3567,0.0],[174.3594,-35.3597,4.911],[174.3579,-35.3595,0.0],[174.3598,-35.3621,24.8949],[174.358,-35.3634,4.4889],[174.3603,-35.3653,4.805],[174.3575,-35.3673,0.0],[174.3596,-35.37,0.4496],[174.3572,-35.373,0.0],[174.3659,-35.3762,22.592],[174.3668,-35.3781,0.0],[174.3701,-35.3774,21.8896],[174.3722,-35.3799,0.0],[174.3762,-35.3778,25.7252],[174.3775,-35.3753,15.8804],[174.376,-35.3738,27.9321],[174.3721,-35.374,30.0896],[174.374,-35.3699,8.6932],[174.3717,-35.3688,65.5595],[174.3803,-35.3635,68.8956],[174.3818,-35.3606,0.5683],[174.3786,-35.3597,82.5005],[174.3789,-35.3567,22.2944],[174.3751,-35.354,20.4213],[174.376,-35.35,6.9866],[174.373,-35.3479,1.6673],[174.3604,-35.3479,0.0],[174.3535,-35.3451,5.7275],[174.3506,-35.3412,2.833],[174.3501,-35.3362,8.2026],[174.3515,-35.332,19.3265],[174.3635,-35.3294,65.6951],[174.3671,-35.3306,51.2803],[174.367,-35.3323,15.1019],[174.3726,-35.3319,0.4843],[174.374,-35.3271,11.1696],[174.372,-35.3261,58.4713],[174.3715,-35.3234,36.0764],[174.3774,-35.3189,20.0469],[174.3761,-35.318,0.0],[174.3695,-35.3212,0.0],[174.3697,-35.3251,7.5924],[174.3653,-35.3269,27.3187],[174.357,-35.3261,43.343],[174.3555,-35.3245,6.2192],[174.3497,-35.3265,78.2052],[174.3444,-35.326,23.4078],[174.3425,-35.3242,14.5012],[174.3369,-35.3254,23.9948],[174.3334,-35.3228,10.7685],[174.3332,-35.3207,0.8533],[174.3233,-35.3164,32.8076],[174.323,-35.3142,2.2259],[174.3183,-35.3102,37.9516],[174.3221,-35.3096,2.499],[174.3196,-35.3069,4.2063],[174.3141,-35.3076,25.4295],[174.3096,-35.3054,45.7491],[174.3101,-35.3019,41.5646]],
[[174.5066,-35.6285,3.0878],[174.5065,-35.6286,3.0878],[174.5062,-35.6285,3.0878],[174.5064,-35.6284,3.0878],[174.5066,-35.6285,3.0878]],
[[174.1298,-35.3215,21.3854],[174.1298,-35.3216,21.3854],[174.1297,-35.3216,21.3854],[174.1298,-35.3215,21.3854]],
[[173.8534,-34.9923,0.0],[173.8535,-34.992,0.0],[173.8536,-34.992,41.2404],[173.8536,-34.9922,41.2404],[173.8534,-34.9923,0.0]]],
[[[174.01460163934428,-35.210004918032787,3.5572],[174.01459970501475,-35.210003834808262,3.5572],[174.0145,-35.2113,5.0942],[174.0148,-35.2108,3.5572],[174.0148,-35.2106,3.5572],[174.01460163934428,-35.210004918032787,3.5572]]],
[[[174.1074,-35.2105,11.2551],[174.1073,-35.2106,11.2551],[174.1074,-35.2106,11.2551],[174.1074,-35.2105,11.2551]]],
[[[174.0142,-35.2104,3.5572],[174.014,-35.2102,1.7286],[174.0139,-35.2102,1.7286],[174.014,-35.2104,1.7286],[174.0142,-35.2104,3.5572]]],
[[[174.1113,-35.2102,0.0],[174.1118,-35.2103,0.0],[174.1107,-35.2099,0.0],[174.1108,-35.21,0.0],[174.1113,-35.2102,0.0]]],
[[[174.113,-35.2095,1.1317],[174.1136,-35.2098,0.0],[174.1137,-35.2087,1.1317],[174.1129,-35.2086,1.1317],[174.113,-35.2095,1.1317]]],
[[[174.0327,-35.2088,1.6285],[174.0324,-35.2092,1.6703],[174.0335,-35.2085,1.6285],[174.0332,-35.2085,1.6285],[174.0327,-35.2088,1.6285]]],
[[[174.0138,-35.2085,3.4213],[174.014,-35.2081,3.4213],[174.0133,-35.2081,3.4213],[174.0133,-35.2085,3.4213],[174.0138,-35.2085,3.4213]]],
[[[174.023,-35.2075,0.0],[174.0228,-35.2077,0.0],[174.0229,-35.208,0.7833],[174.0233,-35.2074,0.0],[174.023,-35.2075,0.0]]],
[[[174.0343,-35.2075,1.0099],[174.0324,-35.2077,2.5428],[174.0328,-35.2081,1.6285],[174.0356,-35.2087,1.7019],[174.0373,-35.2074,0.0],[174.0352,-35.2085,1.7019],[174.0343,-35.2075,1.0099]]],
[[[174.0378,-35.2074,0.0],[174.0377,-35.2074,0.0],[174.0376,-35.2074,0.0],[174.0378,-35.2076,0.0],[174.0378,-35.2074,0.0]]],
[[[174.0762,-35.2042,0.0],[174.0761,-35.2042,0.0],[174.0761,-35.2043,0.0],[174.0762,-35.2043,0.0],[174.0762,-35.2042,0.0]]],
[[[174.0408,-35.2048,0.0],[174.0407,-35.2047,0.0],[174.0407,-35.2049,0.0],[174.0408,-35.2049,0.0],[174.0408,-35.2048,0.0]]],
[[[174.0403,-35.2049,0.0],[174.0405,-35.2051,0.0],[174.0406,-35.2045,0.0],[174.0403,-35.2047,0.0],[174.0403,-35.2049,0.0]]],
[[[174.0972,-35.2053,1.1643],[174.0972,-35.2052,1.1643],[174.0971,-35.2052,1.1643],[174.0972,-35.2053,1.1643]]],
[[[174.0985,-35.2042,0.0],[174.0979,-35.204,0.0],[174.0985,-35.205,1.8707],[174.0986,-35.205,1.8707],[174.0985,-35.2042,0.0]]],
[[[174.0407,-35.2043,0.0],[174.0406,-35.2043,0.0],[174.0406,-35.2045,0.0],[174.0408,-35.2043,0.0],[174.0407,-35.2043,0.0]]],
[[[173.9906,-35.2019,0.0],[173.9912,-35.202,0.0],[173.9913,-35.202,0.0],[173.9907,-35.2016,0.0],[173.9906,-35.2019,0.0]]],
[[[174.094,-35.1999,0.0],[174.0946,-35.2,0.0],[174.0949,-35.1997,0.0],[174.0941,-35.1994,0.0],[174.094,-35.1999,0.0]]],
[[[174.2155,-35.2007,23.6229],[174.2133,-35.2001,0.0],[174.2129,-35.2031,11.6396],[174.2103,-35.2055,9.1999],[174.211,-35.2071,2.7587],[174.2196,-35.2073,8.7823],[174.223,-35.2043,0.0],[174.2162,-35.2034,29.7537],[174.2151,-35.2019,9.762],[174.217,-35.2013,0.0],[174.2155,-35.2007,23.6229]]],
[[[174.0139,-35.2034,0.0],[174.0136,-35.2035,0.0],[174.0135,-35.2036,0.0],[174.0143,-35.2036,0.0],[174.0139,-35.2034,0.0]]],
[[[174.1119,-35.2034,0.0],[174.1119,-35.2037,0.0],[174.1122,-35.2039,0.0],[174.1124,-35.2034,0.0],[174.1119,-35.2034,0.0]]],
[[[174.1114,-35.2034,0.0],[174.1122,-35.2032,0.0],[174.1121,-35.2029,0.0],[174.1116,-35.2029,0.0],[174.1114,-35.2034,0.0]]],
[[[174.2042,-35.2031,0.0],[174.2047,-35.2031,0.0],[174.2049,-35.2027,0.0],[174.2043,-35.2025,0.0],[174.2042,-35.2031,0.0]]],
[[[174.085,-35.2027,0.0],[174.0851,-35.2026,0.0],[174.0849,-35.2027,0.0],[174.085,-35.2027,0.0]]],
[[[174.1019,-35.2036,0.0],[174.1026,-35.2033,0.0],[174.1027,-35.2026,0.0],[174.1021,-35.2027,0.0],[174.1019,-35.2036,0.0]]],
[[[174.0975,-35.2036,0.0],[174.0984,-35.2031,0.0],[174.0976,-35.2023,0.0],[174.0971,-35.2028,0.0],[174.0975,-35.2036,0.0]]],
[[[174.1105,-35.2031,0.0],[174.1101,-35.2023,0.0],[174.1091,-35.2027,0.0],[174.1094,-35.203,0.0],[174.1105,-35.2031,0.0]]],
[[[174.1105,-35.2023,0.0],[174.1106,-35.2025,0.0],[174.1107,-35.2024,0.0],[174.1107,-35.2023,0.0],[174.1105,-35.2023,0.0]]],
[[[174.0199,-35.2008,0.0],[174.0197,-35.2,0.0],[174.0192,-35.2,0.0],[174.0197,-35.2007,0.0],[174.0199,-35.2008,0.0]]],
[[[174.2094,-35.1965,39.9249],[174.2068,-35.1973,25.8167],[174.2063,-35.2017,6.5008],[174.2145,-35.1974,0.0],[174.2094,-35.1965,39.9249]]],
[[[174.1096,-35.2011,0.0],[174.1094,-35.201,0.0],[174.1094,-35.2013,0.0],[174.1095,-35.2013,0.0],[174.1096,-35.2011,0.0]]],
[[[174.078,-35.2015,3.6891],[174.077,-35.2016,0.0],[174.0777,-35.2029,0.0],[174.0782,-35.2017,3.6891],[174.078,-35.2015,3.6891]]],
[[[174.0799,-35.2018,3.6891],[174.0791,-35.2014,3.6891],[174.079,-35.2024,3.6891],[174.0795,-35.2024,3.6891],[174.0799,-35.2018,3.6891]]],
[[[174.1098,-35.201,0.0],[174.1098,-35.2016,0.0],[174.1108,-35.2004,0.0],[174.11,-35.2003,0.0],[174.1098,-35.201,0.0]]],
[[[174.1136,-35.208,1.1317],[174.1139,-35.2073,0.0],[174.1132,-35.2081,1.1317],[174.1144,-35.2081,1.1317],[174.1136,-35.208,1.1317]]],
[[[174.0354,-35.2066,1.2676],[174.0345,-35.2074,1.0099],[174.0358,-35.208,1.7019],[174.0358,-35.2067,1.2676],[174.0354,-35.2066,1.2676]]],
[[[174.0989,-35.2063,24.0169],[174.0975,-35.2054,1.1643],[174.0891,-35.2084,22.2678],[174.077,-35.2055,2.8437],[174.0771,-35.2069,9.4253],[174.0738,-35.2093,7.264],[174.0854,-35.2137,14.6803],[174.092,-35.2124,46.4089],[174.0962,-35.2137,7.172],[174.1019,-35.2103,22.0441],[174.1059,-35.2114,4.1518],[174.1044,-35.208,47.8929],[174.1003,-35.2079,24.0169],[174.0989,-35.2063,24.0169]],
[[174.0942,-35.2068,10.6877],[174.094,-35.2068,10.6877],[174.094,-35.2067,10.6877],[174.0942,-35.2067,10.6877],[174.0942,-35.2068,10.6877]]],
[[[174.0868,-35.2071,0.0],[174.0867,-35.2071,0.0],[174.0866,-35.2072,0.0],[174.0868,-35.2072,0.0],[174.0868,-35.2071,0.0]]],
[[[174.0912,-35.2073,0.0],[174.091,-35.2072,0.0],[174.0909,-35.2074,0.0],[174.0911,-35.2075,0.0],[174.0912,-35.2073,0.0]]],
[[[174.1047,-35.2071,0.0],[174.105,-35.2071,0.0],[174.1051,-35.2068,0.0],[174.1047,-35.2069,0.0],[174.1047,-35.2071,0.0]]],
[[[174.0385,-35.2069,0.0],[174.0381,-35.2071,0.0],[174.0381,-35.2073,0.0],[174.039,-35.2066,0.0],[174.0385,-35.2069,0.0]]],
[[[174.086,-35.2071,0.0],[174.086,-35.2072,0.0],[174.0861,-35.2072,0.0],[174.0862,-35.2071,0.0],[174.086,-35.2071,0.0]]],
[[[174.0853,-35.2072,0.0],[174.0854,-35.207,0.0],[174.0853,-35.207,0.0],[174.0852,-35.2071,0.0],[174.0853,-35.2072,0.0]]],
[[[174.0914,-35.2068,0.0],[174.0915,-35.2069,0.0],[174.0916,-35.2068,0.0],[174.0915,-35.2067,0.0],[174.0914,-35.2068,0.0]]],
[[[174.0993,-35.2062,1.8707],[174.0996,-35.2064,24.0169],[174.0995,-35.2059,1.8707],[174.0991,-35.2061,1.8707],[174.0993,-35.2062,1.8707]]],
[[[174.0922,-35.2065,0.0],[174.0921,-35.2064,0.0],[174.0919,-35.2065,0.0],[174.0921,-35.2066,0.0],[174.0922,-35.2065,0.0]]],
[[[174.0812,-35.2063,11.5128],[174.0813,-35.2061,0.0],[174.0811,-35.2061,0.0],[174.081,-35.2062,0.0],[174.0812,-35.2063,11.5128]]],
[[[174.1118,-35.2049,0.0],[174.1107,-35.2047,0.3381],[174.1095,-35.2054,0.3381],[174.1103,-35.2058,0.3381],[174.1118,-35.2049,0.0]]],
[[[174.0393,-35.2063,0.0],[174.0401,-35.2059,0.0],[174.0406,-35.2053,0.0],[174.0396,-35.2057,0.0],[174.0393,-35.2063,0.0]]],
[[[174.0842,-35.2051,0.0],[174.0843,-35.203,2.4669],[174.0838,-35.2027,0.0],[174.0836,-35.2061,0.0],[174.0842,-35.2051,0.0]]],
[[[174.0445,-35.1958,0.0],[174.0439,-35.1955,0.0],[174.0434,-35.1961,0.0],[174.0444,-35.1964,0.0],[174.0445,-35.1958,0.0]]],
[[[174.0177,-35.1931,0.0],[174.0184,-35.193,0.0],[174.0184,-35.1925,0.0],[174.0173,-35.1927,0.0],[174.0177,-35.1931,0.0]]],
[[[174.085,-35.1859,0.0],[174.0843,-35.1851,0.0],[174.0832,-35.1845,0.0],[174.0842,-35.1861,0.0],[174.085,-35.1859,0.0]]],
[[[174.0895,-35.1844,0.0],[174.0897,-35.1843,0.0],[174.0895,-35.1842,0.0],[174.0894,-35.1843,0.0],[174.0895,-35.1844,0.0]]],
[[[174.0866,-35.1833,0.0],[174.0868,-35.1832,0.0],[174.0865,-35.1831,0.0],[174.0865,-35.1832,0.0],[174.0866,-35.1833,0.0]]],
[[[174.0874,-35.1831,0.0],[174.0875,-35.1832,0.0],[174.0875,-35.1831,0.0],[174.0874,-35.1831,0.0]]],
[[[174.0871,-35.1831,0.0],[174.0872,-35.1832,0.0],[174.0873,-35.1831,0.0],[174.0871,-35.183,0.0],[174.0871,-35.1831,0.0]]],
[[[174.1055,-35.199,0.0],[174.1061,-35.1992,0.0],[174.1062,-35.1989,0.0],[174.1059,-35.1988,0.0],[174.1055,-35.199,0.0]]],
[[[174.051,-35.2,0.5599],[174.0491,-35.1978,0.0],[174.0464,-35.1996,0.0],[174.0489,-35.1992,0.0],[174.051,-35.2,0.5599]]],
[[[174.0088,-35.1988,0.0],[174.0083,-35.1983,0.0],[174.0055,-35.1993,0.8201],[174.0092,-35.1991,0.0],[174.0088,-35.1988,0.0]]],
[[[174.1091,-35.1986,0.0],[174.11,-35.1983,0.0],[174.1066,-35.1991,0.0],[174.1083,-35.1993,0.0],[174.1091,-35.1986,0.0]]],
[[[174.1042,-35.1986,0.0],[174.1044,-35.199,0.0],[174.1051,-35.1988,0.0],[174.1047,-35.1984,0.0],[174.1042,-35.1986,0.0]]],
[[[174.0849,-35.1792,0.0],[174.0844,-35.1781,0.0],[174.0835,-35.1785,0.0],[174.0838,-35.1793,0.0],[174.0849,-35.1792,0.0]]],
[[[174.0852,-35.178,0.0],[174.0853,-35.1781,0.0],[174.0854,-35.178,0.0],[174.0853,-35.1779,1.5189],[174.0852,-35.178,0.0]]],
[[[174.0864,-35.1767,0.0],[174.0866,-35.1769,0.0],[174.0867,-35.1768,0.0],[174.0867,-35.1766,0.0],[174.0864,-35.1767,0.0]]],
[[[174.1237,-35.1727,0.0],[174.1242,-35.1729,0.0],[174.1244,-35.1722,0.0],[174.1237,-35.1723,0.0],[174.1237,-35.1727,0.0]]],
[[[174.3408,-35.1642,0.1619],[174.3389,-35.1638,0.0],[174.3385,-35.1665,0.0],[174.3405,-35.166,2.5668],[174.3408,-35.1642,0.1619]]],
[[[173.7155,-35.0692,1.5193],[173.7154,-35.0688,1.5193],[173.715,-35.0674,0.2917],[173.7148,-35.0687,1.5193],[173.7155,-35.0692,1.5193]]],
[[[173.7149,-35.0668,0.2917],[173.7148,-35.0667,0.2917],[173.7149,-35.0672,0.2917],[173.7149,-35.067,0.2917],[173.7149,-35.0668,0.2917]]],
[[[173.9346,-35.058,0.0],[173.9341,-35.0584,0.0],[173.934,-35.0587,0.0],[173.9352,-35.0579,0.9426],[173.9346,-35.058,0.0]]],
[[[173.9395,-35.0544,0.0],[173.9403,-35.0547,0.0],[173.9401,-35.0534,1.269],[173.9397,-35.0537,0.0],[173.9395,-35.0544,0.0]]],
[[[173.7323,-35.0495,0.0],[173.7321,-35.0495,0.0],[173.7318,-35.0496,0.0],[173.732,-35.0499,0.0],[173.7323,-35.0495,0.0]]],
[[[173.7298,-35.0425,0.0],[173.7299,-35.0428,0.0],[173.7304,-35.0428,0.0],[173.7297,-35.0419,0.0],[173.7298,-35.0425,0.0]]],
[[[173.9461,-35.0317,3.5386],[173.9443,-35.0307,0.0],[173.9427,-35.0316,14.9675],[173.943,-35.0324,14.9675],[173.9461,-35.0317,3.5386]]],
[[[173.7621,-35.0241,0.0],[173.7596,-35.0227,0.0],[173.7587,-35.0255,4.5385],[173.7564,-35.024,0.0],[173.7622,-35.0288,0.0],[173.7711,-35.0275,2.1111],[173.7683,-35.0268,8.2966],[173.7681,-35.0247,0.0],[173.7667,-35.0252,30.0015],[173.7651,-35.0233,0.0],[173.7648,-35.0261,0.0],[173.7621,-35.026,1.3652],[173.7621,-35.0241,0.0]]],
[[[173.9522,-35.0258,0.8515],[173.9513,-35.0246,0.8515],[173.9492,-35.025,0.0],[173.9496,-35.0255,0.0],[173.9522,-35.0258,0.8515]]],
[[[173.9482,-35.0219,0.0],[173.9484,-35.0228,0.0],[173.9492,-35.0232,0.0],[173.9491,-35.0215,0.0],[173.9482,-35.0219,0.0]]],
[[[173.9565,-35.0312,18.1176],[173.9555,-35.0298,30.4026],[173.9507,-35.0316,35.7348],[173.9515,-35.0334,5.1073],[173.9538,-35.0331,5.5614],[173.9553,-35.0347,0.0],[173.9631,-35.0338,4.9532],[173.9655,-35.0321,0.8397],[173.9572,-35.0308,18.1176],[173.9565,-35.0312,18.1176]]],
[[[173.9368,-35.0293,0.0],[173.9369,-35.0302,0.0],[173.9377,-35.0297,0.0],[173.9378,-35.0294,0.0],[173.9368,-35.0293,0.0]]],
[[[173.9332,-35.0297,0.0],[173.9347,-35.0305,0.0],[173.9356,-35.0294,0.0],[173.9337,-35.0282,0.0],[173.9332,-35.0297,0.0]]],
[[[173.9705,-35.0003,0.0],[173.968,-34.9984,0.0],[173.9651,-34.9994,0.0],[173.9719,-35.0037,0.0],[173.9732,-35.0015,0.0],[173.9705,-35.0003,0.0]]],
[[[173.265,-34.9972,1.8384],[173.2633,-34.9972,1.8384],[173.2663,-34.9994,1.8936],[173.2658,-35.0007,2.2116],[173.2687,-35.0007,1.8617],[173.2686,-35.0,1.8617],[173.265,-34.9972,1.8384]]],
[[[173.303,-35.0001,1.8235],[173.3012,-34.998,2.0451],[173.294,-34.9997,1.1581],[173.3012,-35.002,1.6937],[173.3037,-35.0012,1.8235],[173.303,-35.0001,1.8235]]],
[[[173.9319,-34.9977,2.4105],[173.932,-34.9972,2.4105],[173.9319,-34.9972,2.4105],[173.9317,-34.9977,0.0],[173.9319,-34.9977,2.4105]]],
[[[173.8535,-34.9959,15.3817],[173.8539,-34.996,0.0],[173.8539,-34.9958,0.0],[173.8536,-34.9958,0.0],[173.8535,-34.9959,15.3817]]],
[[[173.8638,-35.0121,0.0],[173.8648,-35.0126,0.0],[173.8655,-35.0117,0.0],[173.8641,-35.0119,0.0],[173.8638,-35.0121,0.0]]],
[[[173.8584,-35.0112,0.0],[173.8585,-35.0111,0.0],[173.8581,-35.0111,0.0],[173.8581,-35.0112,0.0],[173.8584,-35.0112,0.0]]],
[[[173.9485,-35.0107,3.3748],[173.9482,-35.0107,5.0347],[173.9488,-35.011,3.3748],[173.9489,-35.0108,3.3748],[173.9485,-35.0107,3.3748]]],
[[[173.9489,-35.0027,8.6929],[173.9485,-35.0027,8.6929],[173.9483,-35.0028,8.6929],[173.9489,-35.0031,3.4922],[173.9489,-35.0027,8.6929]]],
[[[173.9359,-35.0112,9.8766],[173.936,-35.011,9.8766],[173.9358,-35.0109,5.5973],[173.9357,-35.0111,5.5973],[173.9359,-35.0112,9.8766]]],
[[[173.9625,-34.9987,0.0],[173.9621,-34.9988,0.0],[173.9619,-34.9994,0.0],[173.9625,-34.9995,0.0],[173.9625,-34.9987,0.0]]],
[[[173.9738,-34.981,0.2455],[173.9728,-34.9808,0.5889],[173.9724,-34.982,0.0],[173.9727,-34.9821,0.0],[173.9738,-34.981,0.2455]]],
[[[173.4397,-34.9814,0.0],[173.4391,-34.9806,0.0],[173.4378,-34.9808,0.0],[173.4386,-34.982,0.0],[173.4397,-34.9814,0.0]]],
[[[173.9544,-34.9818,0.0],[173.9563,-34.9822,28.8762],[173.9571,-34.9814,42.8803],[173.9559,-34.9803,0.0],[173.9544,-34.9818,0.0]]],
[[[173.962,-34.9761,0.0],[173.9618,-34.9764,0.0],[173.962,-34.9767,0.0],[173.9622,-34.9762,0.0],[173.962,-34.9761,0.0]]],
[[[173.965,-34.974,6.3242],[173.9624,-34.9744,0.0],[173.9642,-34.9781,0.0],[173.9666,-34.9756,62.2995],[173.965,-34.974,6.3242]]],
[[[173.9464,-34.9759,32.6541],[173.9476,-34.9753,32.6541],[173.9459,-34.9744,0.8617],[173.9426,-34.9763,9.4963],[173.9438,-34.9771,9.4963],[173.9464,-34.9759,32.6541]]],
[[[173.9514,-34.9737,3.8844],[173.9486,-34.9753,3.1096],[173.953,-34.977,15.5023],[173.9576,-34.9749,0.0],[173.9527,-34.9743,0.4548],[173.9514,-34.9737,3.8844]]],
[[[173.9527,-34.9948,0.0],[173.9523,-34.995,3.4887],[173.9527,-34.9953,0.0],[173.9528,-34.9951,0.0],[173.9527,-34.9948,0.0]]],
[[[173.8424,-34.993,5.4662],[173.8419,-34.9932,5.4662],[173.8416,-34.9935,5.4662],[173.8427,-34.9931,5.4662],[173.8424,-34.993,5.4662]]],
[[[173.9544,-34.9867,31.0073],[173.9548,-34.9852,9.4378],[173.9504,-34.986,0.0],[173.944,-34.9896,54.3305],[173.939,-34.9874,2.7983],[173.9403,-34.9894,26.0053],[173.9382,-34.9929,29.7549],[173.9359,-34.9932,39.6701],[173.9349,-34.9968,36.7617],[173.9322,-34.9977,2.4105],[173.9303,-35.0055,11.1528],[173.9359,-35.0059,10.2792],[173.9373,-35.0084,9.3145],[173.9362,-35.0107,9.8766],[173.9394,-35.0095,37.5086],[173.9422,-35.0111,17.6039],[173.9434,-35.0136,12.7952],[173.9426,-35.0166,0.0],[173.9491,-35.0166,13.6988],[173.948,-35.0108,5.0347],[173.9453,-35.0109,0.7322],[173.9448,-35.0082,0.0],[173.9466,-35.0072,1.1394],[173.9456,-35.0056,19.1189],[173.949,-35.0013,8.6929],[173.9483,-35.0003,19.8464],[173.951,-35.0001,0.0],[173.9501,-34.9966,98.3382],[173.9522,-34.9949,3.4887],[173.9497,-34.9906,37.3502],[173.9524,-34.9899,0.0],[173.9544,-34.9867,31.0073]]],
[[[173.8641,-34.9865,0.0],[173.8629,-34.9859,0.0],[173.8614,-34.9867,0.0],[173.8625,-34.9879,8.8629],[173.8641,-34.9865,0.0]]],
[[[173.2648,-34.9845,1.9991],[173.2628,-34.9844,2.5394],[173.2637,-34.9883,2.0453],[173.262,-34.9906,1.8901],[173.2624,-34.9951,1.7968],[173.2639,-34.9951,1.6412],[173.2651,-34.9926,2.0174],[173.2646,-34.9885,2.0453],[173.2675,-34.9864,2.2153],[173.2648,-34.9845,1.9991]]],
[[[173.2681,-34.9863,2.2153],[173.2675,-34.9871,2.2153],[173.2683,-34.9868,2.2153],[173.2686,-34.9856,0.9046],[173.2681,-34.9863,2.2153]]],
[[[173.7986,-34.9923,0.0425],[173.7981,-34.9929,0.0425],[173.7982,-34.9935,0.0],[173.799,-34.9926,0.0425],[173.7986,-34.9923,0.0425]]],
[[[173.8235,-34.9923,0.6447],[173.8229,-34.9926,0.6447],[173.8229,-34.993,0.9032],[173.8234,-34.9929,0.6447],[173.8235,-34.9923,0.6447]]],
[[[173.8531,-34.9912,0.0],[173.8533,-34.9912,0.0],[173.8533,-34.9911,0.0],[173.8531,-34.991,0.0],[173.8531,-34.9912,0.0]]],
[[[173.8616,-34.9905,15.2814],[173.8618,-34.9904,15.2814],[173.8619,-34.9902,0.6933],[173.8617,-34.9902,15.2814],[173.8616,-34.9905,15.2814]]],
[[[173.8174,-34.9896,0.0],[173.8176,-34.9909,0.0],[173.8183,-34.9918,1.3382],[173.8174,-34.9885,0.0],[173.8174,-34.9896,0.0]]],
[[[173.7549,-35.0209,25.6603],[173.7564,-35.0207,25.6603],[173.7562,-35.0192,6.7328],[173.7527,-35.0174,0.0],[173.752,-35.0192,9.9687],[173.7549,-35.0209,25.6603]]],
[[[173.9495,-35.0182,0.0],[173.9506,-35.0187,0.0],[173.9492,-35.0167,13.6988],[173.9487,-35.0175,13.6988],[173.9495,-35.0182,0.0]]],
[[[173.9504,-35.0171,0.0],[173.9503,-35.0174,0.0],[173.9507,-35.0181,0.0],[173.9511,-35.0175,0.0],[173.9504,-35.0171,0.0]]],
[[[173.9387,-34.9714,3.5571],[173.9408,-34.9719,16.45],[173.9418,-34.9706,22.6172],[173.9393,-34.9692,0.0],[173.9387,-34.9714,3.5571]]],
[[[173.9332,-34.9697,0.0],[173.934,-34.97,1.1487],[173.9344,-34.9696,1.1487],[173.9335,-34.9692,0.0],[173.9332,-34.9697,0.0]]],
[[[173.7655,-34.9524,1.7038],[173.7636,-34.9519,0.0],[173.7686,-34.9549,0.2412],[173.7698,-34.9533,0.0],[173.7682,-34.952,1.3123],[173.7655,-34.9524,1.7038]]],
[[[173.6901,-34.9469,0.0],[173.6911,-34.9466,0.0],[173.6913,-34.946,1.0142],[173.6899,-34.9461,1.031],[173.6901,-34.9469,0.0]]],
[[[173.6892,-34.9464,0.0],[173.6896,-34.946,1.031],[173.6895,-34.9458,1.031],[173.6887,-34.9461,0.0],[173.6892,-34.9464,0.0]]],
[[[173.6884,-34.9459,0.0],[173.6886,-34.9457,0.0],[173.6883,-34.9456,0.0],[173.6883,-34.9458,0.0],[173.6884,-34.9459,0.0]]],
[[[173.6537,-34.9456,14.7464],[173.6523,-34.9437,2.3779],[173.6515,-34.945,0.0],[173.6535,-34.9466,0.0],[173.6537,-34.9456,14.7464]]],
[[[173.5766,-34.9247,0.0],[173.5767,-34.9251,0.0],[173.5773,-34.9251,0.0],[173.5771,-34.9244,0.0],[173.5766,-34.9247,0.0]]],
[[[173.3769,-34.7856,0.7422],[173.3747,-34.7853,2.0932],[173.3768,-34.7892,10.9047],[173.3781,-34.7879,14.8126],[173.3816,-34.7882,0.0],[173.3798,-34.7862,1.1424],[173.3774,-34.7868,14.8126],[173.3769,-34.7856,0.7422]]],
[[[173.7131,-34.9695,0.0],[173.7133,-34.9692,0.0],[173.7129,-34.9693,0.0],[173.7129,-34.9694,0.0],[173.7131,-34.9695,0.0]]],
[[[173.7755,-34.9676,0.0],[173.7754,-34.9673,0.0],[173.7745,-34.967,0.0],[173.7745,-34.9675,0.0],[173.7755,-34.9676,0.0]]],
[[[173.775,-34.9557,10.784],[173.7694,-34.9556,5.7668],[173.7721,-34.9571,13.5429],[173.7726,-34.9593,8.9327],[173.7803,-34.9634,10.9003],[173.7777,-34.9642,0.0],[173.7792,-34.9675,11.4005],[173.7766,-34.968,10.012],[173.7768,-34.9701,1.1807],[173.7791,-34.9694,38.2783],[173.7848,-34.9712,4.1017],[173.7856,-34.9696,4.1017],[173.7878,-34.9699,0.0],[173.7883,-34.9681,0.0],[173.7849,-34.9654,31.5343],[173.7838,-34.9596,0.0],[173.775,-34.9557,10.784]]],
[[[173.3837,-34.783,0.0],[173.3835,-34.7833,0.0],[173.3837,-34.7836,0.0],[173.3839,-34.7834,0.0],[173.3837,-34.783,0.0]]],
[[[173.3845,-34.7832,0.0],[173.3844,-34.783,0.0],[173.3842,-34.783,0.0],[173.3843,-34.7833,0.0],[173.3845,-34.7832,0.0]]],
[[[173.3605,-34.7806,4.6962],[173.3588,-34.7808,5.8305],[173.3571,-34.7795,0.4957],[173.3589,-34.7826,10.9572],[173.3605,-34.7806,4.6962]]],
[[[173.3952,-34.7779,0.0],[173.3953,-34.7776,0.0],[173.3951,-34.7774,0.0],[173.3951,-34.7778,0.0],[173.3952,-34.7779,0.0]]],
[[[173.3946,-34.7768,0.0],[173.3946,-34.7766,0.0],[173.3945,-34.7764,0.0],[173.3945,-34.7767,0.0],[173.3946,-34.7768,0.0]]],
[[[173.3468,-34.7708,19.6499],[173.3495,-34.7733,0.4685],[173.349,-34.7709,4.3676],[173.3453,-34.7678,0.0],[173.3468,-34.7708,19.6499]]],
[[[173.394,-34.7741,1.1433],[173.393,-34.7738,1.1433],[173.3948,-34.7757,0.6271],[173.3949,-34.7754,0.6271],[173.394,-34.7741,1.1433]]],
[[[173.3946,-34.774,1.1433],[173.3945,-34.7743,1.1433],[173.3952,-34.7747,0.6271],[173.395,-34.7742,-0.1888],[173.3946,-34.774,1.1433]]],
[[[173.1524,-34.7564,0.0],[173.1527,-34.757,0.0],[173.153,-34.7571,0.0],[173.153,-34.7567,0.0],[173.1524,-34.7564,0.0]]],
[[[173.1556,-34.7512,0.0],[173.1558,-34.7513,0.0],[173.1562,-34.751,0.0],[173.1556,-34.7509,0.0],[173.1556,-34.7512,0.0]]],
[[[173.1543,-34.7557,13.5323],[173.1532,-34.7567,0.0],[173.1555,-34.7573,3.4022],[173.1557,-34.7562,13.5323],[173.1543,-34.7557,13.5323]]],
[[[173.1566,-34.7566,0.0],[173.1564,-34.7548,9.5078],[173.155,-34.7547,13.5323],[173.1548,-34.7553,13.5323],[173.1566,-34.7566,0.0]]],
[[[172.8934,-34.6866,0.0],[172.8932,-34.6865,0.0],[172.8932,-34.6869,0.0],[172.8934,-34.6869,0.0],[172.8934,-34.6866,0.0]]],
[[[172.8906,-34.6848,0.0],[172.8886,-34.6858,1.891],[172.893,-34.6868,0.0],[172.8928,-34.6858,0.0],[172.8906,-34.6848,0.0]]],
[[[172.8895,-34.6847,1.891],[172.8898,-34.6846,1.891],[172.8901,-34.6845,0.0],[172.8892,-34.6845,0.0],[172.8895,-34.6847,1.891]]],
[[[172.799,-34.6037,0.0],[172.7982,-34.6034,0.0],[172.7981,-34.6048,0.3199],[172.7991,-34.6048,0.3199],[172.799,-34.6037,0.0]]],
[[[172.8579,-34.42,2.0454],[172.8568,-34.4192,11.4349],[172.8549,-34.4185,0.0],[172.8554,-34.4194,0.0],[172.8579,-34.42,2.0454]]],
[[[173.05,-34.4128,0.0],[173.0483,-34.4129,0.1154],[173.0491,-34.4162,42.4293],[173.0521,-34.4162,6.6889],[173.0512,-34.4133,1.5719],[173.05,-34.4128,0.0]]],
[[[173.8657,-34.9749,11.5405],[173.863,-34.9747,7.7873],[173.8614,-34.9776,0.0],[173.8651,-34.9833,0.0],[173.8674,-34.9802,1.0517],[173.8657,-34.9749,11.5405]]],
[[[173.5469,-34.9745,16.5018],[173.547,-34.9747,2.3879],[173.5471,-34.9746,2.3879],[173.5469,-34.9745,16.5018]]],
[[[174.0948,-35.1827,0.0],[174.0952,-35.1829,0.0],[174.0953,-35.1829,0.0],[174.0953,-35.1827,0.0],[174.0948,-35.1827,0.0]]],
[[[174.0817,-35.1823,0.0],[174.0813,-35.1818,0.0],[174.0799,-35.1817,0.0],[174.0814,-35.1831,1.4539],[174.0817,-35.1823,0.0]]],
[[[174.0878,-35.1829,0.0],[174.0876,-35.1829,0.0],[174.0876,-35.183,0.0],[174.0878,-35.183,0.0],[174.0878,-35.1829,0.0]]],
[[[174.0866,-35.1825,0.0],[174.0862,-35.1818,0.0],[174.0857,-35.1826,0.0],[174.0863,-35.1829,0.0],[174.0866,-35.1825,0.0]]],
[[[174.0854,-35.1816,0.0],[174.0853,-35.1821,0.0],[174.0858,-35.1821,0.0],[174.0858,-35.182,0.0],[174.0854,-35.1816,0.0]]]]}
,"properties": {"GID_1": "NZL.11_1","GID_0": "NZL","country": "NewZealand","province": "Northland","VARNAME_1": "NA","NL_NAME_1": "NA","TYPE_1": "Region","ENGTYPE_1": "Region","CC_1": "01","HASC_1": "NZ.NO","ISO_1": "NZ-NTL","name": "Northland.province","area_km2": 12518.231,"hist_schema_id": "Elevation0-9000","hist_area_km2": {"0": 1206.891,"25": 1718.981,"50": 1819.643,"75": 1629.167,"100": 1409.417,"125": 1007.27,"150": 768.258,"175": 585.949,"200": 461.234,"225": 391.497,"250": 303.167,"275": 222.219,"300": 171.361,"325": 140.385,"350": 107.351,"375": 84.794,"400": 71.464,"425": 63.826,"450": 57.701,"475": 50.099,"500": 48.16,"525": 40.636,"550": 36.058,"575": 30.039,"600": 21.624,"625": 20.342,"650": 19.916,"675": 19.489,"700": 8.865,"725": 1.966,"750": 0.431}}}