{"type": "Feature","bbox": [172.7187,-42.4877,174.4458,-40.6637],"geometry": {"type": "MultiPolygon","coordinates": [[[[174.0684,-41.55,0.0],[174.0684,-41.5498,0.0],[174.0682,-41.5496,0.0],[174.0682,-41.55,0.0],[174.0684,-41.55,0.0]]],
[[[174.0734,-41.5489,0.0],[174.0736,-41.5497,0.0],[174.0751,-41.5501,0.1316],[174.0736,-41.5485,0.0],[174.0734,-41.5489,0.0]]],
[[[174.0635,-41.5502,0.0816],[174.0641,-41.5499,0.0816],[174.064,-41.5492,0.1789],[174.0627,-41.5499,0.0],[174.0635,-41.5502,0.0816]]],
[[[174.071,-41.5487,0.0954],[174.0708,-41.5487,0.0954],[174.0705,-41.5491,0.0954],[174.071,-41.5492,0.0954],[174.071,-41.5487,0.0954]]],
[[[174.0696,-41.5493,0.1848],[174.0703,-41.5484,0.0954],[174.0687,-41.5486,0.1848],[174.0687,-41.5489,0.1848],[174.0696,-41.5493,0.1848]]],
[[[174.0694,-41.5475,0.0],[174.0699,-41.5472,0.0],[174.0682,-41.5475,0.0],[174.0685,-41.5476,0.0],[174.0694,-41.5475,0.0]]],
[[[174.0584,-41.5415,0.2583],[174.0579,-41.5413,0.2583],[174.0578,-41.5419,0.2583],[174.058,-41.542,0.2583],[174.0584,-41.5415,0.2583]]],
[[[174.0584,-41.5413,0.2583],[174.0586,-41.5412,0.0],[174.0585,-41.5409,0.0],[174.0584,-41.5413,0.2583]]],
[[[174.0858,-41.5407,0.0],[174.086,-41.5405,0.0],[174.0848,-41.541,0.0],[174.0849,-41.541,0.0],[174.0858,-41.5407,0.0]]],
[[[174.0833,-41.5401,0.0],[174.08345,-41.540025,0.0],[174.083,-41.5401,0.0],[174.0833,-41.5401,0.0]]],
[[[174.08345,-41.540025,0.0],[174.0836,-41.54,0.0],[174.0835,-41.54,0.0],[174.08345,-41.540025,0.0]]],
[[[174.0823,-41.5395,0.0],[174.0822,-41.5396,0.0],[174.0824,-41.5398,0.0],[174.0825,-41.5395,0.0],[174.0823,-41.5395,0.0]]],
[[[174.084,-41.5395,0.0],[174.084,-41.5396,0.0],[174.0843,-41.5397,0.0],[174.0841,-41.5395,0.0],[174.084,-41.5395,0.0]]],
[[[174.074,-41.539,0.0],[174.0737,-41.5394,0.1948],[174.0744,-41.5398,0.0],[174.0745,-41.5398,0.0],[174.074,-41.539,0.0]]],
[[[174.0713,-41.5392,0.0],[174.071,-41.539,0.0],[174.0707,-41.5389,0.0],[174.071,-41.5393,0.0],[174.0713,-41.5392,0.0]]],
[[[174.0707,-41.5387,0.0],[174.0705,-41.5387,0.0],[174.0704,-41.5388,0.0],[174.0707,-41.5388,0.0],[174.0707,-41.5387,0.0]]],
[[[174.0871,-41.5391,0.0],[174.0872,-41.5391,0.0],[174.0868,-41.5389,0.0],[174.087,-41.539,0.0],[174.0871,-41.5391,0.0]]],
[[[174.0748,-41.5386,0.0],[174.0744,-41.5388,0.0],[174.0745,-41.5391,0.0],[174.0747,-41.5387,0.0],[174.0748,-41.5386,0.0]]],
[[[174.0864,-41.5387,0.0],[174.0867,-41.5388,0.0],[174.0864,-41.5384,0.0],[174.0863,-41.5385,0.0],[174.0864,-41.5387,0.0]]],
[[[174.0722,-41.5384,0.1948],[174.0724,-41.5387,0.1948],[174.0727,-41.5386,0.1948],[174.0726,-41.5384,0.1948],[174.0722,-41.5384,0.1948]]],
[[[174.0719,-41.5384,0.1948],[174.0718,-41.5385,0.1948],[174.0719,-41.5386,0.1948],[174.072,-41.5385,0.1948],[174.0719,-41.5384,0.1948]]],
[[[174.0868,-41.5382,0.0],[174.0865,-41.5381,0.0],[174.0873,-41.5387,0.0],[174.0869,-41.5384,0.0],[174.0868,-41.5382,0.0]]],
[[[174.0717,-41.5387,0.1948],[174.0711,-41.5379,0.0],[174.0715,-41.5388,0.0],[174.0721,-41.5391,0.1948],[174.0717,-41.5387,0.1948]]],
[[[174.0748,-41.5382,0.0],[174.0751,-41.5382,0.0],[174.0752,-41.5379,0.1999],[174.0751,-41.5379,0.1999],[174.0748,-41.5382,0.0]]],
[[[174.0724,-41.5381,0.1948],[174.0724,-41.538,0.1948],[174.0721,-41.5383,0.1948],[174.0723,-41.5383,0.1948],[174.0724,-41.5381,0.1948]]],
[[[174.0711,-41.5377,0.0],[174.0709,-41.5377,0.0],[174.0711,-41.5379,0.0],[174.0711,-41.5377,0.0]]],
[[[174.0864,-41.5375,0.0],[174.0863,-41.5376,0.0],[174.0862,-41.5378,0.0],[174.0867,-41.5377,0.0],[174.0864,-41.5375,0.0]]],
[[[174.0711,-41.5373,0.0],[174.071,-41.5374,0.0],[174.0712,-41.5375,0.0],[174.0712,-41.5374,0.0],[174.0711,-41.5373,0.0]]],
[[[174.075,-41.5374,0.1999],[174.0751,-41.5375,0.1999],[174.0752,-41.5373,0.1999],[174.075,-41.5374,0.1999]]],
[[[174.0729,-41.5375,0.3389],[174.0728,-41.5374,0.3389],[174.0728,-41.5376,0.3389],[174.0729,-41.5376,0.3389],[174.0729,-41.5375,0.3389]]],
[[[174.0719,-41.5377,0.3389],[174.072,-41.5381,0.1948],[174.0723,-41.5378,0.3389],[174.0721,-41.5376,0.3389],[174.0719,-41.5377,0.3389]]],
[[[174.0603,-41.5372,0.0],[174.0603,-41.537,0.0],[174.0599,-41.5376,0.0],[174.06,-41.5376,0.0],[174.0603,-41.5372,0.0]]],
[[[174.0771,-41.5373,0.1776],[174.0772,-41.5372,0.1776],[174.0773,-41.537,0.1776],[174.0769,-41.5375,0.1776],[174.0771,-41.5373,0.1776]]],
[[[174.0728,-41.5371,0.3389],[174.0729,-41.5371,0.3389],[174.073,-41.5369,0.3389],[174.0728,-41.5371,0.3389]]],
[[[174.1086,-41.5339,0.5515],[174.106,-41.5328,0.0],[174.1049,-41.534,0.3059],[174.1084,-41.5349,0.0],[174.1086,-41.5339,0.5515]]],
[[[174.0752,-41.5194,0.0],[174.0726,-41.5173,0.3156],[174.0665,-41.5166,0.4749],[174.0723,-41.5214,0.0],[174.0698,-41.519,0.4609],[174.0712,-41.5181,0.4609],[174.077,-41.5211,0.0],[174.0752,-41.5194,0.0]]],
[[[174.0715,-41.5144,0.0],[174.0714,-41.5141,0.0],[174.0708,-41.5148,0.0],[174.0714,-41.5145,0.0],[174.0715,-41.5144,0.0]]],
[[[174.0542,-41.5075,0.4892],[174.0563,-41.5076,0.0],[174.0566,-41.5073,0.0],[174.0526,-41.5069,0.4676],[174.0542,-41.5075,0.4892]]],
[[[174.0875,-41.5321,0.213],[174.0873,-41.5321,0.213],[174.0871,-41.532,0.213],[174.0873,-41.5325,0.213],[174.0875,-41.5321,0.213]]],
[[[174.0662,-41.5352,0.1204],[174.0658,-41.5351,0.1204],[174.0652,-41.5357,0.0],[174.0655,-41.5357,0.0],[174.0662,-41.5352,0.1204]]],
[[[174.0749,-41.5352,0.3856],[174.0759,-41.5352,0.4112],[174.0761,-41.5351,0.4112],[174.074,-41.5351,0.3856],[174.0749,-41.5352,0.3856]]],
[[[174.0768,-41.5349,0.4112],[174.0769,-41.535,0.4112],[174.0771,-41.5347,0.4112],[174.0769,-41.5347,0.4112],[174.0768,-41.5349,0.4112]]],
[[[174.0947,-41.5364,0.0],[174.0953,-41.536,0.1509],[174.0932,-41.5331,0.0959],[174.0934,-41.5343,0.0959],[174.0947,-41.5364,0.0]]],
[[[174.0888,-41.5348,0.0],[174.0865,-41.5344,0.2776],[174.0867,-41.535,0.0807],[174.0894,-41.535,0.0],[174.0888,-41.5348,0.0]]],
[[[174.0864,-41.5359,0.0807],[174.0862,-41.5356,0.0807],[174.0859,-41.5356,0.0],[174.0863,-41.5359,0.0807],[174.0864,-41.5359,0.0807]]],
[[[174.0824,-41.5346,0.0],[174.0815,-41.5353,0.0],[174.0815,-41.5354,0.0],[174.0829,-41.5348,0.0],[174.0824,-41.5346,0.0]]],
[[[174.0779,-41.5366,0.1221],[174.0781,-41.5364,0.1221],[174.0776,-41.5365,0.1776],[174.0777,-41.5365,0.1776],[174.0779,-41.5366,0.1221]]],
[[[174.0778,-41.5359,0.4112],[174.0776,-41.5361,0.4112],[174.0789,-41.5361,0.0],[174.078,-41.5359,0.0],[174.0778,-41.5359,0.4112]]],
[[[174.0735,-41.5357,0.3232],[174.0741,-41.5359,0.3856],[174.0747,-41.5356,0.3856],[174.0742,-41.5357,0.3856],[174.0735,-41.5357,0.3232]]],
[[[174.0741,-41.5345,0.274],[174.0736,-41.5344,0.5666],[174.0735,-41.5345,0.5666],[174.0738,-41.5347,0.3856],[174.0741,-41.5345,0.274]]],
[[[174.0829,-41.534,0.0],[174.0828,-41.5338,0.0],[174.0827,-41.5338,0.0],[174.0828,-41.5341,0.0],[174.0829,-41.534,0.0]]],
[[[174.0883,-41.5343,0.2327],[174.088,-41.5343,0.2776],[174.0879,-41.5344,0.2776],[174.0884,-41.5345,0.2327],[174.0883,-41.5343,0.2327]]],
[[[174.0832,-41.5345,0.0],[174.0832,-41.5343,0.0],[174.083,-41.5343,0.0],[174.0831,-41.5345,0.0],[174.0832,-41.5345,0.0]]],
[[[174.0766,-41.5344,0.0814],[174.0768,-41.5345,0.0814],[174.0768,-41.5344,0.0814],[174.0767,-41.5343,0.0814],[174.0766,-41.5344,0.0814]]],
[[[174.0761,-41.5347,0.4112],[174.075,-41.5344,0.274],[174.0749,-41.5338,0.274],[174.0748,-41.5344,0.274],[174.0761,-41.5347,0.4112]]],
[[[174.0761,-41.5342,0.0814],[174.0758,-41.5341,0.274],[174.0756,-41.5342,0.274],[174.0762,-41.5343,0.0814],[174.0761,-41.5342,0.0814]]],
[[[174.1022,-41.5336,0.1372],[174.0997,-41.5315,0.8584],[174.0929,-41.5301,0.4566],[174.0968,-41.5342,0.3857],[174.1022,-41.5336,0.1372]]],
[[[174.0741,-41.5335,0.274],[174.0743,-41.5337,0.274],[174.0746,-41.5334,0.274],[174.0741,-41.5333,0.274],[174.0741,-41.5335,0.274]]],
[[[174.0878,-41.5326,0.213],[174.0875,-41.5327,0.213],[174.0875,-41.533,0.2776],[174.0877,-41.5331,0.2776],[174.0878,-41.5326,0.213]]],
[[[174.0744,-41.5238,0.8242],[174.0721,-41.5223,0.0],[174.0728,-41.5247,0.4512],[174.0694,-41.5347,0.2788],[174.0727,-41.5362,0.3232],[174.0714,-41.5342,0.5031],[174.0736,-41.5334,0.5666],[174.0726,-41.5328,0.6918],[174.0726,-41.5313,0.6918],[174.0732,-41.5331,0.5666],[174.0771,-41.5333,0.0814],[174.0757,-41.5326,0.3627],[174.0743,-41.5327,0.3627],[174.0728,-41.531,0.8974],[174.0752,-41.5326,0.3627],[174.0769,-41.5309,0.594],[174.0806,-41.5329,0.3499],[174.0753,-41.5365,0.1999],[174.0768,-41.5363,0.1776],[174.0793,-41.5342,0.0],[174.0819,-41.5347,0.0],[174.0825,-41.5338,0.0],[174.081,-41.5339,0.1439],[174.0809,-41.5315,0.3499],[174.0794,-41.5306,0.527],[174.0819,-41.529,0.5561],[174.0849,-41.5324,0.0],[174.0835,-41.5285,0.241],[174.0888,-41.5306,0.4706],[174.0889,-41.5341,0.2327],[174.0898,-41.5269,0.5189],[174.0776,-41.5231,0.5956],[174.0775,-41.5248,0.8633],[174.0744,-41.5238,0.8242]]],
[[[174.3248,-41.2118,0.3642],[174.3242,-41.2114,0.3642],[174.3239,-41.2118,0.3642],[174.3244,-41.2121,0.3642],[174.3248,-41.2118,0.3642]]],
[[[174.3242,-41.2113,0.3642],[174.3251,-41.2112,0.0],[174.325,-41.2106,0.0],[174.3239,-41.2107,7.9314],[174.3242,-41.2113,0.3642]]],
[[[174.3334,-41.2058,0.0],[174.3327,-41.2051,8.235],[174.3315,-41.2061,8.235],[174.3322,-41.2064,0.0],[174.3334,-41.2058,0.0]]],
[[[174.3653,-41.2037,1.5609],[174.3659,-41.2021,9.966],[174.3648,-41.2007,0.0],[174.3636,-41.2043,0.0],[174.3653,-41.2037,1.5609]]],
[[[174.4344,-41.1116,0.0],[174.4341,-41.1116,0.0],[174.4339,-41.1117,0.0],[174.4343,-41.1118,0.0],[174.4344,-41.1116,0.0]]],
[[[174.4326,-41.1141,0.0],[174.4327,-41.1142,0.0],[174.4327,-41.1139,0.0],[174.4326,-41.114,0.0],[174.4326,-41.1141,0.0]]],
[[[174.4329,-41.1138,0.0],[174.4329,-41.114,0.0],[174.433,-41.114,0.0],[174.4329,-41.1138,0.0]]],
[[[174.4334,-41.1118,0.0],[174.4332,-41.1119,0.0],[174.4338,-41.112,0.0],[174.4337,-41.1118,0.0],[174.4334,-41.1118,0.0]]],
[[[174.4419,-41.1101,0.0],[174.4419,-41.11,0.0],[174.4416,-41.1101,0.0],[174.4419,-41.1101,0.0]]],
[[[174.4415,-41.1098,0.0],[174.4416,-41.1097,0.0],[174.4414,-41.1097,0.0],[174.4415,-41.1098,0.0]]],
[[[174.4414,-41.1103,0.0],[174.4412,-41.1104,0.0],[174.4416,-41.1102,0.0],[174.4414,-41.1103,0.0]]],
[[[174.4305,-41.1157,0.0],[174.4306,-41.1157,0.0],[174.4306,-41.1156,0.0],[174.4305,-41.1157,0.0]]],
[[[174.432,-41.1143,0.0],[174.432,-41.1146,4.7769],[174.4325,-41.1144,0.0],[174.4322,-41.1143,0.0],[174.432,-41.1143,0.0]]],
[[[174.327,-41.1133,5.3349],[174.3254,-41.1129,0.0],[174.33,-41.1152,0.0],[174.33,-41.1141,0.0],[174.327,-41.1133,5.3349]]],
[[[174.4297,-41.1143,0.0],[174.4298,-41.1142,0.0],[174.4296,-41.1143,0.0],[174.4297,-41.1143,0.0]]],
[[[174.4322,-41.114,0.0],[174.4336,-41.1129,0.0],[174.4324,-41.1116,0.0],[174.4286,-41.1163,0.0],[174.4315,-41.1152,0.0],[174.4314,-41.1147,0.0],[174.4322,-41.114,0.0]]],
[[[174.4325,-41.111,0.0],[174.4324,-41.111,0.0],[174.4325,-41.1111,0.0],[174.4325,-41.111,0.0]]],
[[[174.4458,-41.101,0.0],[174.4457,-41.1009,0.0],[174.4457,-41.101,0.0],[174.4458,-41.101,0.0]]],
[[[174.3613,-41.0775,0.0],[174.3614,-41.0772,0.0],[174.361,-41.0772,0.0],[174.361,-41.0775,0.0],[174.3613,-41.0775,0.0]]],
[[[174.3607,-41.0769,0.0],[174.3609,-41.0772,0.0],[174.3613,-41.077,0.0],[174.361,-41.0767,0.0],[174.3607,-41.0769,0.0]]],
[[[174.3601,-41.0759,0.0],[174.3601,-41.0757,0.0],[174.3597,-41.0758,0.0],[174.3599,-41.076,0.0],[174.3601,-41.0759,0.0]]],
[[[174.3595,-41.0757,0.0],[174.3593,-41.0758,0.0],[174.3593,-41.0759,0.0],[174.3597,-41.0758,0.0],[174.3595,-41.0757,0.0]]],
[[[174.3591,-41.0757,0.0],[174.3593,-41.0755,0.0],[174.3591,-41.0754,0.0],[174.359,-41.0757,0.0],[174.3591,-41.0757,0.0]]],
[[[174.441,-41.1095,0.0],[174.4411,-41.1096,0.0],[174.4412,-41.1095,0.0],[174.441,-41.1095,0.0]]],
[[[174.4414,-41.1094,0.0],[174.4413,-41.1094,0.0],[174.4412,-41.1095,0.0],[174.4413,-41.1095,0.0],[174.4414,-41.1094,0.0]]],
[[[174.4406,-41.1091,0.0],[174.4405,-41.1091,0.0],[174.4405,-41.1092,0.0],[174.4406,-41.1092,0.0],[174.4406,-41.1091,0.0]]],
[[[174.4406,-41.1089,0.0],[174.4405,-41.109,0.0],[174.4407,-41.109,0.0],[174.4406,-41.1089,0.0]]],
[[[174.4404,-41.1085,0.0],[174.4405,-41.1088,0.0],[174.4408,-41.1086,0.0],[174.4406,-41.1085,0.0],[174.4404,-41.1085,0.0]]],
[[[174.4409,-41.1083,0.0],[174.4413,-41.1081,0.0],[174.4402,-41.1083,0.0],[174.4402,-41.1084,0.0],[174.4409,-41.1083,0.0]]],
[[[174.3266,-41.1075,0.0],[174.3269,-41.1075,0.0],[174.3271,-41.1071,0.0],[174.3266,-41.1071,0.0],[174.3266,-41.1075,0.0]]],
[[[174.326,-41.1067,0.0],[174.3264,-41.1069,0.0],[174.3265,-41.1063,0.0],[174.3255,-41.1065,0.0],[174.326,-41.1067,0.0]]],
[[[174.4398,-41.1059,0.0],[174.4402,-41.1052,0.4462],[174.4397,-41.1045,0.0],[174.4392,-41.1053,0.0],[174.4398,-41.1059,0.0]]],
[[[174.4398,-41.1044,0.0],[174.4404,-41.1044,0.0],[174.4404,-41.104,0.0],[174.44,-41.1041,0.0],[174.4398,-41.1044,0.0]]],
[[[174.4408,-41.1014,0.0],[174.4408,-41.1016,0.0],[174.4416,-41.1014,0.0],[174.4413,-41.1012,0.0],[174.4408,-41.1014,0.0]]],
[[[174.4404,-41.103,0.0],[174.4423,-41.1034,0.0],[174.4427,-41.1022,0.0],[174.4406,-41.1024,0.0],[174.4404,-41.103,0.0]]],
[[[174.1342,-41.3312,0.0],[174.1324,-41.3309,0.0],[174.1314,-41.3315,2.9996],[174.136,-41.3316,0.0],[174.1342,-41.3312,0.0]]],
[[[174.0088,-41.2888,1.1515],[174.009,-41.2883,1.1515],[174.0089,-41.2882,1.1515],[174.0088,-41.2888,1.1515]]],
[[[174.0086,-41.2887,1.1515],[174.0087,-41.2882,1.1515],[174.0086,-41.2882,1.1515],[174.0086,-41.2887,1.1515]]],
[[[174.0062,-41.2868,0.0],[174.0061,-41.2867,0.0],[174.0061,-41.2868,0.0],[174.0062,-41.2869,0.0],[174.0062,-41.2868,0.0]]],
[[[174.0149,-41.2689,0.0],[174.0147,-41.2683,0.0],[174.0138,-41.2685,0.0],[174.0147,-41.2693,0.0],[174.0149,-41.2689,0.0]]],
[[[174.0387,-41.2649,5.1833],[174.0385,-41.2649,5.1833],[174.0384,-41.2649,5.1833],[174.0388,-41.265,0.0],[174.0387,-41.2649,5.1833]]],
[[[174.0112,-41.2584,7.3151],[174.0111,-41.2583,7.3151],[174.011,-41.2584,7.3151],[174.0111,-41.2585,7.3151],[174.0112,-41.2584,7.3151]]],
[[[174.0228,-41.1719,0.0],[174.0235,-41.1722,0.0],[174.0222,-41.1708,0.0],[174.0222,-41.1714,0.0],[174.0228,-41.1719,0.0]]],
[[[173.788,-41.1591,0.0],[173.7885,-41.1594,0.0],[173.7888,-41.1593,0.0],[173.7885,-41.1589,0.0],[173.788,-41.1591,0.0]]],
[[[174.2897,-41.156,17.1483],[174.2787,-41.1575,6.2857],[174.275,-41.1552,0.0],[174.2734,-41.1628,21.3885],[174.278,-41.1628,77.5769],[174.2815,-41.1654,0.0],[174.2829,-41.1639,24.885],[174.2895,-41.1651,0.0],[174.2897,-41.1618,24.3232],[174.2879,-41.1596,16.8407],[174.2897,-41.156,17.1483]]],
[[[174.239,-41.1593,17.5356],[174.236,-41.158,0.0],[174.2297,-41.165,0.0],[174.2337,-41.1686,19.9851],[174.2319,-41.1726,0.0],[174.2257,-41.174,0.0],[174.2281,-41.177,47.8885],[174.2296,-41.1846,24.7626],[174.2213,-41.1902,0.0],[174.2315,-41.1858,42.2545],[174.2346,-41.1821,36.4521],[174.2392,-41.1817,14.6861],[174.2416,-41.1788,21.0848],[174.2463,-41.1808,7.2567],[174.2544,-41.1792,28.8434],[174.2504,-41.1725,8.2215],[174.2467,-41.1709,14.1529],[174.247,-41.1672,17.9034],[174.2435,-41.1644,9.0801],[174.2449,-41.1582,0.0],[174.239,-41.1593,17.5356]]],
[[[173.9858,-41.2073,0.0],[173.9857,-41.2072,0.0],[173.9856,-41.2073,0.0],[173.9858,-41.2074,0.0],[173.9858,-41.2073,0.0]]],
[[[173.9572,-41.2061,0.0],[173.9571,-41.2063,0.0],[173.9571,-41.2065,0.0],[173.9574,-41.2061,0.0],[173.9572,-41.2061,0.0]]],
[[[173.9575,-41.206,0.0],[173.9577,-41.206,0.0],[173.9577,-41.2059,0.0],[173.9575,-41.2059,0.0],[173.9575,-41.206,0.0]]],
[[[174.2368,-41.1999,0.0],[174.2369,-41.199,0.0],[174.236,-41.1989,0.0],[174.2359,-41.1991,0.0],[174.2368,-41.1999,0.0]]],
[[[174.2155,-41.2443,3.0261],[174.216,-41.2436,0.0],[174.2143,-41.2441,3.0261],[174.215,-41.2445,3.0261],[174.2155,-41.2443,3.0261]]],
[[[174.0557,-41.2348,29.9491],[174.0528,-41.2367,0.0],[174.0573,-41.2391,0.0],[174.0588,-41.2355,6.4408],[174.0557,-41.2348,29.9491]]],
[[[174.3087,-41.2185,0.6844],[174.309,-41.2186,0.6844],[174.3094,-41.2185,0.6844],[174.3089,-41.218,0.6844],[174.3087,-41.2185,0.6844]]],
[[[174.311,-41.2162,0.0],[174.3113,-41.2156,0.0],[174.3097,-41.2153,35.3639],[174.3107,-41.2158,0.0],[174.311,-41.2162,0.0]]],
[[[174.3168,-41.2142,0.5988],[174.3158,-41.2137,5.6735],[174.3147,-41.2144,5.6735],[174.3156,-41.2142,5.6735],[174.3168,-41.2142,0.5988]]],
[[[174.0614,-41.236,2.9072],[174.0607,-41.2357,2.9072],[174.0597,-41.236,2.9072],[174.061,-41.2368,0.0],[174.0614,-41.236,2.9072]]],
[[[173.7874,-41.107,0.5338],[173.7876,-41.107,0.5338],[173.7877,-41.1068,0.5338],[173.7871,-41.1068,0.5338],[173.7874,-41.107,0.5338]]],
[[[173.7557,-41.0968,0.0],[173.7556,-41.0969,0.0],[173.7554,-41.0971,0.0],[173.7557,-41.097,0.0],[173.7557,-41.0968,0.0]]],
[[[173.7936,-41.0704,0.0],[173.7999,-41.069,48.5985],[173.799,-41.0654,33.9415],[173.8004,-41.0601,9.0895],[173.797,-41.0612,0.0],[173.7964,-41.0668,61.0474],[173.7936,-41.0704,0.0]]],
[[[173.6558,-41.055,0.0],[173.6551,-41.0546,0.0],[173.6539,-41.0547,0.0],[173.6564,-41.0555,0.0],[173.6558,-41.055,0.0]]],
[[[173.8075,-41.052,12.8325],[173.806,-41.052,2.8896],[173.8063,-41.0544,13.3481],[173.8079,-41.0524,12.8325],[173.8075,-41.052,12.8325]]],
[[[173.8026,-41.0468,0.0],[173.7991,-41.0464,3.6703],[173.8006,-41.0469,17.9944],[173.8,-41.0488,0.0],[173.7949,-41.0508,2.6326],[173.8029,-41.0515,0.0],[173.8026,-41.0468,0.0]]],
[[[173.6425,-41.0403,20.1196],[173.6411,-41.0396,63.5704],[173.6385,-41.0409,20.1149],[173.642,-41.0438,0.0],[173.6425,-41.0403,20.1196]]],
[[[173.9068,-41.0172,28.1357],[173.9076,-41.016,0.0],[173.8925,-41.0165,40.6223],[173.8865,-41.0181,12.6058],[173.8796,-41.022,2.5986],[173.8767,-41.028,93.9259],[173.8702,-41.029,11.3842],[173.8766,-41.0319,3.0857],[173.8811,-41.0306,64.9615],[173.8829,-41.0364,0.0],[173.8855,-41.0351,6.6279],[173.8882,-41.0296,34.2763],[173.8935,-41.0295,57.2563],[173.9054,-41.0343,50.7988],[173.9076,-41.0405,10.4208],[173.9119,-41.0337,7.4197],[173.9079,-41.0317,3.6653],[173.8992,-41.0309,0.0],[173.8945,-41.027,54.2984],[173.9068,-41.0172,28.1357]]],
[[[173.6627,-41.038,0.0],[173.6622,-41.0366,35.0654],[173.6589,-41.0372,9.1419],[173.6577,-41.0428,3.7681],[173.6619,-41.0436,6.7526],[173.6627,-41.038,0.0]]],
[[[174.1792,-41.0096,16.2636],[174.1792,-41.0098,16.2636],[174.1794,-41.0099,16.2636],[174.1794,-41.0094,0.0],[174.1792,-41.0096,16.2636]]],
[[[174.0429,-41.0023,0.0],[174.0426,-41.0024,0.0],[174.0428,-41.0026,0.0],[174.043,-41.0025,0.0],[174.0429,-41.0023,0.0]]],
[[[174.0475,-41.0019,0.0],[174.0462,-41.0015,0.0],[174.0453,-41.0021,0.0],[174.0482,-41.0023,0.0],[174.0475,-41.0019,0.0]]],
[[[173.873,-40.9647,0.0],[173.8713,-40.9648,0.0],[173.8704,-40.9659,0.0],[173.8723,-40.9655,0.0],[173.873,-40.9647,0.0]]],
[[[174.139,-40.9488,2.7371],[174.132,-40.9512,0.0],[174.1462,-40.9524,0.0],[174.142,-40.9498,9.8143],[174.1398,-40.9504,24.249],[174.139,-40.9488,2.7371]]],
[[[173.7784,-40.9483,1.1926],[173.7793,-40.9484,1.1926],[173.7809,-40.9467,1.4537],[173.779,-40.9475,1.0665],[173.7784,-40.9483,1.1926]]],
[[[174.0348,-40.9916,0.0],[174.0353,-40.9911,0.0],[174.0346,-40.9913,0.0],[174.0339,-40.9919,0.0],[174.0334,-40.9929,0.0],[174.0336,-40.9928,0.0],[174.0348,-40.9916,0.0]]],
[[[174.0355,-40.9909,0.0],[174.0354,-40.991,0.0],[174.0356,-40.991,0.0],[174.0355,-40.9909,0.0]]],
[[[174.0359,-40.9907,0.0],[174.0358,-40.9907,0.0],[174.0357,-40.9908,0.0],[174.0359,-40.9908,0.0],[174.0359,-40.9907,0.0]]],
[[[174.0358,-40.9907,0.0],[174.0358,-40.9906,0.0],[174.0357,-40.9906,0.0],[174.0358,-40.9907,0.0]]],
[[[174.0332,-40.9935,0.0],[174.0333,-40.9935,0.0],[174.0336,-40.993,0.0],[174.0333,-40.9931,0.0],[174.0332,-40.9935,0.0]]],
[[[173.7467,-40.9371,0.0],[173.7465,-40.9374,0.0],[173.7468,-40.9375,0.0],[173.7468,-40.9373,0.0],[173.7467,-40.9371,0.0]]],
[[[173.7586,-40.9185,0.0],[173.7584,-40.9184,0.0],[173.7583,-40.9185,0.0],[173.7584,-40.9186,0.0],[173.7586,-40.9185,0.0]]],
[[[173.7823,-40.944,2.7016],[173.7811,-40.9437,0.0],[173.7814,-40.9464,1.4537],[173.7815,-40.9452,2.2318],[173.7823,-40.944,2.7016]]],
[[[174.299,-41.1091,15.5335],[174.3015,-41.1058,0.0],[174.2939,-41.1099,42.9732],[174.2853,-41.1107,0.0],[174.2767,-41.1163,47.6678],[174.2697,-41.1232,0.6714],[174.2711,-41.1252,0.0],[174.2671,-41.1327,0.0],[174.2718,-41.1295,8.4945],[174.274,-41.1231,18.0495],[174.2793,-41.1201,9.8348],[174.2796,-41.1173,5.8024],[174.2861,-41.1143,54.4148],[174.2908,-41.1151,0.0],[174.299,-41.1091,15.5335]]],
[[[173.9781,-41.11,2.9724],[173.9801,-41.1083,0.0],[173.9749,-41.1115,0.0],[173.9766,-41.1113,3.0062],[173.9781,-41.11,2.9724]]],
[[[174.3823,-41.0882,41.1542],[174.3805,-41.088,41.1542],[174.3787,-41.0904,15.5904],[174.3812,-41.0925,73.222],[174.3804,-41.0987,71.4644],[174.3741,-41.1024,0.0],[174.3726,-41.1064,43.2336],[174.3675,-41.1062,0.0],[174.3638,-41.1082,0.0],[174.3575,-41.1178,0.0],[174.3529,-41.1186,51.8322],[174.349,-41.1164,20.4393],[174.3403,-41.1227,0.0],[174.3385,-41.1275,16.0237],[174.3348,-41.1289,19.1277],[174.3336,-41.1278,0.0],[174.3308,-41.1299,26.2092],[174.3236,-41.1275,6.5077],[174.3217,-41.1205,3.6772],[174.3158,-41.118,3.0817],[174.3165,-41.1208,0.0],[174.3205,-41.1226,25.6922],[174.3195,-41.1247,67.7084],[174.3035,-41.1269,21.0764],[174.2877,-41.141,0.0],[174.2961,-41.1378,41.764],[174.301,-41.1398,0.0],[174.3004,-41.1372,19.0513],[174.307,-41.132,12.5032],[174.3247,-41.131,39.9709],[174.3282,-41.1335,0.0],[174.3254,-41.1439,0.0],[174.3277,-41.1437,6.8723],[174.33,-41.1475,14.341],[174.3331,-41.1471,0.0],[174.3326,-41.1457,45.4556],[174.3343,-41.1447,0.0],[174.3391,-41.1468,0.0],[174.3409,-41.1448,6.9136],[174.3439,-41.1459,11.3486],[174.3463,-41.1437,12.867],[174.3523,-41.1438,9.7634],[174.3538,-41.1415,0.0],[174.3518,-41.1393,7.4241],[174.3525,-41.1376,13.7554],[174.359,-41.1394,13.9498],[174.365,-41.1331,0.0],[174.3643,-41.1296,0.0],[174.3677,-41.1253,23.8434],[174.371,-41.1241,8.2017],[174.3745,-41.1252,21.8747],[174.3761,-41.1304,0.0],[174.3741,-41.1358,0.0],[174.3748,-41.1383,42.5124],[174.3669,-41.1472,5.9971],[174.3688,-41.1491,18.237],[174.3664,-41.1492,0.0],[174.3629,-41.1523,0.0],[174.3648,-41.1539,43.1249],[174.3646,-41.156,22.9581],[174.3609,-41.1568,3.6378],[174.3605,-41.1589,10.3657],[174.351,-41.1584,8.5107],[174.3464,-41.1636,34.3485],[174.3418,-41.1627,2.5874],[174.3409,-41.1608,2.761],[174.3375,-41.1656,44.4396],[174.3329,-41.1684,0.0],[174.3357,-41.1682,2.989],[174.3369,-41.171,0.0],[174.3424,-41.1754,3.8466],[174.3415,-41.1766,25.7869],[174.3371,-41.1778,14.1496],[174.332,-41.1745,0.0],[174.3258,-41.1738,7.4368],[174.3248,-41.1767,17.1248],[174.3125,-41.1773,9.1899],[174.3106,-41.1751,0.0],[174.3199,-41.165,0.0],[174.3186,-41.1634,62.0234],[174.3212,-41.1612,0.0],[174.3203,-41.1603,13.8732],[174.3153,-41.1632,59.673],[174.3115,-41.1625,0.0],[174.3069,-41.165,42.365],[174.3027,-41.1625,0.0],[174.3008,-41.1674,7.8076],[174.2974,-41.1661,0.0],[174.2957,-41.1678,0.0],[174.2909,-41.1669,0.0],[174.2934,-41.1694,2.8134],[174.2915,-41.1708,0.0],[174.2913,-41.1753,0.0],[174.2896,-41.1769,34.7554],[174.2831,-41.1751,0.0],[174.2848,-41.1779,55.6164],[174.2901,-41.1797,13.0949],[174.2879,-41.1827,7.1763],[174.2823,-41.1819,36.1502],[174.2777,-41.1791,3.7231],[174.2742,-41.1827,4.5332],[174.2705,-41.1821,46.9243],[174.2697,-41.1798,5.0902],[174.2637,-41.1825,9.6481],[174.258,-41.1815,37.5372],[174.2576,-41.1855,52.0879],[174.2501,-41.1906,11.1321],[174.25,-41.1931,0.0],[174.2598,-41.1931,10.1971],[174.2656,-41.1964,19.1017],[174.2551,-41.1985,24.4624],[174.2538,-41.2002,4.9667],[174.2557,-41.2024,14.4114],[174.2549,-41.2036,23.0129],[174.2446,-41.2023,0.0],[174.2429,-41.2057,44.902],[174.2371,-41.2081,45.5409],[174.2343,-41.2055,0.0],[174.2268,-41.2032,15.7055],[174.2302,-41.2064,35.7861],[174.2301,-41.2085,0.0],[174.2318,-41.2088,7.61],[174.2315,-41.2113,0.0],[174.2374,-41.2122,18.5289],[174.2323,-41.2149,31.6249],[174.2328,-41.2168,33.7229],[174.224,-41.2144,0.0],[174.2206,-41.2096,23.8437],[174.2157,-41.2093,19.0721],[174.2149,-41.2064,6.259],[174.2074,-41.208,9.3013],[174.2056,-41.2119,85.1961],[174.2019,-41.2088,5.8937],[174.1996,-41.2102,57.0185],[174.1949,-41.2092,0.0],[174.1901,-41.2135,8.2333],[174.1938,-41.2145,60.8688],[174.1959,-41.2188,7.0807],[174.189,-41.2193,0.0],[174.1832,-41.2164,31.3291],[174.1823,-41.2214,35.8053],[174.1775,-41.2205,14.5107],[174.175,-41.2229,3.1864],[174.1759,-41.2279,0.0],[174.171,-41.2265,15.6345],[174.1656,-41.2288,5.4643],[174.1621,-41.2355,0.0],[174.1609,-41.2419,0.0],[174.1651,-41.2437,12.8634],[174.1684,-41.2415,25.0372],[174.1717,-41.2426,5.6],[174.1743,-41.239,26.4399],[174.1775,-41.2414,0.0],[174.185,-41.2409,14.3788],[174.1857,-41.2378,41.9177],[174.1891,-41.2374,0.0],[174.1897,-41.2347,0.0],[174.1943,-41.2364,0.0],[174.1978,-41.2347,7.6312],[174.1998,-41.2366,0.0],[174.2093,-41.2363,0.0],[174.2087,-41.2351,6.9924],[174.2125,-41.2351,7.5055],[174.2154,-41.2321,16.4202],[174.2181,-41.2318,0.0],[174.2146,-41.2261,30.6306],[174.2211,-41.2272,8.7474],[174.2225,-41.223,0.0],[174.229,-41.2215,6.9358],[174.2326,-41.2259,75.3725],[174.2309,-41.2273,0.0],[174.2331,-41.2319,49.5159],[174.2312,-41.2361,0.0],[174.2362,-41.2372,3.3191],[174.2365,-41.2353,5.8759],[174.2437,-41.2331,0.0],[174.2506,-41.2371,0.0],[174.2539,-41.2366,2.7683],[174.2553,-41.2342,3.2713],[174.2543,-41.2332,50.8089],[174.2586,-41.2291,2.5778],[174.2498,-41.2252,24.8538],[174.2473,-41.2224,40.7047],[174.249,-41.2215,8.8925],[174.2542,-41.2228,63.3272],[174.262,-41.2262,24.53],[174.264,-41.2229,50.245],[174.2663,-41.2223,31.5106],[174.2667,-41.2198,44.8202],[174.2737,-41.2205,7.733],[174.2748,-41.2188,42.9475],[174.2732,-41.2156,28.2203],[174.2759,-41.2167,0.0],[174.2803,-41.215,3.9869],[174.2814,-41.212,42.0013],[174.28,-41.2086,14.2439],[174.2835,-41.2078,40.4214],[174.2862,-41.2094,2.41],[174.289,-41.2077,16.1651],[174.2956,-41.21,2.1674],[174.2965,-41.2074,24.5316],[174.304,-41.2068,12.0982],[174.3055,-41.2023,21.7937],[174.3105,-41.2011,10.666],[174.3136,-41.2019,14.1336],[174.3131,-41.206,30.341],[174.3175,-41.2077,19.2639],[174.3197,-41.2069,34.7097],[174.3233,-41.2107,7.9314],[174.3252,-41.2099,0.0],[174.3268,-41.2046,69.3295],[174.3283,-41.2038,49.7303],[174.3313,-41.2053,8.235],[174.3345,-41.2038,24.7908],[174.334,-41.2017,51.0002],[174.3366,-41.1999,0.0],[174.3354,-41.1988,19.9745],[174.3369,-41.1959,140.7226],[174.3435,-41.1917,0.0],[174.3462,-41.1932,0.0],[174.348,-41.1923,67.0579],[174.3492,-41.1939,5.1149],[174.3537,-41.193,43.1842],[174.3553,-41.1945,43.1842],[174.3555,-41.1988,0.0],[174.359,-41.2001,0.0],[174.3643,-41.2005,0.0],[174.3663,-41.1961,74.1912],[174.3709,-41.197,0.0],[174.3714,-41.1948,48.2556],[174.3742,-41.1942,0.0],[174.3729,-41.1886,0.0],[174.3747,-41.183,0.0],[174.3671,-41.173,24.9019],[174.3698,-41.1715,0.0],[174.3689,-41.166,42.6998],[174.3716,-41.1644,49.3691],[174.3701,-41.1589,13.5644],[174.3767,-41.153,0.0],[174.3764,-41.1494,6.6214],[174.3834,-41.1405,0.0],[174.3824,-41.1346,40.8317],[174.3875,-41.128,-1.2873],[174.3863,-41.1223,101.102],[174.3918,-41.1182,0.0],[174.3887,-41.1117,0.0],[174.3899,-41.1,0.0],[174.3923,-41.0939,9.6843],[174.3862,-41.0926,22.8112],[174.3823,-41.0882,41.1542]]],
[[[174.305,-41.1036,0.0],[174.3052,-41.1037,0.0],[174.3066,-41.103,0.0],[174.306,-41.103,0.0],[174.305,-41.1036,0.0]]],
[[[174.3072,-41.1027,0.0],[174.307,-41.1026,0.0],[174.3067,-41.1028,0.0],[174.3071,-41.1029,0.0],[174.3072,-41.1027,0.0]]],
[[[174.308,-41.1024,0.0],[174.3088,-41.1022,0.0],[174.3093,-41.1009,0.0],[174.3079,-41.1012,0.0],[174.308,-41.1024,0.0]]],
[[[174.2762,-41.1002,0.0],[174.2765,-41.0988,0.0],[174.2762,-41.0985,0.0],[174.2759,-41.1005,0.0],[174.2762,-41.1002,0.0]]],
[[[174.2762,-41.0983,0.0],[174.2761,-41.0983,0.0],[174.2762,-41.0985,0.0],[174.2762,-41.0984,0.0],[174.2762,-41.0983,0.0]]],
[[[173.9984,-41.0966,0.0],[173.9985,-41.0968,0.0],[173.9986,-41.0967,0.0],[173.9984,-41.0966,0.0]]],
[[[174.2798,-41.0846,0.0],[174.2806,-41.0837,0.0],[174.2725,-41.0888,0.0],[174.2709,-41.0973,0.0],[174.2763,-41.0981,0.0],[174.2765,-41.0921,0.0],[174.2798,-41.0846,0.0]]],
[[[173.766,-40.8827,1.2256],[173.7658,-40.883,0.0],[173.7664,-40.8832,0.0],[173.7663,-40.8826,1.2256],[173.766,-40.8827,1.2256]]],
[[[174.1416,-40.882,0.0],[174.1412,-40.8817,0.0],[174.1402,-40.8821,0.0],[174.1412,-40.8823,0.0],[174.1416,-40.882,0.0]]],
[[[173.7655,-40.8815,1.2256],[173.7657,-40.8817,1.2256],[173.7662,-40.8817,1.2256],[173.7659,-40.8813,1.2256],[173.7655,-40.8815,1.2256]]],
[[[174.111,-40.8801,0.0],[174.1109,-40.8802,0.0],[174.111,-40.8804,0.0],[174.1112,-40.8803,0.0],[174.111,-40.8801,0.0]]],
[[[174.1102,-40.8806,0.0],[174.1103,-40.881,0.0],[174.1107,-40.8804,0.0],[174.1104,-40.8805,0.0],[174.1102,-40.8806,0.0]]],
[[[174.0006,-40.8272,0.1134],[174.0013,-40.8274,0.1134],[174.0017,-40.8263,0.1134],[174.0007,-40.8267,0.1134],[174.0006,-40.8272,0.1134]]],
[[[173.9986,-40.8358,0.0],[173.9982,-40.8348,0.0],[173.996,-40.8359,4.6878],[173.9982,-40.8371,38.8235],[173.9962,-40.8413,0.0],[174.0035,-40.8378,0.0],[173.9986,-40.8358,0.0]]],
[[[173.9715,-40.7846,1.5628],[173.97,-40.7843,5.114],[173.9696,-40.7846,4.1928],[173.9719,-40.7855,1.5628],[173.9715,-40.7846,1.5628]]],
[[[173.8234,-40.7812,0.0],[173.824,-40.7811,0.0],[173.8225,-40.7803,0.0],[173.8227,-40.781,0.0],[173.8234,-40.7812,0.0]]],
[[[173.9826,-40.7716,16.0414],[173.9849,-40.763,60.4259],[173.9779,-40.7687,25.6426],[173.9879,-40.78,9.816],[173.991,-40.7797,0.798],[173.9908,-40.778,7.7121],[173.9861,-40.7756,0.0],[173.9826,-40.7716,16.0414]]],
[[[173.9741,-40.77,19.688],[173.9731,-40.7684,10.0412],[173.9666,-40.7706,0.0],[173.9619,-40.7796,5.3794],[173.9706,-40.7836,5.114],[173.9708,-40.7794,41.2489],[173.9751,-40.7747,0.0],[173.9724,-40.7742,36.4133],[173.9741,-40.77,19.688]]],
[[[173.8746,-40.7751,0.0],[173.8743,-40.7752,0.0],[173.8742,-40.7754,0.0],[173.8744,-40.7753,0.0],[173.8746,-40.7751,0.0]]],
[[[173.829,-40.7626,24.8456],[173.8291,-40.763,18.2824],[173.8294,-40.7626,24.8456],[173.8293,-40.7625,24.8456],[173.829,-40.7626,24.8456]]],
[[[173.8871,-40.7606,0.0],[173.8868,-40.7607,0.0],[173.8867,-40.7608,0.0],[173.887,-40.7609,0.0],[173.8871,-40.7606,0.0]]],
[[[173.8273,-40.7553,35.0415],[173.826,-40.7548,0.0],[173.8274,-40.7573,4.8267],[173.8276,-40.7571,4.8267],[173.8273,-40.7553,35.0415]]],
[[[173.8424,-40.7513,25.1977],[173.8427,-40.7513,25.1977],[173.8428,-40.7511,4.6919],[173.8423,-40.751,4.6919],[173.8424,-40.7513,25.1977]]],
[[[173.8943,-40.7569,0.0],[173.8936,-40.7565,0.0],[173.8932,-40.7567,0.0],[173.8943,-40.7572,0.0],[173.8943,-40.7569,0.0]]],
[[[173.8934,-40.7564,0.0],[173.8935,-40.7563,0.0],[173.8932,-40.7564,0.0],[173.8933,-40.7565,0.0],[173.8934,-40.7564,0.0]]],
[[[173.8923,-40.8631,0.0],[173.8921,-40.863,0.0],[173.8921,-40.8633,0.0],[173.8922,-40.8633,0.0],[173.8923,-40.8631,0.0]]],
[[[173.9164,-40.8604,0.0],[173.9165,-40.8603,0.0],[173.9162,-40.8603,0.0],[173.9164,-40.8604,0.0]]],
[[[173.9934,-40.846,0.0],[173.9926,-40.8453,0.0],[173.992,-40.846,0.0],[173.9929,-40.8465,0.0],[173.9934,-40.846,0.0]]],
[[[173.9174,-40.8426,0.0],[173.9169,-40.842,0.0],[173.9164,-40.8428,0.0],[173.917,-40.8425,0.0],[173.9174,-40.8426,0.0]]],
[[[173.7897,-40.8353,0.2389],[173.7895,-40.8352,0.2389],[173.7894,-40.8353,0.2389],[173.7895,-40.8355,0.2389],[173.7897,-40.8353,0.2389]]],
[[[173.7888,-40.8353,0.2389],[173.789,-40.8355,0.2389],[173.7892,-40.8354,0.2389],[173.789,-40.835,0.2389],[173.7888,-40.8353,0.2389]]],
[[[173.7882,-40.8331,0.0],[173.7881,-40.8333,0.0],[173.7884,-40.8333,0.0],[173.7884,-40.833,0.0],[173.7882,-40.8331,0.0]]],
[[[173.7815,-40.826,0.0],[173.7812,-40.826,0.0],[173.7813,-40.8263,0.0],[173.7815,-40.8262,0.0],[173.7815,-40.826,0.0]]],
[[[173.7806,-40.8274,0.0],[173.7812,-40.828,0.0],[173.7818,-40.8268,0.0354],[173.781,-40.8264,0.0],[173.7806,-40.8274,0.0]]],
[[[173.7889,-40.8332,0.0],[173.7888,-40.8331,0.0],[173.7887,-40.833,0.0],[173.7887,-40.8333,0.0],[173.7889,-40.8332,0.0]]],
[[[173.7892,-40.8331,0.0],[173.7892,-40.8332,0.0],[173.7893,-40.8332,0.0],[173.7893,-40.8331,0.0],[173.7892,-40.8331,0.0]]],
[[[173.9876,-40.7602,4.2155],[173.9957,-40.7536,4.0494],[173.9949,-40.7453,0.0],[173.9904,-40.7492,0.0],[173.9905,-40.7524,28.7052],[173.9884,-40.7538,0.0],[173.9899,-40.7564,26.5291],[173.9876,-40.7602,4.2155]]],
[[[173.8419,-40.7502,4.6919],[173.8419,-40.7503,4.6919],[173.8421,-40.7503,4.6919],[173.8419,-40.7501,4.6919],[173.8419,-40.7502,4.6919]]],
[[[173.8432,-40.7495,0.2836],[173.8424,-40.7494,0.2836],[173.8428,-40.7509,4.6919],[173.8429,-40.7508,4.6919],[173.8432,-40.7495,0.2836]]],
[[[173.8444,-40.7495,0.0],[173.8443,-40.7496,2.7887],[173.8445,-40.75,2.7887],[173.8448,-40.7496,2.7887],[173.8444,-40.7495,0.0]]],
[[[173.8501,-40.7469,0.0],[173.8494,-40.7467,0.0],[173.8492,-40.7468,0.0],[173.8503,-40.7476,0.0],[173.8501,-40.7469,0.0]]],
[[[173.9956,-40.7438,0.0],[173.9958,-40.7438,0.0],[173.9962,-40.7437,0.0],[173.9957,-40.7435,0.0],[173.9956,-40.7438,0.0]]],
[[[173.9246,-40.7449,0.0],[173.925,-40.7445,0.0],[173.9249,-40.7442,0.0],[173.9241,-40.7444,0.0],[173.9246,-40.7449,0.0]]],
[[[173.9142,-40.7446,0.0],[173.9143,-40.7447,0.0],[173.9144,-40.7445,0.0],[173.9142,-40.7444,0.0],[173.9142,-40.7446,0.0]]],
[[[173.9136,-40.7441,0.0],[173.914,-40.7442,0.0],[173.9142,-40.7444,0.0],[173.9141,-40.743899999999996,0.0],[173.9136,-40.7441,0.0]]],
[[[173.9127,-40.7429,0.0],[173.9128,-40.7426,0.0],[173.9125,-40.7424,0.0],[173.9124,-40.7425,0.0],[173.9127,-40.7429,0.0]]],
[[[173.9138,-40.7422,0.0],[173.9139,-40.742,0.0],[173.9137,-40.742,0.0],[173.9138,-40.7422,0.0]]],
[[[173.914,-40.7424,0.0],[173.9134,-40.7425,0.0],[173.9136,-40.7429,0.0],[173.914,-40.7428,0.0],[173.914,-40.7424,0.0]]],
[[[173.9139,-40.7417,0.0],[173.9139,-40.7418,0.0],[173.9141,-40.7418,0.0],[173.914,-40.7416,0.0],[173.9139,-40.7417,0.0]]],
[[[173.9126,-40.7416,0.0],[173.9127,-40.7415,0.0],[173.9126,-40.7415,0.0],[173.9126,-40.7416,0.0]]],
[[[173.9133,-40.7412,0.2092],[173.9139,-40.741,0.2092],[173.9139,-40.7404,0.2092],[173.9127,-40.7414,0.0],[173.9133,-40.7412,0.2092]]],
[[[173.9138,-40.7436,0.0],[173.9135,-40.7431,0.0],[173.9131,-40.7435,0.0],[173.9135,-40.7437,0.0],[173.9138,-40.7436,0.0]]],
[[[173.9128,-40.7399,0.0],[173.9135,-40.7401,0.2092],[173.9138,-40.7389,0.0],[173.9132,-40.7387,0.9317],[173.9128,-40.7399,0.0]]],
[[[173.8929,-40.7294,0.0],[173.8941,-40.7294,0.0],[173.895,-40.7283,0.0],[173.8937,-40.7284,0.0],[173.8929,-40.7294,0.0]]],
[[[173.8702,-40.7268,0.0714],[173.8704,-40.7272,0.0714],[173.8707,-40.7268,0.0714],[173.8705,-40.7266,0.0714],[173.8702,-40.7268,0.0714]]],
[[[173.9609,-40.7365,0.0],[173.9609,-40.7364,0.0],[173.9608,-40.7365,0.0],[173.9609,-40.7365,0.0]]],
[[[173.9134,-40.7387,0.0],[173.9136,-40.7387,0.0],[173.9137,-40.7386,0.0],[173.9135,-40.7385,0.0],[173.9134,-40.7387,0.0]]],
[[[173.9602,-40.7364,21.9364],[173.9602,-40.7368,21.9364],[173.9609,-40.7367,0.0],[173.9602,-40.7361,17.2722],[173.9602,-40.7364,21.9364]]],
[[[173.9172,-40.7348,15.8368],[173.9157,-40.733,0.0],[173.9111,-40.7366,0.0],[173.9127,-40.7386,0.9317],[173.9172,-40.7348,15.8368]]],
[[[173.9332,-40.7255,0.0],[173.9333,-40.7254,0.0],[173.9332,-40.7254,0.0],[173.9332,-40.7255,0.0]]],
[[[173.9327,-40.7252,0.0],[173.9324,-40.7248,0.0],[173.932,-40.7246,0.0],[173.9324,-40.7252,0.0],[173.9327,-40.7252,0.0]]],
[[[173.9335,-40.7241,0.0],[173.9335,-40.7243,0.0],[173.9336,-40.7243,0.0],[173.9337,-40.7242,0.0],[173.9335,-40.7241,0.0]]],
[[[173.9336,-40.7247,0.0],[173.9339,-40.7247,0.0],[173.9331,-40.7245,0.0],[173.9332,-40.7246,0.0],[173.9336,-40.7247,0.0]]],
[[[173.9136,-40.7402,0.2092],[173.9135,-40.7402,0.2092],[173.9135,-40.7404,0.2092],[173.9136,-40.7403,0.2092],[173.9136,-40.7402,0.2092]]],
[[[173.9134,-40.7402,0.2092],[173.9133,-40.7402,0.2092],[173.9132,-40.7403,0.0],[173.9135,-40.7402,0.2092],[173.9134,-40.7402,0.2092]]],
[[[173.9502,-40.6913,0.0],[173.9502,-40.6908,0.0],[173.9485,-40.6925,0.0],[173.9497,-40.6922,0.0],[173.9502,-40.6913,0.0]]],
[[[173.9565,-40.6915,0.0],[173.9564,-40.692,10.9186],[173.9571,-40.6914,0.0],[173.9569,-40.6912,0.0],[173.9565,-40.6915,0.0]]],
[[[173.9478,-40.6901,0.0],[173.948,-40.6898,0.0],[173.9473,-40.6897,0.0],[173.9474,-40.6902,0.0],[173.9478,-40.6901,0.0]]],
[[[173.9492,-40.6891,0.0],[173.9491,-40.6887,0.0],[173.9483,-40.6892,0.0],[173.9486,-40.6895,0.0],[173.9492,-40.6891,0.0]]],
[[[173.9694,-40.6811,0.0],[173.9695,-40.6812,0.0],[173.9697,-40.6811,0.0],[173.9695,-40.6811,0.0],[173.9694,-40.6811,0.0]]],
[[[173.972,-40.6799,0.0],[173.9724,-40.6796,0.0],[173.9724,-40.6795,0.0],[173.9718,-40.6795,0.0],[173.972,-40.6799,0.0]]],
[[[174.0,-40.6637,35.5972],[173.9977,-40.6641,89.2308],[173.9953,-40.6678,0.0],[173.9882,-40.6708,7.2814],[173.987,-40.6742,3.6326],[173.988,-40.675,65.6648],[173.9862,-40.6772,2.9048],[174.0003,-40.6761,8.3157],[174.0009,-40.6741,40.0632],[174.0092,-40.6699,0.969],[174.0049,-40.6697,26.3281],[174.0037,-40.6684,119.2727],[174.0049,-40.6665,0.0],[174.0,-40.6637,35.5972]]],
[[[173.9719,-40.681399999999996,0.3165],[173.9718,-40.681399999999996,0.3165],[173.9719,-40.6815,0.3165],[173.9719,-40.681399999999996,0.3165]]],
[[[173.973,-40.6811,0.0],[173.973,-40.6812,0.0],[173.9731,-40.6811,0.0],[173.973,-40.6811,0.0]]],
[[[173.9716,-40.681399999999996,0.3165],[173.9722,-40.6811,0.0],[173.972,-40.6807,0.0],[173.9714,-40.6809,0.0],[173.9716,-40.681399999999996,0.3165]]],
[[[173.9718,-40.6818,0.3165],[173.9716,-40.6819,0.3165],[173.9718,-40.6821,0.3165],[173.9718,-40.682,0.3165],[173.9718,-40.6818,0.3165]]],
[[[173.9724,-40.6817,0.3165],[173.9718,-40.6818,0.3165],[173.9722,-40.682,0.3165],[173.9729,-40.6816,0.3165],[173.9724,-40.6817,0.3165]]],
[[[173.9715,-40.6816,0.3165],[173.9714,-40.6817,0.3165],[173.9715,-40.6818,0.3165],[173.9716,-40.6817,0.3165],[173.9715,-40.6816,0.3165]]],
[[[173.9561,-40.6906,0.0],[173.9562,-40.6904,0.0],[173.9559,-40.6902,0.0],[173.9557,-40.6906,0.0],[173.9561,-40.6906,0.0]]],
[[[173.9681,-40.7206,0.0],[173.9677,-40.7201,0.0],[173.9667,-40.7205,13.995],[173.9672,-40.7207,0.0],[173.9681,-40.7206,0.0]]],
[[[173.9689,-40.7201,0.0],[173.9688,-40.7201,0.0],[173.9687,-40.7202,0.0],[173.9688,-40.7202,0.0],[173.9689,-40.7201,0.0]]],
[[[173.9686,-40.72,0.0],[173.9685,-40.72,0.0],[173.9686,-40.7202,0.0],[173.9687,-40.7201,0.0],[173.9686,-40.72,0.0]]],
[[[173.9679,-40.7198,0.0],[173.9678,-40.7198,0.0],[173.9678,-40.7199,0.0],[173.9679,-40.7199,0.0],[173.9679,-40.7198,0.0]]],
[[[173.9506,-40.717,1.6604],[173.9508,-40.7168,1.6604],[173.9507,-40.7164,1.6604],[173.9504,-40.7167,1.6604],[173.9506,-40.717,1.6604]]],
[[[173.951,-40.7162,0.0],[173.9511,-40.7163,1.6604],[173.9512,-40.7162,0.0],[173.9511,-40.7161,0.0],[173.951,-40.7162,0.0]]],
[[[173.966,-40.7021,0.0],[173.9657,-40.7021,0.0],[173.9657,-40.7024,0.0],[173.966,-40.7024,0.0],[173.966,-40.7021,0.0]]],
[[[173.963,-40.6982,0.0],[173.9633,-40.698,0.0],[173.9634,-40.6976,0.0],[173.9628,-40.6979,0.0],[173.963,-40.6982,0.0]]],
[[[173.9738,-40.6953,0.0],[173.974,-40.6952,0.0],[173.9734,-40.6952,0.0],[173.9735,-40.6953,0.0],[173.9738,-40.6953,0.0]]],
[[[173.973,-40.6951,0.0],[173.9729,-40.695,0.0],[173.9728,-40.695,0.0],[173.9729,-40.6951,0.0],[173.973,-40.6951,0.0]]],
[[[173.9729,-40.6948,0.0],[173.9728,-40.6949,0.0],[173.9729,-40.695,0.0],[173.973,-40.6949,0.0],[173.9729,-40.6948,0.0]]],
[[[173.9732,-40.6947,0.0],[173.9732,-40.6948,0.0],[173.9733,-40.6948,0.0],[173.9732,-40.6947,0.0]]],
[[[173.9744,-40.6944,0.0],[173.9741,-40.6944,0.0],[173.9741,-40.6948,0.0],[173.9745,-40.6948,0.0],[173.9744,-40.6944,0.0]]],
[[[173.9733,-40.6943,0.0],[173.9734,-40.6943,0.0],[173.9734,-40.6942,0.0],[173.9733,-40.6942,0.0],[173.9733,-40.6943,0.0]]],
[[[174.1097,-40.8819,0.0],[174.1097,-40.8818,0.0],[174.1096,-40.8817,0.0],[174.1095,-40.8819,0.0],[174.1097,-40.8819,0.0]]],
[[[174.1098,-40.8814,0.0],[174.1098,-40.8817,0.0],[174.1099,-40.8819,0.0],[174.11,-40.8814,0.0],[174.1098,-40.8814,0.0]]],
[[[174.1096,-40.882,0.0],[174.1095,-40.8821,0.0],[174.1097,-40.8822,0.0],[174.1097,-40.882,0.0],[174.1096,-40.882,0.0]]],
[[[173.8696,-40.8848,17.6513],[173.8698,-40.8849,17.6513],[173.8698,-40.8847,17.6513],[173.8697,-40.8848,17.6513],[173.8696,-40.8848,17.6513]]],
[[[174.1094,-40.8814,0.0],[174.1093,-40.8813,0.0],[174.1093,-40.8816,0.0],[174.1094,-40.8816,0.0],[174.1094,-40.8814,0.0]]],
[[[173.2418,-42.3559,991.4752],[173.2433,-42.3561,949.7302],[173.2259,-42.3463,1513.0464],[173.1806,-42.3464,595.6132],[173.1841,-42.3452,591.3723],[173.1826,-42.3383,595.5397],[173.1853,-42.3351,587.8964],[173.1908,-42.3359,586.6649],[173.1921,-42.3316,584.9431],[173.2029,-42.3344,590.976],[173.2059,-42.3331,600.1024],[173.2072,-42.3307,577.5245],[173.2057,-42.3226,577.2272],[173.2072,-42.3171,571.1881],[173.2166,-42.3151,569.6367],[173.2359,-42.3047,564.1953],[173.2445,-42.3031,577.152],[173.2551,-42.2957,554.3668],[173.2602,-42.2893,551.6993],[173.2698,-42.2843,548.9019],[173.2963,-42.2654,556.7572],[173.302,-42.2563,547.8816],[173.2958,-42.2498,531.3909],[173.2964,-42.248,541.5425],[173.3037,-42.2461,529.0822],[173.3053,-42.2486,542.6788],[173.3122,-42.2504,536.7914],[173.3248,-42.2471,520.6979],[173.3333,-42.2467,551.3084],[173.3378,-42.2411,532.5924],[173.3375,-42.2364,532.4745],[173.3399,-42.2333,524.9915],[173.3392,-42.2302,547.4819],[173.3416,-42.2279,522.8459],[173.3458,-42.2289,543.1771],[173.3481,-42.2341,529.379],[173.3443,-42.2396,541.0685],[173.3511,-42.2427,527.3293],[173.356,-42.2417,524.7205],[173.3571,-42.2367,511.4026],[173.3614,-42.2377,513.9009],[173.3681,-42.2356,538.4498],[173.3732,-42.2368,525.1329],[173.3757,-42.233,498.8762],[173.3691,-42.2333,538.3347],[173.3672,-42.2291,497.3706],[173.3687,-42.224,497.0671],[173.3756,-42.2238,490.6802],[173.3843,-42.217,491.8148],[173.3877,-42.2179,489.9651],[173.3915,-42.2219,481.778],[173.4037,-42.2196,484.7881],[173.417,-42.2105,475.6346],[173.4216,-42.2091,472.4588],[173.4323,-42.2138,470.3628],[173.4375,-42.214,465.6826],[173.44,-42.2113,490.9571],[173.4407,-42.2046,461.9169],[173.4434,-42.2021,463.2118],[173.4496,-42.1989,460.0627],[173.4569,-42.1987,458.4476],[173.4645,-42.1957,459.3312],[173.4659,-42.1914,452.5113],[173.464,-42.1798,453.1266],[173.4799,-42.1791,445.3792],[173.4841,-42.1815,443.0882],[173.4848,-42.1786,467.574],[173.4814,-42.176,501.3211],[173.4805,-42.1723,533.2393],[173.4828,-42.1661,582.1782],[173.478,-42.163,613.8794],[173.4761,-42.1557,693.6422],[173.4779,-42.153,730.455],[173.4738,-42.1506,770.6157],[173.4733,-42.1423,1098.8315],[173.4713,-42.1383,1111.6089],[173.4721,-42.1338,1194.627],[173.467,-42.1251,1518.509],[173.4668,-42.1208,1849.3577],[173.463,-42.1178,2105.1204],[173.4697,-42.1157,2109.1255],[173.4765,-42.1165,2137.3335],[173.4865,-42.1105,2189.3413],[173.4882,-42.1068,2241.0654],[173.4853,-42.104,2058.9324],[173.484,-42.0994,2119.8296],[173.4865,-42.0976,2085.6301],[173.4909,-42.0881,2057.3867],[173.4945,-42.0856,2096.3186],[173.4991,-42.0787,2125.7502],[173.5176,-42.0694,2228.6387],[173.5335,-42.07,1657.3823],[173.5404,-42.0683,1932.0967],[173.5468,-42.0698,2198.3054],[173.5446,-42.0613,2214.5757],[173.5474,-42.0569,2230.2017],[173.553,-42.0535,2226.793],[173.5551,-42.0459,2142.7327],[173.5639,-42.0417,2218.8518],[173.5713,-42.033,2343.4697],[173.5822,-42.0291,2163.729],[173.5945,-42.0293,2104.834],[173.5964,-42.0252,2112.4067],[173.6008,-42.0229,2137.4429],[173.6006,-42.0202,2126.7112],[173.6038,-42.0176,2294.2788],[173.607,-42.0077,2446.4136],[173.6097,-42.0045,2512.3594],[173.6186,-42.0062,2223.6064],[173.6242,-42.0107,2377.2319],[173.6319,-42.0085,2701.1914],[173.6382,-42.0094,2743.2917],[173.6453,-42.0043,2534.0083],[173.6571,-41.9993,2643.418],[173.6582,-41.9971,2698.5901],[173.6628,-41.9959,2827.7642],[173.6634,-41.9931,2751.6074],[173.6608,-41.9907,2712.4277],[173.6601,-41.9866,2545.5166],[173.6632,-41.9821,2590.947],[173.6764,-41.9795,2371.3076],[173.682,-41.9743,1795.5808],[173.7002,-41.972,1568.3333],[173.7114,-41.9642,1849.4225],[173.7202,-41.9607,1954.3152],[173.7204,-41.9593,1927.3983],[173.718,-41.9585,1941.7345],[173.7188,-41.9566,1955.5966],[173.7134,-41.9504,1956.4956],[173.7155,-41.9475,1928.6937],[173.7142,-41.9406,1888.7606],[173.7171,-41.9355,1894.0502],[173.7237,-41.9316,1978.8777],[173.7233,-41.927,1790.3706],[173.7284,-41.9213,1805.8413],[173.7285,-41.9187,1758.2944],[173.7343,-41.9149,1571.272],[173.7368,-41.9113,1537.907],[173.7444,-41.9074,1392.9556],[173.7621,-41.9119,1208.1875],[173.7539,-41.9145,1182.863],[173.7668,-41.9218,867.3323],[173.7894,-41.9582,441.6379],[173.7931,-41.9531,550.0927],[173.8075,-41.9446,671.4279],[173.8128,-41.9361,635.0782],[173.8173,-41.933,691.486],[173.8339,-41.9304,480.396],[173.8495,-41.9318,728.7568],[173.8512,-41.9331,652.4838],[173.8587,-41.9297,888.0324],[173.8765,-41.9267,964.2207],[173.9145,-41.9152,927.8475],[173.9176,-41.9154,909.0085],[173.9192,-41.9181,732.6828],[173.9239,-41.9198,598.5366],[173.9239,-41.9212,598.5366],[173.9305,-41.9208,628.6872],[173.9436,-41.9123,581.5471],[173.9543,-41.9133,528.1117],[173.9589,-41.9085,368.7013],[173.9603,-41.9142,565.2178],[173.9653,-41.9229,543.6512],[173.9698,-41.9262,558.9777],[173.9793,-41.9256,845.7476],[173.9771,-41.9334,547.0536],[174.0035,-41.9321,795.6462],[174.0195,-41.9396,707.155],[174.0223,-41.9386,673.7164],[174.0292,-41.9312,326.4758],[174.0355,-41.9348,225.3912],[174.0389,-41.9349,203.6951],[174.0426,-41.9336,174.4704],[174.0461,-41.9295,186.1149],[174.0494,-41.9291,131.71],[174.0549,-41.9323,115.1305],[174.0546,-41.9337,120.1073],[174.0634,-41.9347,133.4838],[174.0574,-41.9393,204.5635],[174.0611,-41.9448,132.3759],[174.0602,-41.9544,18.0704],[174.0498,-41.9638,9.6861],[174.0476,-41.9682,1.7012],[174.0488,-41.9681,1.7012],[174.0717,-41.9507,7.3966],[174.0826,-41.9448,0.0],[174.0837,-41.9413,1.2917],[174.0972,-41.9299,0.8479],[174.0974,-41.9234,2.9744],[174.1068,-41.913,0.0],[174.1612,-41.8716,16.8589],[174.1596,-41.8694,24.5628],[174.1615,-41.8626,33.9139],[174.1678,-41.8567,10.849],[174.181,-41.85,0.0],[174.1822,-41.8456,2.7414],[174.1872,-41.8428,0.7826],[174.1907,-41.8382,1.9264],[174.196,-41.8355,6.2099],[174.1965,-41.8365,1.0456],[174.1963,-41.8343,3.1709],[174.1933,-41.8308,3.0701],[174.1936,-41.8274,3.5707],[174.1987,-41.8219,1.0925],[174.2128,-41.8134,4.3992],[174.2144,-41.8099,0.6247],[174.2124,-41.8062,8.3728],[174.2126,-41.802,16.8957],[174.218,-41.7921,1.5969],[174.2312,-41.7843,7.5274],[174.2418,-41.769,9.0553],[174.2499,-41.7619,4.262],[174.2562,-41.7601,4.0481],[174.2653,-41.7495,18.4725],[174.271,-41.7477,3.8433],[174.2746,-41.7435,3.9215],[174.2759,-41.7259,0.0],[174.2697,-41.7332,57.1874],[174.2639,-41.7343,1.3327],[174.244,-41.7299,22.351],[174.2389,-41.7302,12.8862],[174.2232,-41.7232,10.8029],[174.2186,-41.7274,6.3754],[174.2123,-41.7279,0.0],[174.194,-41.7208,0.3938],[174.1816,-41.7107,1.1654],[174.1727,-41.6986,0.0],[174.165,-41.684,1.6738],[174.1599,-41.6714,28.2643],[174.1565,-41.6572,3.913],[174.1605,-41.6268,19.1151],[174.1663,-41.605,5.4406],[174.1656,-41.6,2.5955],[174.1611,-41.5953,2.1406],[174.1605,-41.5922,0.2769],[174.1565,-41.5916,3.0133],[174.1535,-41.5892,0.0],[174.1494,-41.5793,10.4106],[174.1481,-41.5714,0.0],[174.1511,-41.565,19.5177],[174.1504,-41.5594,0.0],[174.1367,-41.5514,19.8329],[174.1149,-41.534,0.6585],[174.1005,-41.5277,1.2867],[174.067,-41.5083,1.5988],[174.062,-41.501,0.3678],[174.0591,-41.5065,0.0],[174.0647,-41.5126,0.0],[174.0655,-41.5108,0.3911],[174.0691,-41.5113,0.2872],[174.0773,-41.5176,0.35],[174.0787,-41.5169,0.6178],[174.0784,-41.5183,0.0],[174.0817,-41.5177,1.4076],[174.0816,-41.5197,0.0],[174.0837,-41.5196,0.2605],[174.0891,-41.5241,0.6455],[174.1141,-41.5339,0.6585],[174.1223,-41.5412,1.4593],[174.123,-41.5452,0.0],[174.1261,-41.5453,0.478],[174.1249,-41.546,0.3666],[174.1262,-41.5473,0.5263],[174.1226,-41.5467,0.3899],[174.1185,-41.5522,1.4357],[174.1139,-41.5536,0.7249],[174.1115,-41.5568,17.3847],[174.1063,-41.5575,1.2449],[174.1023,-41.5563,5.0071],[174.0989,-41.5582,12.395],[174.0944,-41.5573,1.4122],[174.0919,-41.5594,0.442],[174.0891,-41.5595,1.3031],[174.0877,-41.5564,0.5613],[174.0837,-41.5543,0.0],[174.0812,-41.5548,0.3227],[174.0827,-41.5541,0.0],[174.0806,-41.5511,0.4239],[174.0823,-41.5499,0.1066],[174.0842,-41.5511,0.0],[174.086,-41.5488,0.2431],[174.0829,-41.5468,0.0],[174.0897,-41.5451,0.1126],[174.0863,-41.5444,0.0],[174.0853,-41.5434,0.5116],[174.0868,-41.5432,0.0],[174.0848,-41.5432,0.5116],[174.0883,-41.5428,0.0],[174.0835,-41.5424,0.0],[174.0828,-41.5405,0.0],[174.08,-41.5419,0.445],[174.0827,-41.5374,0.0],[174.0795,-41.537,0.1221],[174.0779,-41.5377,0.1221],[174.0793,-41.5423,0.0],[174.0768,-41.5447,0.0],[174.0788,-41.5452,0.2663],[174.0755,-41.549,0.1559],[174.0765,-41.5495,0.2571],[174.0787,-41.548,0.0],[174.0799,-41.5494,0.0],[174.0754,-41.5503,0.1316],[174.0764,-41.5518,0.4999],[174.0748,-41.5503,0.1316],[174.0731,-41.5523,0.0],[174.0762,-41.5548,0.68],[174.0721,-41.5532,1.8648],[174.0659,-41.5539,0.6138],[174.0576,-41.5512,0.0645],[174.059,-41.5475,0.5479],[174.0628,-41.5492,0.1093],[174.0659,-41.5473,0.0],[174.0602,-41.5456,0.2013],[174.0617,-41.5441,0.0],[174.058,-41.5444,0.3003],[174.0612,-41.5419,0.2202],[174.0577,-41.5426,0.2583],[174.0562,-41.5419,0.4458],[174.0599,-41.5367,0.0],[174.0554,-41.5401,0.3652],[174.0544,-41.5396,0.7232],[174.0554,-41.538,0.3657],[174.0539,-41.5378,0.6722],[174.0617,-41.5355,0.0],[174.0596,-41.5355,0.617],[174.0604,-41.534,0.6978],[174.0602,-41.5352,0.617],[174.066,-41.5346,0.1204],[174.0692,-41.5329,0.9224],[174.0706,-41.5263,0.4889],[174.0721,-41.524,0.1988],[174.0638,-41.5171,0.4895],[174.0578,-41.508,0.0],[174.0482,-41.5078,0.5609],[174.0574,-41.505,0.0],[174.0616,-41.5008,0.3678],[174.0569,-41.4961,0.0],[174.046,-41.4919,0.0],[174.0378,-41.4834,2.5524],[174.0305,-41.4683,4.1156],[174.0291,-41.4536,3.0359],[174.0333,-41.4288,0.0],[174.0396,-41.4106,0.5285],[174.0486,-41.3922,13.4784],[174.0514,-41.3917,0.0],[174.0508,-41.389,88.6092],[174.0564,-41.3886,0.0],[174.0553,-41.3877,0.0],[174.0569,-41.386,14.716],[174.0597,-41.3864,32.6482],[174.0622,-41.3895,47.8942],[174.0673,-41.3875,5.153],[174.0656,-41.3854,0.0],[174.0676,-41.38,0.0],[174.0737,-41.3742,30.9571],[174.0712,-41.3715,41.6547],[174.0766,-41.3686,0.0],[174.0771,-41.3634,0.0],[174.0709,-41.3591,6.3631],[174.0714,-41.3551,7.3782],[174.072,-41.3565,0.7684],[174.0779,-41.3549,25.1625],[174.0798,-41.3577,6.9651],[174.0837,-41.3562,77.4791],[174.0901,-41.3594,0.8361],[174.086,-41.3552,53.2144],[174.0905,-41.3531,0.0],[174.0885,-41.3521,10.305],[174.09,-41.349,58.9095],[174.0937,-41.348,0.0],[174.093,-41.3436,14.5042],[174.0981,-41.3437,11.1091],[174.0996,-41.3399,44.7437],[174.105,-41.3391,0.0],[174.0978,-41.3348,48.7314],[174.0981,-41.3324,3.6499],[174.1019,-41.3302,14.3349],[174.1085,-41.3331,0.0],[174.107,-41.3302,17.0444],[174.1108,-41.3282,0.0],[174.1067,-41.3266,30.9907],[174.1065,-41.3252,20.9299],[174.1122,-41.3222,6.0248],[174.1094,-41.3185,0.0],[174.1163,-41.318,0.0],[174.1136,-41.3146,21.6256],[174.1179,-41.3143,6.8343],[174.1188,-41.3106,17.759],[174.1226,-41.306,4.5605],[174.1141,-41.3059,5.6826],[174.1127,-41.3034,4.903],[174.1154,-41.3007,3.6025],[174.1136,-41.2985,8.0908],[174.1174,-41.2975,57.048],[174.1238,-41.2996,0.0],[174.1252,-41.2992,5.088],[174.1253,-41.2967,14.7466],[174.1315,-41.2955,0.0],[174.1304,-41.2943,12.0139],[174.1332,-41.2853,29.2497],[174.1387,-41.2848,0.0],[174.1404,-41.2869,0.0],[174.1417,-41.2844,33.9102],[174.146,-41.283,0.8513],[174.1498,-41.2843,2.6483],[174.1506,-41.2857,20.6626],[174.1485,-41.2912,17.9769],[174.1507,-41.2915,17.7682],[174.1502,-41.293,64.1553],[174.1468,-41.297,3.9333],[174.1481,-41.2981,67.0153],[174.1442,-41.2993,23.6822],[174.1468,-41.3018,39.6456],[174.141,-41.3021,6.0521],[174.1386,-41.3048,8.8556],[174.1423,-41.306399999999996,20.321],[174.1369,-41.3097,5.0533],[174.138,-41.3109,56.7282],[174.1368,-41.313,5.5203],[174.1395,-41.3144,29.87],[174.1431,-41.3121,29.0724],[174.1475,-41.3133,3.6512],[174.1508,-41.3106,19.746],[174.1498,-41.3052,48.7351],[174.1517,-41.3043,55.9276],[174.1519,-41.3018,66.7778],[174.1548,-41.3017,0.0],[174.1548,-41.2994,34.2999],[174.1596,-41.3004,10.0524],[174.1627,-41.2993,0.0],[174.1631,-41.2981,0.0],[174.1583,-41.294,6.0462],[174.1617,-41.2911,37.9012],[174.1596,-41.2876,18.3492],[174.1655,-41.2887,14.9727],[174.1676,-41.2923,6.1222],[174.1724,-41.2887,16.8177],[174.1822,-41.2862,8.9079],[174.1832,-41.2876,23.7116],[174.1813,-41.2889,6.4221],[174.1843,-41.2901,0.0],[174.1852,-41.2928,12.9991],[174.1872,-41.2917,6.2077],[174.1901,-41.2931,3.1403],[174.1893,-41.296,18.0361],[174.1848,-41.2975,15.1729],[174.1754,-41.2955,6.5482],[174.1743,-41.2979,0.0],[174.1777,-41.2993,10.6258],[174.1777,-41.3036,1.3101],[174.1727,-41.3057,0.0],[174.1724,-41.3071,12.3539],[174.1677,-41.3074,0.0],[174.17,-41.3086,3.6306],[174.1717,-41.3124,37.7217],[174.1745,-41.3134,3.1298],[174.1745,-41.315,11.0362],[174.1698,-41.3152,0.0],[174.1707,-41.3178,120.7803],[174.1693,-41.3195,0.0],[174.1644,-41.3182,7.8041],[174.1607,-41.3196,13.234],[174.1587,-41.3183,5.5369],[174.162,-41.323,0.0],[174.1593,-41.3271,12.2287],[174.155,-41.3281,61.6678],[174.1543,-41.3252,0.0],[174.1509,-41.3239,5.3061],[174.1515,-41.3263,7.5008],[174.1496,-41.3284,64.8821],[174.142,-41.3238,12.6864],[174.1389,-41.3258,0.8766],[174.1424,-41.3292,22.0866],[174.1408,-41.3315,9.6518],[174.138,-41.3321,0.0],[174.1463,-41.3324,53.6049],[174.1473,-41.3337,21.9464],[174.1455,-41.3357,17.9957],[174.1402,-41.337,9.6914],[174.1418,-41.339,54.3551],[174.1404,-41.3412,4.3826],[174.1371,-41.3414,80.9762],[174.1337,-41.3386,16.7564],[174.1311,-41.3392,2.8175],[174.1307,-41.3421,0.0],[174.1327,-41.3423,12.7329],[174.1332,-41.3449,54.4116],[174.1295,-41.3454,40.8031],[174.1254,-41.3437,0.0],[174.124,-41.3462,0.0],[174.1256,-41.3469,0.0],[174.126,-41.35,9.0947],[174.1204,-41.3495,0.0],[174.1234,-41.3516,0.0],[174.1262,-41.3506,9.0947],[174.1313,-41.3523,23.6143],[174.1329,-41.3478,82.7327],[174.1351,-41.3472,31.0935],[174.1386,-41.3487,0.0],[174.1407,-41.3471,21.3295],[174.1423,-41.3486,0.0],[174.1457,-41.3481,1.6949],[174.1451,-41.3491,1.6949],[174.1524,-41.348,33.3009],[174.1552,-41.3499,0.0],[174.1516,-41.3443,85.345],[174.1529,-41.3395,13.2875],[174.1566,-41.3399,23.3057],[174.1592,-41.3422,0.0],[174.1606,-41.3379,87.9142],[174.1645,-41.3383,4.0236],[174.1676,-41.3356,91.1823],[174.1784,-41.3374,0.0],[174.1782,-41.3349,39.7525],[174.1806,-41.3337,0.0],[174.1831,-41.3341,140.2309],[174.1848,-41.337,0.0],[174.1873,-41.3354,39.1795],[174.1917,-41.3368,1.7346],[174.1921,-41.3344,46.7601],[174.1978,-41.3303,0.0],[174.1953,-41.3278,25.4056],[174.1961,-41.3255,10.8175],[174.1917,-41.3244,0.0],[174.1928,-41.3223,4.6641],[174.1907,-41.3199,38.9063],[174.1923,-41.3191,2.1273],[174.1904,-41.3166,18.1929],[174.1952,-41.3169,0.0],[174.2012,-41.3101,15.7434],[174.209,-41.3129,17.1112],[174.2097,-41.3223,25.141],[174.2133,-41.3253,0.0],[174.2204,-41.3179,9.3807],[174.2211,-41.316,118.8275],[174.2248,-41.3148,34.5468],[174.2313,-41.3146,117.7602],[174.2382,-41.3192,13.6619],[174.2366,-41.3162,102.5312],[174.2373,-41.3138,77.6469],[174.242,-41.3098,4.7458],[174.2369,-41.3069,108.1848],[174.234,-41.3016,12.6794],[174.2307,-41.2995,23.302],[174.2306,-41.2975,0.0],[174.2245,-41.2944,0.0],[174.2231,-41.2916,8.9345],[174.2284,-41.291,2.87],[174.2291,-41.2867,7.1193],[174.2402,-41.2876,50.7948],[174.2421,-41.2845,91.592],[174.2501,-41.2812,85.8017],[174.2525,-41.2813,0.0],[174.2567,-41.2863,0.0],[174.2565,-41.281,79.8471],[174.2583,-41.2808,0.0],[174.258,-41.2793,0.0],[174.2556,-41.2793,20.0428],[174.2533,-41.2718,0.0],[174.2533,-41.2698,0.0],[174.2561,-41.2683,28.3706],[174.2623,-41.2686,9.0476],[174.2675,-41.2733,0.0],[174.275,-41.2683,41.0545],[174.2778,-41.2697,0.7994],[174.2827,-41.2685,8.9137],[174.2796,-41.2646,28.504],[174.2794,-41.2617,33.1322],[174.2748,-41.2602,87.7133],[174.2747,-41.2556,94.9547],[174.2827,-41.2525,13.0163],[174.2823,-41.2506,31.3159],[174.2849,-41.2489,33.1259],[174.2928,-41.249,29.8285],[174.2925,-41.2476,6.5627],[174.28809999999999,-41.2459,0.0],[174.2886,-41.2423,0.0],[174.2868,-41.2403,14.0011],[174.2894,-41.2318,45.2151],[174.2963,-41.2303,0.0],[174.2965,-41.2251,20.5741],[174.2996,-41.2249,3.1436],[174.3026,-41.2207,49.985],[174.3052,-41.2212,6.2002],[174.3041,-41.2198,49.985],[174.3102,-41.2164,26.3545],[174.3086,-41.2148,35.3639],[174.3091,-41.214,10.6657],[174.3156,-41.2129,0.0],[174.3132,-41.212,2.9601],[174.3047,-41.2141,0.0],[174.3042,-41.217,4.7967],[174.2997,-41.2176,0.0],[174.2985,-41.2201,12.4808],[174.2885,-41.2235,6.6736],[174.2868,-41.2279,6.3894],[174.2717,-41.2341,10.0636],[174.2703,-41.2353,0.0],[174.2711,-41.2372,0.0],[174.2758,-41.2379,72.418],[174.2742,-41.24,0.0],[174.2767,-41.2443,15.2453],[174.2659,-41.2403,21.7359],[174.2629,-41.2432,38.4853],[174.2548,-41.2437,0.0],[174.259,-41.2442,32.3315],[174.2594,-41.2459,54.7746],[174.2645,-41.2473,16.3167],[174.2662,-41.2523,6.6871],[174.2568,-41.2542,0.0],[174.2536,-41.2605,12.2971],[174.2509,-41.2593,0.0],[174.2514,-41.2533,0.0],[174.2553,-41.2499,0.0],[174.2463,-41.2444,0.0],[174.2421,-41.2468,7.7877],[174.2441,-41.2495,17.947],[174.2426,-41.2512,10.5553],[174.2383,-41.2491,0.0],[174.2337,-41.2497,35.1267],[174.2334,-41.2467,0.0],[174.2316,-41.2455,10.5917],[174.2277,-41.2469,0.0],[174.229,-41.2496,44.9814],[174.2257,-41.2517,24.5827],[174.2199,-41.2485,19.1428],[174.2179,-41.2446,2.8034],[174.2188,-41.2482,31.6403],[174.2171,-41.2504,5.0166],[174.2197,-41.2522,0.0],[174.2145,-41.2531,36.666],[174.2141,-41.2553,83.4567],[174.2117,-41.2546,22.8287],[174.2112,-41.2564,37.7943],[174.2079,-41.2534,0.0],[174.2085,-41.2466,3.3681],[174.2061,-41.245,0.0],[174.2032,-41.246,33.1097],[174.2013,-41.2437,17.6192],[174.1966,-41.2443,0.0],[174.1929,-41.2497,57.1915],[174.1858,-41.2501,7.437],[174.1878,-41.2607,44.1801],[174.1933,-41.2635,0.0],[174.1956,-41.2626,31.9326],[174.1976,-41.266,34.4665],[174.2016,-41.2654,4.717],[174.2043,-41.2619,18.242],[174.2044,-41.2661,0.0],[174.2079,-41.2646,0.0],[174.211,-41.2661,17.3702],[174.2103,-41.2684,5.358],[174.213,-41.2707,0.6194],[174.2077,-41.2698,14.2359],[174.2039,-41.2716,11.9758],[174.2028,-41.2775,7.1544],[174.2003,-41.2765,17.9912],[174.1984,-41.2733,17.2249],[174.1994,-41.2694,0.0],[174.1957,-41.2709,4.8362],[174.1952,-41.2686,2.2159],[174.1877,-41.2653,0.0],[174.1798,-41.2654,8.5002],[174.179,-41.2638,0.0],[174.1806,-41.262,3.5346],[174.1776,-41.2615,48.0127],[174.1767,-41.2596,15.1347],[174.1773,-41.2555,19.1253],[174.179,-41.2552,0.0],[174.1769,-41.2504,9.8011],[174.1687,-41.2516,28.3721],[174.1636,-41.2556,9.1341],[174.1625,-41.2593,49.4478],[174.1573,-41.2644,5.3932],[174.1581,-41.259,18.6757],[174.1552,-41.2586,27.255],[174.1532,-41.2556,13.7343],[174.1569,-41.2557,0.0],[174.1537,-41.2533,22.6643],[174.1585,-41.2512,0.0],[174.1524,-41.2502,21.0994],[174.1505,-41.2481,25.6517],[174.1462,-41.2537,43.4592],[174.14,-41.2566,23.1278],[174.1394,-41.2603,8.8752],[174.1345,-41.2585,15.2351],[174.1326,-41.2562,42.4068],[174.1392,-41.2497,2.4121],[174.1375,-41.2473,30.7791],[174.1401,-41.2462,5.871],[174.1406,-41.2431,10.37],[174.1449,-41.2406,0.0],[174.1445,-41.2349,0.0],[174.1463,-41.2317,0.0],[174.1396,-41.2336,4.8361],[174.1357,-41.2373,53.4553],[174.1331,-41.2376,0.0],[174.1318,-41.2413,61.4151],[174.1264,-41.2409,34.8108],[174.1246,-41.2393,63.2234],[174.1247,-41.2363,60.9088],[174.1207,-41.2368,48.8606],[174.1189,-41.2354,5.2526],[174.1136,-41.2368,17.9764],[174.1142,-41.2457,11.4071],[174.1124,-41.2492,1.9509],[174.1103,-41.2486,10.8328],[174.1068,-41.2398,17.4051],[174.1012,-41.2419,15.427],[174.1017,-41.2434,44.4388],[174.0978,-41.2467,41.2777],[174.093,-41.2431,32.3596],[174.0893,-41.247,8.0371],[174.0847,-41.2458,11.3002],[174.0792,-41.2492,0.0],[174.0744,-41.2542,36.808],[174.0771,-41.2582,0.0],[174.0839,-41.259,13.9083],[174.082,-41.263,28.1828],[174.0854,-41.2657,18.7017],[174.0903,-41.2662,39.0909],[174.0882,-41.2688,13.5297],[174.0795,-41.2672,3.8093],[174.0761,-41.2699,14.7334],[174.074,-41.2677,0.1182],[174.0751,-41.2632,1.978],[174.0677,-41.2569,0.0],[174.065,-41.2565,81.4335],[174.0652,-41.2517,0.0],[174.061,-41.2583,14.0924],[174.0536,-41.2597,4.612],[174.054,-41.2628,2.754],[174.0502,-41.2627,4.1724],[174.047,-41.2677,0.0],[174.0395,-41.2688,3.8519],[174.0405,-41.2668,0.4691],[174.0393,-41.2646,0.0],[174.04,-41.2663,0.4691],[174.038,-41.2678,1.2901],[174.0366,-41.2662,29.9348],[174.0391,-41.2601,0.0],[174.049,-41.2505,3.6733],[174.0437,-41.2519,16.8063],[174.042,-41.2538,22.8481],[174.0368,-41.2543,0.0],[174.0351,-41.2576,10.2654],[174.0318,-41.2584,18.372],[174.0314,-41.2608,22.8027],[174.0275,-41.2627,0.0],[174.0266,-41.267,44.7532],[174.0189,-41.2713,13.068],[174.017,-41.2764,49.4745],[174.0148,-41.2774,11.7354],[174.0116,-41.2824,0.0],[174.0097,-41.2894,1.1515],[174.0142,-41.2883,11.2666],[174.0106,-41.2902,5.5141],[174.0055,-41.2872,2.1333],[174.006,-41.2849,0.0],[174.0046,-41.2843,0.0],[174.0066,-41.2825,0.0],[174.0042,-41.2835,0.0],[174.0048,-41.2787,18.1002],[174.01,-41.2745,4.8096],[174.0092,-41.2718,20.1809],[174.0034,-41.2724,0.0],[173.999,-41.2773,3.3428],[174.0,-41.2798,19.9815],[173.9964,-41.2819,12.3707],[173.9942,-41.2787,12.3557],[173.9957,-41.2767,0.0],[173.9947,-41.275,33.6082],[173.9993,-41.2693,0.0],[174.0045,-41.2659,0.0],[174.011,-41.2585,7.3151],[174.0045,-41.2599,51.6772],[173.9975,-41.2591,0.0],[173.9939,-41.2631,31.9922],[173.9837,-41.2657,7.9497],[173.9811,-41.2645,0.0],[173.9796,-41.2663,39.5317],[173.9761,-41.2656,0.0],[173.9777,-41.2676,37.4096],[173.9758,-41.2689,12.212],[173.9727,-41.2666,7.5417],[173.9711,-41.2682,57.0995],[173.9668,-41.2672,8.0662],[173.9652,-41.2649,4.02],[173.9648,-41.2691,0.0],[173.9664,-41.2677,28.0258],[173.9691,-41.2717,39.1602],[173.9669,-41.2739,12.682],[173.959,-41.2729,8.3084],[173.9575,-41.2677,0.0],[173.9511,-41.2693,5.3736],[173.9458,-41.2676,0.0],[173.9419,-41.2701,7.058],[173.938,-41.2689,1.7586],[173.9296,-41.273,29.8207],[173.9201,-41.2746,32.9898],[173.9163,-41.2803,13.7403],[173.9077,-41.2785,0.4953],[173.9043,-41.2804,5.2082],[173.9045,-41.2819,1.2018],[173.904,-41.2801,5.2082],[173.911,-41.2662,36.4993],[173.9138,-41.2642,7.4667],[173.9258,-41.2642,12.7557],[173.9379,-41.2582,3.8273],[173.94,-41.2541,23.2884],[173.9463,-41.2566,0.0],[173.955,-41.2519,6.1616],[173.9567,-41.2534,40.0696],[173.9554,-41.2559,8.996],[173.9569,-41.2568,3.0132],[173.9634,-41.2542,2.5369],[173.9646,-41.2523,45.8814],[173.9672,-41.2528,61.25],[173.9682,-41.2551,0.0],[173.9717,-41.2539,0.0],[173.9733,-41.2517,0.0],[173.9696,-41.2506,13.0607],[173.9692,-41.249,0.0],[173.9697,-41.2463,0.0],[173.9723,-41.245,5.3255],[173.9723,-41.2407,5.0918],[173.9701,-41.2403,15.7708],[173.9678,-41.2353,8.7684],[173.9645,-41.2326,23.3092],[173.9659,-41.2304,5.7005],[173.9636,-41.2297,27.2545],[173.9642,-41.2279,3.2917],[173.962,-41.2263,17.7318],[173.965,-41.2255,5.9476],[173.966,-41.2227,19.2799],[173.9682,-41.2243,3.4929],[173.9676,-41.2275,0.0],[173.9704,-41.2315,0.0],[173.9702,-41.2233,11.3899],[173.9724,-41.2234,6.4315],[173.9745,-41.2299,0.0],[173.9803,-41.2282,12.6395],[173.9751,-41.2341,7.9774],[173.9791,-41.2363,0.0],[173.98,-41.2327,27.5927],[173.9833,-41.2358,23.3427],[173.9834,-41.238,48.5084],[173.9816,-41.2392,9.3925],[173.9829,-41.2458,4.9742],[173.9812,-41.2479,8.3727],[173.9828,-41.2508,6.4078],[173.9879,-41.2421,22.2639],[173.9911,-41.243,0.0],[173.9915,-41.2417,7.4157],[173.9946,-41.2415,9.8111],[173.9978,-41.244,0.0],[173.9945,-41.235,35.8632],[173.9966,-41.2327,0.0],[173.9961,-41.2313,0.0],[173.9985,-41.2306,0.0],[173.9959,-41.2289,0.0],[173.9977,-41.2267,0.0],[173.9963,-41.2234,0.0],[173.9919,-41.2207,3.6683],[173.9935,-41.2191,19.543],[173.9967,-41.22,3.548],[173.9991,-41.217,30.4361],[174.0016,-41.2184,0.0],[173.9998,-41.2211,14.8274],[174.0026,-41.2238,0.0],[174.0091,-41.2238,7.9124],[174.0051,-41.2262,3.9254],[174.0051,-41.2323,17.1489],[174.0082,-41.2389,8.9601],[174.0094,-41.2397,0.0],[174.0101,-41.2319,3.0435],[174.0162,-41.2269,27.705],[174.0143,-41.2318,38.062],[174.0154,-41.2334,0.0],[174.0189,-41.2327,19.2951],[174.0192,-41.2284,28.4547],[174.0213,-41.2298,39.5176],[174.0213,-41.2343,40.494],[174.0175,-41.2375,0.0],[174.0247,-41.2408,13.6649],[174.0282,-41.2386,48.0247],[174.0322,-41.239,0.0],[174.029,-41.2317,37.1273],[174.0306,-41.2274,0.0],[174.0267,-41.2278,0.0],[174.0208,-41.224,0.0],[174.0267,-41.2215,0.0],[174.0258,-41.2183,29.4147],[174.0225,-41.2165,4.9855],[174.0288,-41.216,11.0461],[174.0289,-41.2112,34.9267],[174.031,-41.2096,11.1633],[174.0371,-41.2215,0.0],[174.0409,-41.2217,54.0561],[174.0396,-41.2308,0.0],[174.042,-41.2263,0.0],[174.0473,-41.2226,0.0],[174.0428,-41.2173,49.8462],[174.0452,-41.2147,0.0],[174.0455,-41.2111,33.684],[174.0499,-41.2092,34.0684],[174.0514,-41.2132,7.4594],[174.0551,-41.2163,0.0],[174.0587,-41.2139,15.0421],[174.0583,-41.2118,10.1218],[174.0622,-41.2107,5.5987],[174.0606,-41.2086,31.7456],[174.0612,-41.2051,29.9984],[174.0662,-41.2083,0.0],[174.0702,-41.2056,14.9886],[174.0744,-41.2103,44.0733],[174.0723,-41.2147,22.9866],[174.069,-41.2157,0.0],[174.0636,-41.2229,0.0],[174.0692,-41.2238,0.0],[174.0773,-41.2222,30.756],[174.0784,-41.2236,26.9764],[174.0776,-41.2268,4.8663],[174.0752,-41.2288,2.6979],[174.0768,-41.2295,16.724],[174.0887,-41.2251,4.2087],[174.0861,-41.2226,68.1624],[174.0891,-41.2184,15.1281],[174.0853,-41.2176,16.1412],[174.0849,-41.2122,4.6176],[174.0934,-41.2106,3.7123],[174.0905,-41.2064,15.9272],[174.0933,-41.2015,7.6277],[174.0988,-41.2025,33.2345],[174.0996,-41.2067,0.0],[174.1026,-41.2066,64.831],[174.1023,-41.2096,0.0],[174.1053,-41.2092,32.0206],[174.1062,-41.2117,6.2429],[174.1049,-41.2135,5.6433],[174.1069,-41.2148,31.9174],[174.1035,-41.2163,24.6454],[174.102,-41.2192,9.7237],[174.1046,-41.2214,0.0],[174.1098,-41.2211,61.2452],[174.1115,-41.2231,0.0],[174.1198,-41.22,0.0],[174.1233,-41.2171,0.0],[174.1232,-41.2156,0.0],[174.1123,-41.2054,22.0387],[174.116,-41.2043,4.4684],[174.1142,-41.2019,22.3444],[174.1174,-41.2002,0.0],[174.1166,-41.1983,46.0724],[174.1205,-41.1974,10.7472],[174.1252,-41.1923,13.6734],[174.1275,-41.1929,53.8455],[174.1282,-41.1962,35.0246],[174.126,-41.1985,0.0],[174.1279,-41.2001,37.0333],[174.1261,-41.2023,0.0],[174.1264,-41.2048,0.0],[174.1369,-41.2031,4.338],[174.1376,-41.2047,58.1605],[174.1335,-41.2086,2.7476],[174.1355,-41.2101,0.0],[174.1427,-41.207,26.2338],[174.1454,-41.208,29.6948],[174.1432,-41.2114,0.0],[174.1451,-41.2136,27.264],[174.1436,-41.2159,0.0],[174.1496,-41.2135,23.2284],[174.1565,-41.2134,0.0],[174.1548,-41.2086,0.0],[174.1484,-41.2068,10.1328],[174.1497,-41.2041,36.9835],[174.1488,-41.2011,33.617],[174.1554,-41.1979,4.6857],[174.1544,-41.196,0.0],[174.1553,-41.1937,0.0],[174.151,-41.1917,40.2186],[174.1543,-41.1872,0.0],[174.1512,-41.1852,38.4354],[174.1517,-41.1836,24.9235],[174.1494,-41.1813,25.5854],[174.1559,-41.1802,0.0],[174.1517,-41.1762,40.7392],[174.1527,-41.1732,38.4317],[174.155,-41.1763,0.0],[174.1591,-41.1769,3.5326],[174.1591,-41.1735,22.1381],[174.1606,-41.1735,12.9378],[174.1604,-41.1755,6.0846],[174.165,-41.178,40.0654],[174.1642,-41.1836,0.0],[174.1668,-41.1827,40.2827],[174.1715,-41.1851,0.0],[174.1713,-41.1802,4.0104],[174.1755,-41.1818,0.0],[174.1781,-41.1795,69.4394],[174.1805,-41.1797,17.5135],[174.178,-41.1898,0.0],[174.1793,-41.1914,97.3732],[174.1696,-41.2021,0.0],[174.1819,-41.1933,3.9009],[174.1872,-41.1939,0.0],[174.1898,-41.1911,0.0],[174.1887,-41.1881,18.3828],[174.1921,-41.1823,45.332],[174.1978,-41.1844,0.0],[174.1986,-41.183,0.0],[174.2027,-41.1832,0.0],[174.1974,-41.1773,0.0],[174.2005,-41.1727,0.0],[174.1874,-41.176,16.8788],[174.1842,-41.1747,20.4686],[174.1845,-41.1714,57.186],[174.1884,-41.1675,0.0],[174.1857,-41.1644,30.3241],[174.1939,-41.1625,21.182],[174.1954,-41.1578,45.0855],[174.2007,-41.1541,3.4433],[174.1799,-41.1578,5.3254],[174.1774,-41.1525,6.6137],[174.1721,-41.1517,29.857],[174.1697,-41.149,0.0],[174.1619,-41.151,23.8722],[174.1593,-41.1497,62.2766],[174.164,-41.1471,18.365],[174.1663,-41.1435,24.6097],[174.163,-41.1425,7.3506],[174.1661,-41.1399,2.458],[174.1662,-41.1356,1.0027],[174.1635,-41.1349,14.4318],[174.1626,-41.1314,2.8462],[174.1587,-41.1302,12.1874],[174.1538,-41.131,2.6752],[174.152,-41.1279,0.0],[174.1472,-41.1279,31.1422],[174.1496,-41.1227,18.5773],[174.1478,-41.1184,35.3748],[174.1489,-41.1151,11.8086],[174.1453,-41.1084,8.7072],[174.1477,-41.1085,0.7894],[174.1583,-41.117,8.3526],[174.1639,-41.1164,0.0],[174.17,-41.1085,24.0494],[174.1728,-41.1005,2.0802],[174.1746,-41.0995,0.0],[174.1744,-41.097,20.061],[174.1775,-41.0954,9.1395],[174.1763,-41.0878,33.6161],[174.1805,-41.087,18.9412],[174.1806,-41.0887,3.7524],[174.1862,-41.0916,1.3241],[174.1881,-41.0952,33.0102],[174.184,-41.1006,1.3176],[174.1848,-41.1073,0.0],[174.1809,-41.114,45.4235],[174.1818,-41.1199,7.5444],[174.1841,-41.1208,32.8671],[174.1825,-41.1235,0.0],[174.1841,-41.1235,11.0219],[174.1847,-41.1267,0.0],[174.1965,-41.1233,0.0],[174.1959,-41.1263,34.6011],[174.1881,-41.1329,8.8802],[174.1864,-41.1378,0.0],[174.1873,-41.1396,25.4535],[174.1894,-41.1414,0.0],[174.1949,-41.1359,63.8267],[174.2049,-41.137,3.8841],[174.206,-41.1335,0.0],[174.2106,-41.133,0.0],[174.2152,-41.1389,20.9072],[174.2202,-41.1418,4.8488],[174.2215,-41.1404,41.9504],[174.2186,-41.1366,26.2416],[174.2216,-41.1319,37.223],[174.21,-41.1273,14.7065],[174.2095,-41.1247,50.0105],[174.2109,-41.123,6.6772],[174.2079,-41.118899999999996,1.4417],[174.2093,-41.1178,27.7476],[174.2146,-41.1186,0.0],[174.218,-41.1135,2.2365],[174.225,-41.1115,18.0927],[174.2273,-41.1192,4.62],[174.2317,-41.1186,13.9123],[174.2366,-41.12,29.9641],[174.2367,-41.1223,13.4168],[174.2411,-41.1258,17.9376],[174.2471,-41.1221,9.4672],[174.2464,-41.119,63.3273],[174.2485,-41.1161,59.1624],[174.2469,-41.1098,10.1663],[174.2493,-41.1058,0.0],[174.2473,-41.1037,18.0215],[174.2368,-41.1031,55.6712],[174.2381,-41.0964,49.1672],[174.2345,-41.0948,50.1339],[174.2336,-41.0926,35.0018],[174.2353,-41.0898,6.9021],[174.2391,-41.0887,26.6835],[174.2504,-41.0883,1.6165],[174.2525,-41.0842,23.4289],[174.2504,-41.0769,6.1911],[174.2619,-41.0777,6.7856],[174.2646,-41.0737,20.372],[174.264,-41.0679,24.0415],[174.2716,-41.0691,4.1972],[174.272,-41.0649,24.5322],[174.2742,-41.0639,17.7294],[174.2759,-41.0601,0.0],[174.2752,-41.0556,84.5608],[174.2766,-41.0543,0.0],[174.2727,-41.0499,48.1439],[174.2748,-41.0475,33.7526],[174.2726,-41.0445,63.9046],[174.2764,-41.0404,10.0045],[174.2904,-41.039,6.2767],[174.295,-41.0351,2.731],[174.2983,-41.035,0.0],[174.3046,-41.0199,0.0],[174.3121,-41.0168,2.9887],[174.3112,-41.0012,0.0],[174.3146,-40.994,0.0],[174.3127,-40.9942,9.7381],[174.3121,-40.9964,12.0184],[174.3045,-41.0022,26.9561],[174.3064,-41.01,50.1363],[174.3024,-41.0153,94.0185],[174.2968,-41.0144,0.0],[174.2946,-41.0251,51.8636],[174.289,-41.0345,5.7636],[174.2716,-41.0289,16.7031],[174.2669,-41.0315,0.0],[174.2605,-41.0439,36.9642],[174.2466,-41.04,47.3333],[174.2413,-41.0406,24.4585],[174.2393,-41.0454,0.0],[174.2396,-41.049,0.0],[174.2294,-41.0505,0.0],[174.2246,-41.0544,11.2344],[174.2243,-41.0625,54.6163],[174.2264,-41.068,45.4621],[174.2228,-41.0706,2.1012],[174.2182,-41.0713,53.1068],[174.2112,-41.0697,64.3163],[174.2018,-41.0633,10.9141],[174.1936,-41.0627,0.618],[174.1914,-41.0595,0.0],[174.1822,-41.0589,3.3095],[174.1813,-41.055,0.0],[174.1691,-41.05,18.0607],[174.1671,-41.0431,7.4283],[174.1696,-41.041,17.5976],[174.1751,-41.0416,0.0],[174.1834,-41.029,4.3683],[174.1879,-41.0314,41.391],[174.1898,-41.0425,21.7243],[174.1928,-41.043,0.0],[174.1992,-41.0399,7.6161],[174.2001,-41.0366,0.0],[174.1985,-41.033,6.8086],[174.1998,-41.0299,0.0],[174.1954,-41.0247,28.0987],[174.1994,-41.0199,0.0],[174.1948,-41.0188,42.3788],[174.1978,-41.0136,0.0],[174.1951,-41.012,68.489],[174.1998,-41.008,0.0],[174.217,-41.0091,7.3464],[174.2251,-41.001,2.4508],[174.2224,-40.995,0.0],[174.2322,-40.9862,36.1872],[174.2301,-40.985,69.388],[174.2271,-40.9849,46.2201],[174.2215,-40.9887,0.0],[174.2166,-40.995,17.3779],[174.2165,-40.9988,27.2845],[174.2094,-41.0033,28.6551],[174.1962,-41.0022,0.0],[174.1931,-41.0036,0.0],[174.1918,-41.007,14.3091],[174.1824,-41.0113,127.3913],[174.1727,-41.008,39.1284],[174.1722,-41.0052,54.585],[174.1758,-40.9989,22.5196],[174.1752,-40.9937,0.0],[174.1695,-40.9841,84.5387],[174.1706,-40.9806,0.0],[174.1637,-40.9726,137.6096],[174.1639,-40.9698,43.6001],[174.1559,-40.9686,17.8763],[174.1558,-40.9702,65.7935],[174.1493,-40.9737,0.0],[174.148,-40.9787,51.8211],[174.1519,-40.9816,0.0],[174.159,-40.9808,33.8231],[174.1628,-40.9829,47.7009],[174.1603,-40.9874,13.4497],[174.1563,-40.9903,30.4037],[174.1551,-40.998,57.4993],[174.1516,-41.0002,23.1094],[174.1478,-41.0004,29.7121],[174.1449,-40.9967,6.4794],[174.1422,-40.9979,0.0],[174.1438,-40.9998,56.7706],[174.1446,-41.0072,13.5821],[174.146,-41.0071,44.1125],[174.1477,-41.0108,0.0],[174.1465,-41.0177,14.9269],[174.1414,-41.0198,70.0403],[174.1398,-41.0181,10.5115],[174.1357,-41.0199,8.9538],[174.1313,-41.0188,47.3527],[174.1295,-41.016,8.176],[174.1301,-41.0139,4.3423],[174.1271,-41.012,111.6496],[174.1266,-41.0091,24.6605],[174.1202,-41.0046,30.4206],[174.115,-41.0038,5.4822],[174.1127,-41.001,41.4159],[174.1132,-40.9974,0.0],[174.1113,-40.9981,20.5659],[174.1083,-40.9957,71.9271],[174.1085,-40.9937,18.4001],[174.106,-40.9926,0.0],[174.0971,-40.9949,12.1398],[174.0956,-40.9998,0.0],[174.0972,-41.0009,22.5856],[174.0976,-41.004,0.0],[174.1017,-41.0063,30.5979],[174.1002,-41.0088,0.0],[174.0988,-41.0085,0.0],[174.1011,-41.0194,62.8219],[174.1,-41.0198,0.0],[174.1045,-41.0288,0.0],[174.1033,-41.0303,6.8313],[174.106,-41.0379,8.6426],[174.1052,-41.0411,3.3571],[174.1076,-41.0458,5.8308],[174.1077,-41.0527,1.6278],[174.1029,-41.051,0.0],[174.1023,-41.0445,0.6677],[174.0931,-41.0363,12.2481],[174.0924,-41.0332,0.0],[174.089,-41.0308,22.7956],[174.0844,-41.0231,0.0],[174.081,-41.0211,29.5037],[174.082,-41.0193,0.0],[174.0786,-41.0183,34.3283],[174.079,-41.0163,10.7643],[174.0652,-41.014,55.4818],[174.0679,-41.0099,0.0],[174.0714,-41.0082,5.0659],[174.0696,-41.0018,21.2608],[174.0672,-41.0014,47.538],[174.0681,-40.9994,0.0],[174.0667,-40.9961,0.0],[174.0651,-40.9966,0.0],[174.0607,-41.004,7.6877],[174.057,-41.006,5.3458],[174.0541,-41.0064,53.1681],[174.0518,-41.0033,13.5783],[174.0486,-41.0023,0.0],[174.0529,-41.0081,0.0],[174.0493,-41.0121,50.0158],[174.0504,-41.016,21.2421],[174.0465,-41.0178,0.0],[174.041,-41.0174,0.0],[174.0398,-41.0156,3.3739],[174.0406,-41.0133,15.2037],[174.0386,-41.0108,15.7948],[174.0328,-41.009,0.0],[174.0307,-41.0143,57.909],[174.0236,-41.0161,0.0],[174.0204,-41.0159,0.0],[174.0155,-41.0109,19.0208],[174.0172,-41.008,5.3544],[174.0109,-41.0109,3.2706],[174.0086,-41.0101,10.6102],[174.0152,-40.9926,0.0],[174.0121,-40.987,0.0],[174.0126,-40.9851,0.0],[174.0163,-40.9843,0.0],[174.0151,-40.9813,13.9016],[174.0218,-40.978,0.0],[174.0227,-40.976,0.0],[174.0202,-40.9749,71.5902],[174.0198,-40.9698,43.8954],[174.0141,-40.9647,1.8871],[174.0108,-40.97,17.8289],[174.0049,-40.9676,0.0],[173.9957,-40.9689,3.8047],[173.9923,-40.971,0.0],[173.9942,-40.9724,16.2073],[173.9949,-40.9768,0.0],[173.9908,-40.9818,0.0],[173.9914,-40.9839,0.0],[173.9949,-40.9863,0.0],[174.0026,-40.9851,1.3902],[174.0018,-40.9891,25.3355],[173.995,-40.9953,14.9829],[173.9905,-40.9944,0.0],[173.987,-40.9964,55.3841],[173.9836,-40.9962,1.8939],[173.9819,-40.9923,6.4247],[173.9731,-40.9913,25.6197],[173.9723,-40.9849,26.0674],[173.9696,-40.984,20.63],[173.965,-40.9917,15.6154],[173.9686,-40.9994,4.3176],[173.9681,-41.0027,0.0],[173.9692,-41.0036,7.9922],[173.975,-41.0016,17.8803],[173.9761,-41.0066,0.0],[173.9786,-41.0071,16.2698],[173.9819,-41.0113,0.0],[173.9889,-41.0135,4.7767],[173.9885,-41.0157,7.7618],[173.9765,-41.0174,0.0],[173.9715,-41.0223,19.7011],[173.9679,-41.0165,28.5698],[173.9635,-41.0173,15.0681],[173.9607,-41.0209,47.9279],[173.9559,-41.0217,41.0004],[173.9506,-41.0195,0.0],[173.9498,-41.0128,0.0],[173.9459,-41.0172,10.8235],[173.9427,-41.0167,20.29],[173.9348,-41.0199,7.4022],[173.9385,-41.0221,10.1429],[173.9423,-41.0219,46.8957],[173.9465,-41.0264,2.3637],[173.9521,-41.0265,10.4828],[173.9535,-41.0293,40.6261],[173.9528,-41.0328,25.1604],[173.95,-41.0353,23.3211],[173.9363,-41.0338,15.4372],[173.934,-41.0363,98.0367],[173.9342,-41.0393,96.6805],[173.9362,-41.0413,0.0],[173.9394,-41.0415,0.0],[173.944,-41.0383,5.7967],[173.9509,-41.0368,46.449],[173.9558,-41.0381,0.9121],[173.9555,-41.0424,12.063],[173.9595,-41.0449,0.0],[173.9638,-41.0441,21.8464],[173.9689,-41.0396,0.0],[173.9729,-41.04,0.0],[173.9766,-41.0348,40.3774],[173.9838,-41.0315,0.661],[173.985,-41.0361,2.545],[173.9901,-41.036,33.6148],[173.9913,-41.0377,0.8842],[173.9883,-41.0424,24.6311],[173.9715,-41.0558,11.4327],[173.9748,-41.0562,46.986],[173.9798,-41.0548,0.0],[173.9918,-41.0434,4.0478],[173.9964,-41.0409,4.1226],[174.0,-41.0358,0.0],[173.9978,-41.0321,0.0],[174.0025,-41.028,0.0],[174.0019,-41.0253,6.128],[174.009,-41.0174,28.2875],[174.0168,-41.0157,34.7916],[174.0199,-41.0161,30.8227],[174.0195,-41.0185,0.0],[174.0245,-41.0181,9.6409],[174.0258,-41.0196,0.0],[174.0383,-41.019,20.5819],[174.038,-41.0226,0.0],[174.0342,-41.0266,0.0],[174.0402,-41.0215,0.0],[174.0428,-41.0243,0.0],[174.0449,-41.0212,77.4052],[174.0494,-41.021,43.5054],[174.0529,-41.0252,0.0],[174.0531,-41.0327,1.1341],[174.0479,-41.0383,12.7966],[174.0482,-41.0413,43.7898],[174.0462,-41.0449,0.0],[174.0497,-41.0511,23.2684],[174.0484,-41.0538,5.6112],[174.0381,-41.0545,0.0],[174.0358,-41.0587,2.8532],[174.0309,-41.0613,23.1681],[174.0258,-41.0561,0.0],[174.0225,-41.0569,55.5793],[174.0208,-41.0625,48.0374],[174.0185,-41.0624,3.7359],[174.0126,-41.0566,5.7542],[174.0095,-41.0591,0.0],[174.0138,-41.0582,2.7726],[174.0192,-41.0662,15.3115],[174.0188,-41.0688,17.0937],[174.0157,-41.0709,0.0],[174.0147,-41.0754,3.9045],[174.0201,-41.0705,51.3421],[174.0238,-41.0711,28.6059],[174.0242,-41.0778,7.61],[174.0271,-41.0774,31.2166],[174.0305,-41.0815,0.0],[174.0315,-41.0866,33.9179],[174.0284,-41.0891,0.0],[174.0311,-41.0914,42.7145],[174.0322,-41.0957,7.1914],[174.0397,-41.1011,31.2183],[174.0435,-41.1012,48.7909],[174.0481,-41.1047,14.9915],[174.038,-41.1142,2.9301],[174.0353,-41.1136,5.3614],[174.0317,-41.1098,7.4346],[174.0311,-41.106,0.0],[174.0236,-41.1042,4.9516],[174.0229,-41.1015,4.0096],[174.0105,-41.0949,0.0],[174.0099,-41.098,9.1569],[174.0036,-41.1002,49.1526],[173.9985,-41.0968,0.0],[173.9967,-41.1009,23.1606],[173.994,-41.102,26.7398],[173.9865,-41.0997,39.8942],[173.9799,-41.1058,17.4836],[173.9868,-41.101,39.8942],[173.9908,-41.1021,8.9351],[173.9916,-41.1054,10.049],[173.9949,-41.1046,0.0],[173.9953,-41.1072,0.0],[173.9916,-41.1107,2.5572],[173.9901,-41.1149,9.1465],[173.9933,-41.1182,5.4792],[173.9857,-41.1223,46.0619],[173.9869,-41.1238,12.3529],[173.989,-41.1226,29.7772],[173.9915,-41.1257,28.0211],[173.9915,-41.1328,5.516],[173.9942,-41.1357,2.0581],[173.9931,-41.137,16.3026],[173.9833,-41.1353,5.2639],[173.9735,-41.1278,0.0],[173.9734,-41.1356,23.1962],[173.9689,-41.137,17.385],[173.9655,-41.1357,0.0],[173.9657,-41.1435,4.7573],[173.9694,-41.1478,27.3309],[173.9686,-41.1501,2.1454],[173.9654,-41.1504,8.3449],[173.9576,-41.146,9.8032],[173.956,-41.1415,30.6012],[173.9569,-41.1394,0.0],[173.9527,-41.1311,0.8922],[173.9575,-41.1255,19.2337],[173.9551,-41.1218,4.6481],[173.9513,-41.1196,24.4654],[173.9541,-41.1171,20.013],[173.9537,-41.1155,9.8107],[173.9502,-41.1146,32.4631],[173.9522,-41.1121,12.7602],[173.957,-41.1105,8.4804],[173.9592,-41.106,44.7119],[173.9644,-41.1022,23.2077],[173.9645,-41.0991,39.7342],[173.9684,-41.093,42.9102],[173.9675,-41.0913,20.4387],[173.9708,-41.0872,31.5472],[173.9776,-41.0855,0.0],[173.9765,-41.0788,36.8608],[173.9746,-41.0769,1.7518],[173.9701,-41.0824,30.0451],[173.9646,-41.0848,48.783],[173.9614,-41.0835,4.2999],[173.9596,-41.0796,46.0482],[173.9556,-41.0798,33.6236],[173.9515,-41.0832,69.2707],[173.9475,-41.0835,11.905],[173.9435,-41.0895,1.1289],[173.9379,-41.0835,24.8746],[173.9332,-41.0838,0.0],[173.9332,-41.0891,0.0],[173.9288,-41.092,23.0332],[173.9268,-41.0968,22.8615],[173.9343,-41.1022,51.4293],[173.9293,-41.1053,2.1783],[173.9316,-41.1082,0.0],[173.9309,-41.1134,14.292],[173.9291,-41.1146,34.5807],[173.9198,-41.1104,11.2423],[173.9086,-41.1093,0.0],[173.9046,-41.1131,1.6513],[173.901,-41.1231,0.0],[173.9197,-41.1229,39.3906],[173.9226,-41.1246,17.0948],[173.9156,-41.1258,4.219],[173.9099,-41.1296,30.4555],[173.9011,-41.1318,38.0563],[173.8951,-41.1363,58.8015],[173.8862,-41.1378,1.4976],[173.8764,-41.1361,0.0],[173.8709,-41.138,19.5093],[173.8678,-41.1415,0.0],[173.8691,-41.1449,0.0],[173.8783,-41.1482,1.0707],[173.9012,-41.1496,14.4985],[173.883,-41.1556,11.4993],[173.8726,-41.1525,1.5776],[173.8676,-41.1537,0.0],[173.87,-41.1612,0.0],[173.8754,-41.164,13.8346],[173.8775,-41.1671,2.8448],[173.8817,-41.1657,36.5553],[173.8911,-41.166,23.6994],[173.898,-41.1684,7.4832],[173.8942,-41.1708,0.668],[173.8916,-41.1751,39.4898],[173.8809,-41.1782,63.2454],[173.8804,-41.1808,45.7574],[173.8847,-41.1809,57.4247],[173.8858,-41.1828,10.6834],[173.8871,-41.1914,20.2544],[173.8784,-41.1954,9.4394],[173.8737,-41.2019,12.8517],[173.8747,-41.2057,54.103],[173.8722,-41.2095,34.7849],[173.878,-41.2099,3.2933],[173.8849,-41.2007,25.973],[173.8987,-41.1963,6.5957],[173.9013,-41.1995,18.6895],[173.9089,-41.199,5.2029],[173.9102,-41.1976,15.3199],[173.9204,-41.1995,27.9798],[173.9293,-41.1971,13.3264],[173.9342,-41.194,0.0],[173.9328,-41.1924,24.4841],[173.9332,-41.189,23.2286],[173.9383,-41.1875,2.6033],[173.9401,-41.185,2.1685],[173.9475,-41.1862,37.5514],[173.9565,-41.1801,0.7457],[173.9589,-41.1765,4.8112],[173.9651,-41.1746,0.1513],[173.9669,-41.1721,3.194],[173.9706,-41.1729,6.5212],[173.9727,-41.1776,12.5853],[173.9717,-41.1793,4.8467],[173.9689,-41.1787,0.0],[173.9677,-41.18,0.0],[173.9724,-41.1804,11.8127],[173.975,-41.1833,17.989],[173.9725,-41.1856,10.7681],[173.9674,-41.1858,0.0],[173.968,-41.1877,0.0],[173.9656,-41.1892,5.2706],[173.9707,-41.189,18.0605],[173.9721,-41.1906,11.2083],[173.9709,-41.1926,34.8522],[173.9769,-41.1938,0.0],[173.9812,-41.1915,0.0],[173.9824,-41.1858,30.5046],[173.9853,-41.1882,36.6488],[173.9851,-41.1906,0.0],[173.9883,-41.1887,31.4358],[173.9896,-41.1926,56.0495],[173.9983,-41.1953,0.0],[174.0028,-41.1923,9.1065],[173.9946,-41.1898,56.3351],[173.9982,-41.186,0.0],[173.986,-41.1817,9.3154],[173.9949,-41.1799,3.8653],[174.0025,-41.1808,23.044],[174.0067,-41.1781,2.7254],[174.0106,-41.1787,6.8612],[174.0114,-41.1778,14.6701],[174.0096,-41.1764,33.3333],[174.0046,-41.1747,20.213],[174.0019,-41.1702,1.7926],[174.0132,-41.1672,15.4044],[174.0201,-41.1693,3.9044],[174.0264,-41.1686,1.7762],[174.0312,-41.1633,1.258],[174.0404,-41.1613,0.2021],[174.0464,-41.1578,17.9134],[174.049,-41.1596,0.5596],[174.0503,-41.1647,18.1487],[174.048,-41.169,17.6201],[174.0429,-41.1706,12.9173],[174.0401,-41.1745,15.9245],[174.042,-41.1765,0.0],[174.0443,-41.1751,8.5621],[174.0467,-41.1769,0.0],[174.0507,-41.175,12.3366],[174.0502,-41.177,8.7665],[174.0525,-41.1789,12.481],[174.0562,-41.1784,0.0],[174.0583,-41.1757,10.8428],[174.0614,-41.1764,0.0],[174.0624,-41.1788,0.0],[174.0771,-41.1766,6.6998],[174.0835,-41.1779,13.5371],[174.0824,-41.1732,0.0],[174.0877,-41.1711,5.2975],[174.0931,-41.1719,25.018],[174.0941,-41.1746,0.0],[174.0966,-41.1727,37.9468],[174.1071,-41.1712,25.3688],[174.1114,-41.1679,19.0385],[174.1185,-41.1669,1.3864],[174.1214,-41.1682,2.6025],[174.1217,-41.1715,22.0708],[174.1098,-41.1796,48.3575],[174.0986,-41.1837,4.4707],[174.0974,-41.1864,30.2466],[174.0954,-41.1857,3.2191],[174.0841,-41.189,27.0677],[174.0783,-41.1874,2.4569],[174.0747,-41.1888,20.189],[174.0738,-41.19,59.3814],[174.0753,-41.1942,20.6448],[174.0737,-41.1953,38.3878],[174.0682,-41.1937,6.3612],[174.065,-41.1901,26.32],[174.0602,-41.1913,44.9735],[174.0565,-41.1899,19.4359],[174.0512,-41.1904,21.3112],[174.049,-41.1922,0.0],[174.0502,-41.1949,20.7911],[174.0465,-41.1952,32.7931],[174.0428,-41.1898,8.4717],[174.0401,-41.1931,37.6149],[174.0334,-41.1912,0.0],[174.033,-41.1887,3.7621],[174.0357,-41.1872,0.0],[174.0311,-41.1868,21.4753],[174.0305,-41.185,49.1804],[174.0188,-41.1869,21.3303],[174.0156,-41.1901,0.0],[174.0286,-41.1895,62.4991],[174.033,-41.1911,0.0],[174.0331,-41.1931,59.2871],[174.0289,-41.1953,0.0],[174.0341,-41.1955,15.8125],[174.035,-41.1982,13.9163],[174.0332,-41.2012,21.1183],[174.0315,-41.2021,9.8276],[174.0305,-41.2006,5.6396],[174.0225,-41.1992,0.0],[174.0189,-41.202,17.8252],[174.0168,-41.1983,4.1937],[174.0138,-41.1982,23.2162],[174.0113,-41.1999,0.0],[174.0129,-41.2033,29.4055],[173.9984,-41.209,61.9891],[173.9945,-41.2082,9.1947],[173.9886,-41.2095,0.0],[173.9859,-41.2075,0.0],[173.9838,-41.2096,53.6855],[173.979,-41.2083,10.5055],[173.9732,-41.2111,3.5409],[173.9714,-41.2089,0.0],[173.9691,-41.2113,4.7854],[173.9714,-41.212,38.4754],[173.97,-41.2134,0.0],[173.9725,-41.2132,2.9806],[173.9729,-41.2151,4.7455],[173.9698,-41.2175,6.2571],[173.9671,-41.2172,11.4409],[173.963,-41.212,0.0],[173.9581,-41.2127,52.8437],[173.9606,-41.2087,0.0],[173.9532,-41.2103,12.7281],[173.9554,-41.2127,32.8165],[173.9543,-41.2156,6.6385],[173.95,-41.2133,0.0],[173.9457,-41.2166,24.6548],[173.9367,-41.219,4.1137],[173.9469,-41.211,3.9462],[173.9468,-41.2047,27.1269],[173.9487,-41.2015,5.6567],[173.9466,-41.2003,20.6412],[173.9366,-41.2071,36.1512],[173.9262,-41.2103,27.7247],[173.9085,-41.2076,0.0],[173.898,-41.2106,2.0833],[173.894,-41.213,14.0085],[173.8943,-41.2171,3.3913],[173.8927,-41.2182,41.1845],[173.879,-41.2211,1.9823],[173.8657,-41.221,2.8404],[173.862,-41.2193,3.1558],[173.8596,-41.2231,0.0],[173.8597,-41.2267,0.0],[173.8678,-41.2241,43.1771],[173.8713,-41.2258,18.5011],[173.877,-41.2255,26.8745],[173.8813,-41.2294,31.6121],[173.8888,-41.2247,4.6978],[173.8915,-41.2255,0.0],[173.8926,-41.2234,11.0667],[173.9007,-41.2259,29.7424],[173.9164,-41.2229,45.3302],[173.9259,-41.223,2.8819],[173.9271,-41.2244,2.8819],[173.9202,-41.2277,0.0],[173.9191,-41.2299,24.1216],[173.9135,-41.2293,0.0],[173.9105,-41.2314,40.0734],[173.9071,-41.2307,2.8896],[173.8986,-41.234,0.0],[173.8952,-41.236,6.5856],[173.8953,-41.2389,11.2369],[173.8885,-41.2424,0.0],[173.8833,-41.248,18.6829],[173.8732,-41.2493,11.3679],[173.8717,-41.2549,5.7131],[173.8685,-41.2566,47.5117],[173.8644,-41.2567,5.2393],[173.8638,-41.2536,0.0],[173.8599,-41.259,19.0101],[173.8542,-41.2594,0.0],[173.8537,-41.2614,111.9443],[173.8509,-41.2615,12.3571],[173.8435,-41.2551,24.1116],[173.8378,-41.2591,11.0389],[173.8193,-41.2611,0.0],[173.8165,-41.2638,10.3847],[173.8103,-41.2648,0.0],[173.8073,-41.2693,4.8207],[173.8114,-41.2772,20.8472],[173.827,-41.2857,34.8854],[173.8331,-41.2852,0.0],[173.8335,-41.2834,4.7314],[173.8449,-41.2822,7.9362],[173.8479,-41.2804,23.5481],[173.8512,-41.2822,9.5471],[173.8511,-41.2797,27.3206],[173.8548,-41.2783,3.6004],[173.8554,-41.2826,3.755],[173.8539,-41.2811,3.1022],[173.8515,-41.2851,2.95],[173.8479,-41.2852,2.0196],[173.8468,-41.2899,16.7728],[173.8345,-41.2929,0.9223],[173.822,-41.2927,0.8601],[173.8138,-41.2881,14.1046],[173.8068,-41.2872,7.8364],[173.8024,-41.2837,0.0],[173.797,-41.2752,3.5684],[173.795,-41.2747,22.1024],[173.7944,-41.2714,0.0],[173.7823,-41.2636,18.0964],[173.777,-41.2631,34.3755],[173.7725,-41.2662,0.0],[173.7794,-41.2679,48.739],[173.7829,-41.2723,0.0],[173.7796,-41.2826,32.8112],[173.774,-41.2867,0.5155],[173.7711,-41.2868,8.5496],[173.7678,-41.2844,3.7207],[173.7685,-41.2829,12.604],[173.7701,-41.2832,1.8622],[173.7701,-41.2764,0.0],[173.7689,-41.2762,4.5675],[173.7702,-41.274,0.0],[173.763,-41.2751,15.4981],[173.7464,-41.2719,6.4872],[173.7405,-41.2693,2.2132],[173.7412,-41.2678,1.2527],[173.7383,-41.2677,2.0232],[173.7397,-41.2666,2.0021],[173.7357,-41.2652,1.2809],[173.7363,-41.2668,2.0232],[173.7341,-41.2662,1.9613],[173.7348,-41.264,1.578],[173.7397,-41.2615,0.8507],[173.7446,-41.2611,58.6056],[173.7504,-41.2634,4.3349],[173.7561,-41.2592,18.3443],[173.7623,-41.2615,0.0],[173.7688,-41.258,0.0],[173.7694,-41.255,3.2093],[173.7715,-41.2553,2.1835],[173.7725,-41.2532,5.009],[173.7754,-41.2544,31.65],[173.7807,-41.2533,7.1547],[173.7825,-41.2563,0.0],[173.7889,-41.255,7.9596],[173.7967,-41.2589,17.9628],[173.8046,-41.2546,0.0],[173.8019,-41.2504,57.7659],[173.8017,-41.2452,73.5118],[173.8,-41.2425,30.074],[173.7943,-41.239,0.0],[173.7894,-41.2386,5.7701],[173.7867,-41.2349,4.58],[173.7906,-41.2364,0.6454],[173.7939,-41.2351,5.1625],[173.7957,-41.2369,0.0],[173.7982,-41.2362,14.195],[173.8007,-41.2391,2.6773],[173.805,-41.2404,10.2408],[173.8095,-41.2454,1.1652],[173.8133,-41.246,20.2181],[173.8138,-41.248,0.0],[173.822,-41.2502,6.3202],[173.8412,-41.2447,0.0],[173.8505,-41.24,7.4945],[173.8474,-41.2319,11.2838],[173.8489,-41.2298,2.7643],[173.8476,-41.2281,1.7971],[173.8477,-41.2224,0.0],[173.8405,-41.2182,18.2187],[173.8421,-41.2166,3.3813],[173.8508,-41.2159,16.3008],[173.853,-41.2112,16.0089],[173.8496,-41.2079,20.0567],[173.8563,-41.2067,0.0],[173.8597,-41.2038,10.0188],[173.859,-41.2021,12.6954],[173.8639,-41.1963,0.0],[173.8655,-41.1899,8.8704],[173.8628,-41.1818,26.2969],[173.8649,-41.176,0.0],[173.8607,-41.1702,13.5396],[173.8564,-41.1683,23.4352],[173.8453,-41.1691,0.0],[173.8402,-41.1721,11.7579],[173.8299,-41.1739,21.2738],[173.8289,-41.1728,1.9254],[173.8318,-41.169,19.051],[173.8364,-41.1675,43.114],[173.8386,-41.1646,2.2145],[173.8422,-41.165,2.2592],[173.8489,-41.1615,4.6965],[173.8509,-41.1583,18.1715],[173.849,-41.1528,4.936],[173.8477,-41.1519,4.936],[173.8437,-41.1546,61.6303],[173.8223,-41.1618,27.2572],[173.817,-41.1599,18.6503],[173.8126,-41.1622,33.615],[173.8098,-41.1614,33.8844],[173.7967,-41.1636,24.119],[173.7914,-41.1666,0.0],[173.7938,-41.1689,0.0],[173.7908,-41.1705,14.0578],[173.79,-41.1695,0.0],[173.7872,-41.1742,1.2137],[173.7879,-41.176,23.2156],[173.785,-41.1765,6.8502],[173.7816,-41.1745,1.9696],[173.7811,-41.1723,3.0255],[173.7769,-41.174,5.2577],[173.774,-41.1704,9.9903],[173.7775,-41.1686,0.0],[173.7767,-41.1667,5.2536],[173.7814,-41.1621,29.9939],[173.7791,-41.1597,27.6308],[173.7782,-41.1554,9.6318],[173.7852,-41.1571,1.2133],[173.7836,-41.1541,6.4272],[173.7785,-41.1543,5.3095],[173.7776,-41.1528,31.2304],[173.7814,-41.1523,23.8386],[173.7842,-41.146,21.652],[173.7878,-41.1512,51.3103],[173.7941,-41.155,0.0],[173.8013,-41.1525,39.1752],[173.8036,-41.1487,15.3655],[173.8073,-41.1534,3.1262],[173.8179,-41.1529,31.592],[173.8198,-41.1434,0.0],[173.8179,-41.1412,21.5353],[173.8248,-41.1395,51.6838],[173.8282,-41.1413,0.0],[173.8278,-41.1477,6.853],[173.8307,-41.1449,10.7201],[173.8375,-41.1445,0.0],[173.8379,-41.1421,0.0],[173.8308,-41.139,21.9875],[173.8313,-41.1356,3.0425],[173.8447,-41.1318,15.2579],[173.8526,-41.1335,6.2519],[173.8562,-41.1226,0.0],[173.8557,-41.1198,0.0],[173.8465,-41.1175,5.2086],[173.8442,-41.1137,18.3752],[173.8554,-41.1141,21.261],[173.8612,-41.11,7.681],[173.8666,-41.1128,46.1663],[173.8681,-41.1158,3.0725],[173.8744,-41.1153,50.3624],[173.8774,-41.1232,0.0],[173.8784,-41.1208,38.2664],[173.8835,-41.1212,10.1772],[173.8852,-41.1174,2.0684],[173.8834,-41.1155,13.0034],[173.8853,-41.1142,7.5627],[173.8849,-41.1099,5.0023],[173.8879,-41.109,27.2098],[173.8868,-41.1066,18.9418],[173.8882,-41.1055,34.3726],[173.8858,-41.1031,34.0224],[173.8885,-41.1004,11.9055],[173.8776,-41.0977,0.0],[173.8577,-41.0979,1.4685],[173.8585,-41.096,32.1126],[173.8629,-41.0946,10.6017],[173.8636,-41.0898,51.0962],[173.8692,-41.0906,11.8037],[173.8673,-41.0816,14.8961],[173.8691,-41.0789,10.4666],[173.8804,-41.086,3.813],[173.8822,-41.0839,15.2266],[173.8776,-41.0784,29.3997],[173.8793,-41.0758,19.7361],[173.8853,-41.0744,25.5096],[173.8959,-41.0814,0.0],[173.8965,-41.0862,0.0],[173.9026,-41.0879,15.1577],[173.9016,-41.0914,0.0],[173.9064,-41.0912,17.7537],[173.9075,-41.0905,0.0],[173.9034,-41.0881,27.4443],[173.9019,-41.084,19.9117],[173.903,-41.0817,0.0],[173.9085,-41.0815,0.0],[173.9112,-41.0784,0.0],[173.905,-41.0728,32.0034],[173.9054,-41.07,2.8154],[173.9081,-41.0684,11.0835],[173.9154,-41.0698,0.0],[173.9157,-41.0663,0.0],[173.9206,-41.063,0.0],[173.9316,-41.0673,24.2383],[173.9389,-41.0658,35.9998],[173.9459,-41.0665,3.1752],[173.9508,-41.0618,0.0],[173.948,-41.0611,0.0],[173.9409,-41.0649,23.8215],[173.9343,-41.0627,0.0],[173.9247,-41.0623,26.0252],[173.9191,-41.0594,16.5746],[173.9187,-41.0575,0.0],[173.9157,-41.0576,0.0],[173.9126,-41.055,26.1583],[173.9042,-41.0581,46.0484],[173.8998,-41.057,15.125],[173.896,-41.0581,45.588],[173.893,-41.0546,6.5483],[173.8911,-41.0595,25.1705],[173.8826,-41.0618,24.4921],[173.8736,-41.0591,2.2459],[173.8721,-41.058,2.2459],[173.8721,-41.0549,0.0],[173.867,-41.0533,30.1393],[173.8607,-41.056399999999996,11.5724],[173.8598,-41.0628,44.6425],[173.858,-41.0634,14.9967],[173.8518,-41.0609,1.9482],[173.8475,-41.0544,0.0],[173.8431,-41.0532,13.9931],[173.8352,-41.0555,13.4451],[173.832,-41.0526,0.0],[173.8212,-41.058,66.921],[173.8177,-41.0625,0.0],[173.8173,-41.0647,0.0],[173.8231,-41.067,29.3385],[173.8242,-41.0709,1.1338],[173.8233,-41.0723,10.0195],[173.8183,-41.0726,40.0877],[173.8143,-41.0704,0.0],[173.8149,-41.0788,52.9144],[173.8066,-41.0866,39.0835],[173.8066,-41.09,3.3763],[173.8096,-41.0906,10.7072],[173.8084,-41.0924,19.3045],[173.8013,-41.0943,6.2545],[173.7929,-41.0928,41.047],[173.7974,-41.0833,17.1385],[173.7947,-41.0832,50.7304],[173.7869,-41.0912,6.6004],[173.783,-41.0926,0.0],[173.7794,-41.0989,0.0],[173.7813,-41.1006,17.2634],[173.7846,-41.0972,31.95],[173.7882,-41.1011,38.1885],[173.7907,-41.1016,7.7077],[173.7907,-41.1032,33.5756],[173.7859,-41.1039,18.529],[173.7889,-41.1065,16.1435],[173.786,-41.1113,63.9842],[173.7813,-41.1144,12.2663],[173.7796,-41.1127,0.0],[173.7798,-41.1064,0.0],[173.7772,-41.1049,33.1266],[173.7723,-41.1053,21.2855],[173.7662,-41.1106,0.0],[173.763,-41.1186,2.7521],[173.7598,-41.1186,3.1128],[173.7607,-41.1141,2.984],[173.7546,-41.1153,4.4135],[173.754,-41.113,1.8949],[173.7555,-41.1113,3.1146],[173.761,-41.1105,0.0],[173.7613,-41.1028,27.1563],[173.772,-41.1004,4.2493],[173.7715,-41.0962,15.587],[173.7729,-41.094,12.5768],[173.7654,-41.0929,0.0],[173.7559,-41.1019,16.8423],[173.753,-41.1032,52.4048],[173.7505,-41.1014,5.8193],[173.7531,-41.1006,1.4323],[173.7524,-41.0983,7.8525],[173.761,-41.0907,5.315],[173.7673,-41.0886,0.0],[173.7656,-41.0876,10.7124],[173.7667,-41.0857,41.9087],[173.7697,-41.0852,14.524],[173.7743,-41.0874,9.1657],[173.7799,-41.0851,3.4251],[173.778,-41.0825,16.2432],[173.7822,-41.0802,5.9909],[173.7808,-41.0774,41.8397],[173.7815,-41.0735,46.8215],[173.7794,-41.0716,42.4523],[173.7746,-41.0708,27.09],[173.7759,-41.0694,26.9658],[173.7788,-41.0696,0.0],[173.779,-41.0669,10.646],[173.7828,-41.0664,5.5218],[173.786,-41.0618,0.0],[173.7867,-41.057,0.0],[173.7853,-41.0558,0.0],[173.7775,-41.0563,45.4606],[173.7773,-41.0546,6.302],[173.775,-41.0538,0.0],[173.7702,-41.0562,0.3275],[173.7679,-41.0528,11.7143],[173.7755,-41.0487,22.6907],[173.7819,-41.0488,0.0],[173.7773,-41.0471,35.4015],[173.7766,-41.0453,6.8363],[173.7785,-41.0439,24.2033],[173.7835,-41.0443,37.3988],[173.7847,-41.0426,0.0],[173.7837,-41.0404,21.1762],[173.7913,-41.043,4.7495],[173.7907,-41.0454,3.1776],[173.7948,-41.0447,0.0],[173.7932,-41.0408,77.5718],[173.7978,-41.0352,34.5157],[173.8072,-41.0354,10.641],[173.8108,-41.0323,0.0],[173.8073,-41.0267,24.4712],[173.8024,-41.0306,68.4157],[173.7922,-41.0314,18.7177],[173.7902,-41.0273,28.2021],[173.7963,-41.0255,5.7622],[173.7985,-41.0227,0.0],[173.7852,-41.0262,2.9689],[173.783,-41.0254,48.5901],[173.7859,-41.021,0.0],[173.7821,-41.0212,0.0],[173.7764,-41.024,12.7182],[173.7705,-41.0238,7.4809],[173.773,-41.0193,27.7261],[173.7775,-41.0187,0.0],[173.7793,-41.0158,44.2989],[173.7867,-41.0142,6.4884],[173.7881,-41.0121,0.0],[173.7814,-41.0101,29.7726],[173.7839,-41.0065,5.8904],[173.7932,-41.0062,21.5041],[173.7934,-41.0079,0.0],[173.8005,-41.01,17.1199],[173.8007,-41.0119,0.0],[173.8036,-41.0138,3.4357],[173.8026,-41.0083,0.0],[173.8064,-41.0069,0.0],[173.8058,-41.005,51.7387],[173.8085,-41.0043,0.0],[173.8088,-41.0014,13.5387],[173.8123,-41.0024,11.5004],[173.816,-40.9961,25.7298],[173.8154,-40.9927,21.5584],[173.8223,-40.9943,3.3245],[173.8227,-40.9936,3.3245],[173.8216,-40.9924,11.3611],[173.822,-40.9911,43.7684],[173.8277,-40.9885,10.3518],[173.8288,-40.9931,0.0],[173.8345,-40.9916,12.7537],[173.8359,-40.9925,2.7645],[173.8313,-40.9989,19.3252],[173.8263,-41.0018,0.0],[173.8274,-41.0055,10.2869],[173.8241,-41.0069,3.0158],[173.8248,-41.0103,39.4874],[173.8191,-41.0112,3.5442],[173.8134,-41.018,0.0],[173.8185,-41.02,0.0],[173.8232,-41.0175,19.1583],[173.8252,-41.0191,5.3934],[173.8327,-41.0157,10.1008],[173.8383,-41.017,6.4112],[173.8384,-41.0192,0.0],[173.84,-41.0174,20.8706],[173.8453,-41.0201,0.0],[173.8485,-41.0196,9.3399],[173.8495,-41.0222,10.4891],[173.8572,-41.0193,18.0988],[173.8611,-41.0193,39.0853],[173.8628,-41.021,12.0029],[173.8657,-41.0165,3.9697],[173.8717,-41.0167,0.0],[173.8708,-41.0131,12.9734],[173.8782,-41.0077,6.9351],[173.8756,-41.0056,16.3999],[173.875,-41.0032,9.4594],[173.8766,-41.0023,12.2394],[173.8866,-41.0051,26.9198],[173.8873,-41.0071,3.6418],[173.8899,-41.008,0.0],[173.8948,-40.9992,19.8854],[173.8982,-40.9976,63.1502],[173.9026,-40.9993,26.0592],[173.9109,-40.9937,21.2699],[173.9164,-40.9941,67.2237],[173.9189,-40.996,13.0217],[173.92,-40.9911,30.9966],[173.9296,-40.9831,23.505],[173.9223,-40.9785,17.3581],[173.9185,-40.9788,11.1345],[173.9183,-40.9807,29.9053],[173.9106,-40.984,4.1466],[173.9096,-40.9874,42.535],[173.9026,-40.9882,28.3482],[173.8993,-40.9866,0.6364],[173.9009,-40.9825,20.3683],[173.8985,-40.9773,63.143],[173.9014,-40.975,0.0],[173.9054,-40.9752,2.27],[173.906,-40.9727,43.9383],[173.9087,-40.9709,3.5196],[173.906,-40.9687,32.3315],[173.9065,-40.9654,47.0086],[173.9178,-40.9649,19.654],[173.9212,-40.9666,0.0],[173.923,-40.9627,50.4039],[173.9261,-40.9613,13.7773],[173.9284,-40.9625,6.8495],[173.9368,-40.9614,3.3381],[173.9389,-40.963,0.0],[173.946,-40.9636,15.985],[173.9437,-40.9669,12.1146],[173.9463,-40.9694,68.3206],[173.9468,-40.9727,2.1092],[173.9556,-40.9667,6.6319],[173.9563,-40.9648,52.1577],[173.9531,-40.9614,3.2619],[173.9535,-40.9599,9.4444],[173.9582,-40.9579,52.6312],[173.9573,-40.9528,4.0452],[173.9537,-40.9525,14.1838],[173.9494,-40.9472,23.2512],[173.9504,-40.9417,0.0],[173.9519,-40.9405,27.1109],[173.9549,-40.9418,1.7101],[173.96,-40.9379,64.9576],[173.9659,-40.9365,0.0],[173.9684,-40.9412,0.0],[173.9677,-40.9448,0.0],[173.97,-40.9472,3.5297],[173.9718,-40.9418,0.0],[173.9754,-40.9377,0.0],[173.9719,-40.9369,23.6997],[173.9718,-40.9264,9.4676],[173.9739,-40.924,0.0],[173.9691,-40.9237,10.3884],[173.965,-40.9283,36.8112],[173.9619,-40.929,9.7165],[173.9606,-40.9281,9.7165],[173.9619,-40.9236,6.8285],[173.9568,-40.9229,60.9273],[173.9627,-40.9205,0.0],[173.971,-40.9127,20.8646],[173.976,-40.9123,35.3383],[173.9786,-40.9141,1.1742],[173.9822,-40.9115,0.0],[173.9821,-40.9076,28.8976],[173.9856,-40.9096,0.0],[173.9885,-40.9092,47.501],[173.9903,-40.9115,32.5127],[173.9908,-40.9172,0.0],[173.9868,-40.9207,4.2487],[173.988,-40.9251,0.0],[173.9924,-40.9235,6.1163],[173.9952,-40.9302,0.0],[173.9983,-40.9307,75.565],[174.0001,-40.933,24.9681],[173.9973,-40.9472,0.0],[173.9988,-40.9459,0.0],[173.9999,-40.9412,32.6312],[174.0037,-40.9402,19.29],[174.0058,-40.9377,65.5504],[174.0138,-40.9371,3.3301],[174.0116,-40.9331,137.1805],[174.0119,-40.929,107.8678],[174.0184,-40.9251,2.2428],[174.0138,-40.9232,48.6515],[174.0134,-40.9185,14.6263],[174.0231,-40.9106,1.6117],[174.0166,-40.9102,40.0655],[174.0123,-40.9072,2.6106],[174.0071,-40.9109,8.737],[173.9952,-40.911,41.7001],[173.9908,-40.9071,19.861],[173.9794,-40.9049,29.2993],[173.9747,-40.9009,62.0038],[173.9788,-40.8925,16.7039],[173.9792,-40.8884,0.0],[173.9733,-40.8926,21.1713],[173.9693,-40.8982,104.0602],[173.9621,-40.8971,8.9578],[173.9603,-40.9018,8.0496],[173.9539,-40.9041,4.9179],[173.9549,-40.9055,44.3904],[173.9536,-40.9079,4.7734],[173.9484,-40.9094,0.0],[173.9426,-40.9178,51.7542],[173.9388,-40.92,47.2044],[173.9338,-40.9197,0.0],[173.934,-40.9234,105.3188],[173.9312,-40.9256,8.1764],[173.9225,-40.9219,18.6907],[173.9159,-40.9235,53.1453],[173.9141,-40.9275,5.9324],[173.9074,-40.9267,30.072],[173.9068,-40.9291,0.0],[173.9101,-40.9332,23.2473],[173.9093,-40.9358,39.0606],[173.9116,-40.9368,47.6108],[173.9113,-40.9382,3.1878],[173.918,-40.9395,91.6852],[173.9169,-40.9432,26.0821],[173.9115,-40.9446,59.5587],[173.9094,-40.948,39.2458],[173.9047,-40.949,0.0],[173.9054,-40.9517,20.772],[173.9023,-40.9524,0.0],[173.9032,-40.9546,49.8946],[173.8983,-40.9598,29.825],[173.8891,-40.9598,34.022],[173.8843,-40.9561,0.0],[173.8829,-40.9577,16.9207],[173.8852,-40.9634,32.9841],[173.8744,-40.9657,5.7192],[173.8736,-40.968,0.0],[173.8765,-40.9715,36.7839],[173.8683,-40.9759,6.7458],[173.8676,-40.9797,0.0],[173.8701,-40.9817,27.9173],[173.8628,-40.9851,5.2321],[173.8608,-40.9877,2.2393],[173.8519,-40.9901,45.0511],[173.8442,-40.989,28.8068],[173.8452,-40.9854,43.2427],[173.8369,-40.9842,23.4975],[173.8319,-40.9811,15.0],[173.8367,-40.9727,87.7554],[173.8411,-40.9709,21.5656],[173.8391,-40.9646,10.5843],[173.8338,-40.9606,14.4826],[173.8399,-40.9553,18.9261],[173.8447,-40.9572,15.7568],[173.8455,-40.9538,0.0],[173.8429,-40.9521,46.1141],[173.8438,-40.9492,16.7701],[173.8456,-40.9488,0.0],[173.8439,-40.9432,19.913],[173.8509,-40.9343,5.1154],[173.8508,-40.9323,29.3083],[173.8555,-40.9293,0.0],[173.8497,-40.9269,12.5001],[173.8445,-40.9275,3.6645],[173.8423,-40.9251,21.6202],[173.844,-40.923,3.8214],[173.8394,-40.9247,66.991],[173.8351,-40.9243,5.5634],[173.8338,-40.9269,4.9696],[173.8356,-40.9272,21.5223],[173.8387,-40.9311,52.2558],[173.8392,-40.9358,48.6207],[173.8337,-40.9376,3.0438],[173.8346,-40.9406,6.3356],[173.8311,-40.9424,35.3677],[173.83,-40.9461,26.7559],[173.8172,-40.9496,13.8515],[173.8124,-40.954,8.331],[173.8077,-40.9525,0.0],[173.806,-40.9535,0.64],[173.8081,-40.9554,0.0],[173.8075,-40.9584,1.3846],[173.8117,-40.9609,41.0438],[173.8085,-40.9638,10.7058],[173.8107,-40.9652,45.1498],[173.8096,-40.9678,0.0],[173.8057,-40.9695,0.0],[173.8055,-40.9716,5.7857],[173.8002,-40.9713,50.4706],[173.7998,-40.969,8.5198],[173.7961,-40.9675,1.0893],[173.7938,-40.9626,0.0],[173.7903,-40.965,33.4791],[173.7886,-40.9644,0.0],[173.7886,-40.9652,15.8127],[173.7897,-40.9653,15.8127],[173.7857,-40.9681,102.3267],[173.784,-40.9709,54.0045],[173.7934,-40.9739,8.8374],[173.7929,-40.9763,0.0],[173.7986,-40.9827,89.1133],[173.7977,-40.9843,2.0973],[173.7943,-40.9851,21.1564],[173.7876,-40.9825,0.3788],[173.7818,-40.9888,15.5583],[173.7773,-40.9902,25.7863],[173.7772,-40.9883,5.6826],[173.7696,-40.9808,16.5507],[173.7708,-40.9798,16.5507],[173.7693,-40.9781,3.2573],[173.7703,-40.977,7.081],[173.767,-40.9735,13.7846],[173.7618,-40.9766,26.6789],[173.7587,-40.9858,9.2096],[173.7545,-40.9853,0.0],[173.7576,-40.9886,11.8071],[173.7571,-40.9898,0.0],[173.7588,-40.9891,11.8071],[173.7586,-40.9905,0.0],[173.7573,-40.9927,2.2661],[173.7516,-40.9918,30.2359],[173.7502,-40.9944,22.957],[173.7518,-41.0003,33.1716],[173.7504,-41.003,57.7823],[173.7482,-41.003,0.0],[173.7478,-41.0053,29.1096],[173.7457,-41.0059,16.3618],[173.7419,-41.0038,22.8428],[173.7404,-41.0001,18.3208],[173.7373,-41.0005,23.3229],[173.7345,-40.9982,4.5136],[173.7339,-40.9993,4.0076],[173.7359,-41.001,8.1853],[173.7328,-41.0039,18.08],[173.7337,-41.0046,79.4927],[173.732,-41.0072,0.0],[173.7337,-41.0096,54.0834],[173.7277,-41.0106,3.6249],[173.7261,-41.0131,54.6059],[173.7186,-41.0123,55.5325],[173.7186,-41.0105,45.8853],[173.7204,-41.0099,1.6522],[173.7185,-41.0087,15.8672],[173.7199,-41.0073,3.6845],[173.7188,-41.0046,12.6706],[173.7147,-41.0081,72.6697],[173.7093,-41.0083,21.3128],[173.6883,-41.0248,63.6421],[173.6734,-41.0342,12.0913],[173.672,-41.0363,6.6576],[173.675,-41.0373,36.7629],[173.6757,-41.0431,0.5563],[173.6812,-41.0451,2.3277],[173.683,-41.0484,11.9794],[173.6875,-41.0492,3.0262],[173.6898,-41.0563,0.0],[173.6962,-41.0542,54.3244],[173.7006,-41.0551,0.8552],[173.7153,-41.0468,2.2412],[173.7191,-41.0376,16.6152],[173.7206,-41.0381,2.3946],[173.7233,-41.0452,0.0],[173.7274,-41.0478,38.5192],[173.7309,-41.0437,15.9319],[173.7309,-41.0416,39.3101],[173.7435,-41.0352,2.5169],[173.7446,-41.0331,0.0],[173.7514,-41.0334,5.6168],[173.7531,-41.0353,15.6688],[173.7467,-41.0419,32.8723],[173.7399,-41.0442,0.0],[173.7389,-41.0459,4.5886],[173.7409,-41.0481,0.0],[173.7458,-41.0462,51.4911],[173.7506,-41.0484,4.4888],[173.7614,-41.043,4.8283],[173.7627,-41.0459,1.0836],[173.7524,-41.0547,56.7827],[173.7465,-41.0545,0.0],[173.7453,-41.0563,59.1646],[173.7424,-41.0557,0.0],[173.74,-41.057,47.4758],[173.737,-41.0552,17.4097],[173.7328,-41.0589,59.8399],[173.7235,-41.0587,0.0],[173.7206,-41.062,1.9946],[173.7206,-41.065,0.0],[173.7237,-41.0667,0.0],[173.7229,-41.0677,0.0],[173.7126,-41.0677,9.6044],[173.7116,-41.0664,9.6044],[173.7088,-41.0685,2.5792],[173.7101,-41.0694,40.5102],[173.7075,-41.0721,3.7685],[173.7032,-41.071,0.0],[173.6994,-41.072,11.7464],[173.6978,-41.0701,3.7077],[173.69,-41.0751,22.6626],[173.6853,-41.0739,7.6113],[173.6798,-41.077,38.9593],[173.6707,-41.0761,0.0],[173.6633,-41.0783,28.9112],[173.6608,-41.0889,4.0961],[173.6671,-41.096,20.883],[173.6714,-41.094,23.1286],[173.6735,-41.0946,3.2258],[173.6732,-41.0986,24.9913],[173.6748,-41.1001,13.0711],[173.6733,-41.1038,5.6754],[173.6667,-41.1072,11.5745],[173.6677,-41.1096,54.5908],[173.665,-41.1109,14.1798],[173.6592,-41.1115,5.4772],[173.6517,-41.109,13.9988],[173.6596,-41.1007,25.2599],[173.6587,-41.0984,4.979],[173.6494,-41.0946,78.5739],[173.6495,-41.0902,26.0383],[173.6469,-41.0888,1.8904],[173.6411,-41.0919,3.1097],[173.6392,-41.0974,12.4459],[173.6326,-41.0965,30.2079],[173.627,-41.0916,6.2087],[173.6249,-41.0922,0.0],[173.6239,-41.0933,0.0],[173.6266,-41.0935,10.4429],[173.6285,-41.0966,19.9333],[173.6252,-41.0978,1.9483],[173.6205,-41.1045,8.7843],[173.6202,-41.1003,0.0],[173.616,-41.1037,5.5549],[173.6146,-41.101,11.6443],[173.6153,-41.0976,8.3155],[173.6207,-41.0901,4.1115],[173.6212,-41.0872,34.6334],[173.6227,-41.0878,34.6334],[173.6267,-41.0839,16.0011],[173.6274,-41.086,21.5315],[173.6242,-41.0892,0.2339],[173.6252,-41.0917,6.2087],[173.6278,-41.0859,21.5315],[173.6312,-41.085,10.9828],[173.6366,-41.0789,1.2417],[173.6319,-41.0729,9.2728],[173.6324,-41.0709,0.0],[173.6297,-41.07,4.0273],[173.6272,-41.0698,4.9098],[173.6218,-41.0746,32.3594],[173.6159,-41.0723,2.836],[173.6137,-41.066,0.7986],[173.6053,-41.0637,13.8291],[173.6041,-41.0581,40.7916],[173.5992,-41.0531,61.3109],[173.5939,-41.0511,0.0],[173.597,-41.0581,264.8037],[173.5961,-41.0633,291.1811],[173.5988,-41.0697,354.8416],[173.5979,-41.0726,373.8415],[173.5919,-41.0784,443.6155],[173.5939,-41.0803,407.4954],[173.5966,-41.0891,552.4133],[173.5882,-41.1001,671.9057],[173.5873,-41.1039,628.7729],[173.59,-41.1085,487.242],[173.5834,-41.118899999999996,462.1764],[173.5799,-41.1208,548.4719],[173.5791,-41.1241,646.8396],[173.5808,-41.1313,705.5051],[173.5786,-41.1359,847.4446],[173.5818,-41.1466,625.6537],[173.5782,-41.1517,624.7159],[173.5813,-41.1553,471.7603],[173.5793,-41.1593,453.7651],[173.5809,-41.164,373.609],[173.5763,-41.1714,302.0265],[173.5744,-41.1837,488.1211],[173.5691,-41.187,467.7338],[173.5674,-41.19,440.2109],[173.5625,-41.191,361.7133],[173.5582,-41.1898,328.0206],[173.557,-41.1917,226.5136],[173.5439,-41.1898,441.2821],[173.5343,-41.1959,537.7856],[173.5223,-41.1983,793.2972],[173.5201,-41.2,878.2654],[173.522,-41.2066,777.1011],[173.5204,-41.2066,777.1011],[173.5192,-41.2105,756.298],[173.5158,-41.2139,798.0521],[173.4877,-41.2216,998.8771],[173.4834,-41.2259,908.1134],[173.4762,-41.2289,902.2512],[173.4727,-41.2341,949.7181],[173.4712,-41.2427,791.3278],[173.4605,-41.2502,894.5439],[173.4557,-41.2561,973.3139],[173.4417,-41.2643,1021.0299],[173.4402,-41.2694,1055.9531],[173.437,-41.2729,1108.1599],[173.4155,-41.2888,1155.6543],[173.421,-41.2998,826.7966],[173.4191,-41.3052,750.6049],[173.4208,-41.3084,839.6708],[173.4166,-41.3134,816.915],[173.4175,-41.3175,820.9624],[173.4148,-41.3231,989.2506],[173.4068,-41.331,939.4068],[173.376,-41.3423,1115.4922],[173.3607,-41.3532,874.0746],[173.3572,-41.3609,861.338],[173.3405,-41.3784,876.2897],[173.3375,-41.3855,924.4626],[173.3216,-41.387,964.7303],[173.3045,-41.3934,913.7952],[173.2976,-41.3931,901.5141],[173.285,-41.4027,808.2852],[173.2896,-41.4142,782.9987],[173.2889,-41.4172,835.678],[173.2948,-41.4256,1257.1458],[173.2835,-41.4335,1246.6488],[173.2819,-41.4371,1220.1652],[173.2764,-41.4395,1181.4775],[173.2735,-41.4489,1404.1792],[173.2627,-41.4521,1382.9053],[173.2602,-41.4545,1362.6953],[173.2606,-41.4579,1282.1934],[173.2537,-41.4627,1426.1382],[173.2508,-41.4666,1503.0186],[173.2563,-41.469,1394.553],[173.2626,-41.4764,1200.6697],[173.2684,-41.4798,1271.4562],[173.2734,-41.4848,1488.2102],[173.2747,-41.4888,1501.0988],[173.2888,-41.4933,1451.2329],[173.3041,-41.506,1387.9773],[173.304,-41.5086,1391.5651],[173.2986,-41.5157,1464.1133],[173.2871,-41.5183,1431.7491],[173.2795,-41.5165,1335.3285],[173.2642,-41.5219,1312.786],[173.2553,-41.5212,1567.8575],[173.2493,-41.5245,1495.9321],[173.2378,-41.5228,1679.0093],[173.2337,-41.5196,1634.4565],[173.2301,-41.5206,1636.9814],[173.2156,-41.5182,1236.771],[173.2036,-41.5203,1307.0555],[173.1964,-41.5261,1441.0891],[173.1863,-41.5288,1326.5469],[173.1784,-41.5273,1329.0773],[173.1724,-41.5241,1377.9597],[173.1687,-41.5312,1280.9202],[173.1746,-41.5423,1156.4105],[173.1697,-41.548,1087.9025],[173.1656,-41.5497,1093.9354],[173.1594,-41.5649,1138.9452],[173.1552,-41.5682,1117.7898],[173.1535,-41.5732,1159.1177],[173.1545,-41.5791,1222.9987],[173.1515,-41.5856,1194.6825],[173.1396,-41.5901,1049.4559],[173.1322,-41.5896,869.303],[173.1291,-41.592,854.2209],[173.1257,-41.6033,875.3525],[173.1216,-41.608,827.1172],[173.1035,-41.6103,1021.855],[173.0988,-41.6177,1119.3274],[173.0893,-41.6242,1338.3995],[173.0756,-41.6253,1561.9233],[173.0672,-41.6236,1580.7197],[173.0587,-41.6257,1655.8997],[173.0581,-41.6318,1669.6404],[173.0536,-41.6377,1727.089],[173.0537,-41.6431,1675.1262],[173.0553,-41.646,1697.6465],[173.054,-41.6519,1665.1445],[173.0582,-41.6604,1610.5626],[173.0574,-41.6685,1590.1573],[173.0038,-41.7248,1082.6237],[172.964,-41.7443,1108.9574],[172.9579,-41.7495,1042.4187],[172.9498,-41.7502,1103.2355],[172.9424,-41.7488,1156.9989],[172.9306,-41.7438,1324.3132],[172.926,-41.7484,1278.8461],[172.9262,-41.7577,1140.7126],[172.933,-41.7619,876.2645],[172.9331,-41.7692,714.3545],[172.9363,-41.7712,680.6984],[172.9358,-41.7701,691.0386],[172.9444,-41.7661,667.7341],[172.9445,-41.7694,618.3651],[172.9392,-41.7726,669.5322],[172.9415,-41.7723,662.9005],[172.9457,-41.7809,678.1649],[172.93,-41.7874,1100.1226],[172.9263,-41.7939,1186.3621],[172.9173,-41.7983,1295.5858],[172.9078,-41.8087,1509.1733],[172.8968,-41.8162,1654.1016],[172.8909,-41.8183,1580.4049],[172.8725,-41.844,1682.0078],[172.8726,-41.8503,1731.0198],[172.8681,-41.8552,1753.8453],[172.869,-41.8592,1690.6665],[172.8677,-41.8665,1712.3757],[172.8644,-41.8688,1738.4161],[172.8592,-41.8668,1746.0344],[172.8476,-41.8742,1678.1647],[172.8448,-41.8844,1802.3589],[172.8447,-41.8909,1804.6033],[172.8519,-41.8919,1846.6594],[172.8532,-41.8947,1763.6266],[172.86,-41.8976,1721.4008],[172.8646,-41.9078,1740.1477],[172.8611,-41.9225,1855.7729],[172.8528,-41.9275,1731.0569],[172.8465,-41.9432,1653.676],[172.8222,-41.9508,1662.1476],[172.8081,-41.9581,1761.4528],[172.8117,-41.9645,1695.1753],[172.8087,-41.9712,1826.9695],[172.8094,-41.975,1871.9399],[172.8039,-41.9814,1827.8914],[172.8021,-41.9861,1800.194],[172.7916,-41.9926,1950.8727],[172.787,-41.9917,1920.8832],[172.7788,-41.9983,1960.4465],[172.7782,-42.0023,1914.9443],[172.7814,-42.0044,1903.1006],[172.7833,-42.0089,1960.6526],[172.7731,-42.0225,2074.8506],[172.764,-42.0263,1820.9034],[172.7568,-42.0362,2079.0093],[172.7502,-42.0327,1958.8],[172.7462,-42.0337,1950.3474],[172.7391,-42.032,2003.2477],[172.733,-42.0345,1964.5818],[172.734,-42.0405,2032.6195],[172.7315,-42.0535,1946.9556],[172.7353,-42.0579,1963.4971],[172.732,-42.064,1876.2202],[172.7316,-42.0696,1989.7694],[172.7255,-42.0741,2209.3513],[172.726,-42.0782,2125.6978],[172.7235,-42.0822,2031.0758],[172.7274,-42.0945,2003.7008],[172.7221,-42.1016,2016.0725],[172.7187,-42.1113,2002.9388],[172.7187,-42.1151,1912.8544],[172.7249,-42.1223,1940.6378],[172.7226,-42.1275,1925.3722],[172.726,-42.1347,2088.4277],[172.7188,-42.1396,2097.552],[172.7189,-42.1491,2047.0121],[172.7215,-42.1585,1973.6431],[172.7301,-42.1658,1916.5577],[172.7435,-42.1678,1766.0609],[172.7496,-42.1724,1803.4836],[172.777,-42.1669,1636.6538],[172.7814,-42.1675,1643.9727],[172.7857,-42.1625,1581.4329],[172.7938,-42.1617,1627.1835],[172.7991,-42.1647,1440.2375],[172.7948,-42.1714,1393.7002],[172.7958,-42.1796,1448.3713],[172.8069,-42.1895,1644.5488],[172.8104,-42.1893,1583.6592],[172.8149,-42.1852,1554.1575],[172.821,-42.1827,1653.7537],[172.8321,-42.1845,1783.6157],[172.8344,-42.1901,1857.3304],[172.8324,-42.1927,1838.9808],[172.8314,-42.199,1986.9841],[172.8298,-42.2013,1985.9058],[172.8251,-42.2025,1913.1912],[172.8227,-42.2087,1746.5353],[172.8223,-42.2236,1727.8806],[172.8254,-42.2295,1739.3091],[172.8242,-42.2347,1799.5765],[172.8261,-42.2382,1764.42],[172.8252,-42.2415,1732.8345],[172.8266,-42.2482,1918.6669],[172.8535,-42.2528,1782.2546],[172.8635,-42.2562,1953.2563],[172.8609,-42.2572,1945.0709],[172.8615,-42.2659,1743.3275],[172.8592,-42.2699,1683.4161],[172.857,-42.2733,1613.8914],[172.8527,-42.2756,1588.5215],[172.8509,-42.2822,1635.3717],[172.8447,-42.2844,1593.0979],[172.8423,-42.2895,1619.0656],[172.8433,-42.2984,1652.041],[172.8469,-42.3079,1757.1082],[172.8553,-42.3103,1691.6641],[172.8695,-42.3177,1643.0088],[172.8736,-42.3139,1691.6284],[172.8894,-42.3099,1679.4316],[172.8959,-42.3146,1666.2855],[172.8993,-42.311,1662.3955],[172.9073,-42.3083,1533.8655],[172.915,-42.3093,1529.0878],[172.9173,-42.318,1420.4639],[172.922,-42.3258,1422.2117],[172.9182,-42.3296,1286.2385],[172.9196,-42.3458,1251.5078],[172.925,-42.3505,1449.7244],[172.9438,-42.3512,1041.7855],[172.9409,-42.3595,1387.6156],[172.9411,-42.3678,1337.8204],[172.9382,-42.373,1304.4122],[172.9414,-42.3778,1293.7471],[172.9745,-42.3953,694.5781],[172.9785,-42.3957,691.1245],[172.9881,-42.3916,690.5049],[173.0029,-42.3933,687.4196],[173.001,-42.3995,724.772],[172.9931,-42.4035,858.0649],[172.9897,-42.4138,1056.0841],[172.9847,-42.4194,1100.3395],[172.9865,-42.425,1418.8579],[172.9836,-42.433,1535.5442],[172.9764,-42.4335,1543.8149],[172.9747,-42.4371,1547.0613],[172.9758,-42.4397,1588.1309],[172.9749,-42.4437,1633.3494],[172.9695,-42.4487,1675.5535],[172.9823,-42.452,1574.761],[172.9865,-42.4507,1604.0021],[172.9991,-42.4524,1652.2666],[173.0085,-42.4456,1416.8862],[173.0158,-42.4469,1154.2675],[173.0333,-42.4581,882.8798],[173.0331,-42.4652,914.1442],[173.0393,-42.4708,1053.9214],[173.0349,-42.4787,1193.6572],[173.0371,-42.4843,1226.5063],[173.0499,-42.4877,1033.939],[173.0569,-42.4872,1068.4502],[173.0692,-42.4807,1138.0039],[173.0768,-42.4679,1290.9795],[173.0761,-42.4609,1319.2109],[173.0958,-42.4608,1450.8408],[173.1003,-42.4584,1529.6262],[173.1062,-42.4477,1661.9766],[173.1115,-42.446,1712.213],[173.1194,-42.4503,1447.1384],[173.1253,-42.4512,1297.8461],[173.1358,-42.4502,1446.4019],[173.1433,-42.4513,1596.8568],[173.1521,-42.4498,1631.1956],[173.1606,-42.4306,1644.2905],[173.16,-42.4254,1590.8416],[173.1642,-42.4186,1461.1797],[173.1697,-42.4155,1261.7915],[173.1901,-42.4104,1359.7021],[173.2033,-42.3976,1387.7533],[173.2058,-42.3914,1366.2073],[173.2049,-42.3887,1393.9409],[173.2091,-42.3831,1298.8704],[173.2201,-42.3808,1471.0488],[173.2215,-42.3748,1539.991],[173.2189,-42.3641,1408.0686],[173.2242,-42.3563,1372.6003],[173.2355,-42.3546,1142.9863],[173.2418,-42.3559,991.4752]],
[[174.0625,-41.5094,0.7262],[174.0622,-41.5095,0.7262],[174.0618,-41.5091,0.7262],[174.062,-41.509,0.7262],[174.0625,-41.5094,0.7262]]],
[[[174.0818,-40.9418,82.5955],[174.08,-40.9402,13.5889],[174.0701,-40.9436,25.2024],[174.0659,-40.9414,22.5106],[174.0626,-40.9464,55.0559],[174.0576,-40.9462,0.0],[174.0508,-40.952,0.0],[174.0687,-40.9518,5.2708],[174.0697,-40.9547,3.4058],[174.0746,-40.9572,65.1059],[174.0685,-40.9627,4.5147],[174.0678,-40.965,65.2982],[174.0577,-40.9687,38.549],[174.0563,-40.9725,41.1608],[174.0535,-40.9745,5.1243],[174.0552,-40.977,0.0],[174.0493,-40.9795,11.0736],[174.0572,-40.9838,20.6668],[174.0525,-40.9892,0.0],[174.0588,-40.9927,48.7823],[174.0594,-40.9951,14.346],[174.0625,-40.995,10.6146],[174.0657,-40.9922,0.0],[174.0644,-40.9913,53.6826],[174.0661,-40.9878,21.5836],[174.0697,-40.9857,39.4605],[174.0742,-40.9855,0.0],[174.0705,-40.9832,41.7805],[174.071,-40.9775,42.3794],[174.0761,-40.97,0.0],[174.0816,-40.9676,77.8469],[174.0875,-40.9699,0.0],[174.0871,-40.9669,10.8845],[174.0888,-40.964,0.806],[174.0824,-40.9633,19.2916],[174.0775,-40.9568,54.0331],[174.0771,-40.9505,21.6611],[174.0815,-40.9471,56.1797],[174.0818,-40.9418,82.5955]]],
[[[173.7707,-40.9289,0.0],[173.7702,-40.9285,0.0],[173.77,-40.9288,0.0],[173.7704,-40.9293,0.0],[173.7707,-40.9289,0.0]]],
[[[173.7674,-40.9278,0.0],[173.7672,-40.9282,0.0],[173.7674,-40.9283,0.0],[173.7676,-40.9279,0.0],[173.7674,-40.9278,0.0]]],
[[[173.7659,-40.9268,0.0],[173.766,-40.9267,0.0],[173.7658,-40.9266,0.0],[173.7658,-40.9267,0.0],[173.7659,-40.9268,0.0]]],
[[[173.7766,-40.9247,0.7327],[173.7762,-40.9239,0.0],[173.7756,-40.9245,0.0],[173.7761,-40.9252,0.7327],[173.7766,-40.9247,0.7327]]],
[[[173.7648,-40.9247,0.0],[173.7651,-40.9248,0.0],[173.765,-40.9245,0.0],[173.7646,-40.9245,0.0],[173.7648,-40.9247,0.0]]],
[[[173.7617,-40.9234,0.0],[173.7616,-40.9234,0.0],[173.7618,-40.9236,0.0],[173.7618,-40.9233,0.0],[173.7617,-40.9234,0.0]]],
[[[173.7623,-40.9223,0.0],[173.7622,-40.9223,0.0],[173.7622,-40.9224,0.0],[173.7623,-40.9223,0.0]]],
[[[173.7626,-40.9203,0.0],[173.7625,-40.9201,0.0],[173.7624,-40.9202,0.0],[173.7625,-40.9204,0.0],[173.7626,-40.9203,0.0]]],
[[[173.7625,-40.9213,0.0],[173.7624,-40.9205,0.0],[173.7616,-40.9209,0.0],[173.762,-40.9214,0.0],[173.7625,-40.9213,0.0]]],
[[[173.7628,-40.9208,0.0],[173.7626,-40.9207,0.0],[173.7626,-40.9208,0.0],[173.7626,-40.9209,0.0],[173.7628,-40.9208,0.0]]],
[[[173.7626,-40.9207,0.0],[173.7627,-40.9207,0.0],[173.7626,-40.9206,0.0],[173.7626,-40.9207,0.0]]],
[[[173.7651,-40.9242,0.0],[173.7652,-40.9245,0.0],[173.7652,-40.9244,0.0],[173.7651,-40.9242,0.0]]],
[[[173.7654,-40.9243,0.0],[173.7653,-40.9242,0.0],[173.7652,-40.9244,0.0],[173.7654,-40.9243,0.0]]],
[[[173.7622,-40.9183,0.0],[173.7623,-40.9184,0.0],[173.7624,-40.9183,0.0],[173.7623,-40.9183,0.0],[173.7622,-40.9183,0.0]]],
[[[173.7634,-40.918,0.0],[173.7631,-40.9181,0.0],[173.763,-40.9183,0.0],[173.7633,-40.9183,0.0],[173.7634,-40.918,0.0]]],
[[[173.7618,-40.9173,0.0],[173.7619,-40.9171,0.0],[173.7616,-40.9174,0.0],[173.7617,-40.9174,0.0],[173.7618,-40.9173,0.0]]],
[[[173.7623,-40.9181,0.0],[173.7628,-40.9181,0.0],[173.7628,-40.9177,0.0],[173.7624,-40.9176,0.0],[173.7623,-40.9181,0.0]]],
[[[173.7619,-40.9182,0.0],[173.7616,-40.9184,0.0],[173.7618,-40.9186,0.0],[173.7621,-40.9185,0.0],[173.7619,-40.9182,0.0]]],
[[[173.7607,-40.9166,0.0],[173.7601,-40.9154,0.0276],[173.7592,-40.9163,0.0],[173.7597,-40.9168,0.0],[173.7607,-40.9166,0.0]]],
[[[173.7606,-40.9109,0.0],[173.7604,-40.9111,0.0],[173.761,-40.9115,0.0591],[173.761,-40.9107,0.0],[173.7606,-40.9109,0.0]]],
[[[173.7619,-40.9126,0.0591],[173.7623,-40.9121,0.0591],[173.7616,-40.9115,0.0591],[173.7611,-40.9126,0.0591],[173.7619,-40.9126,0.0591]]],
[[[173.7687,-40.8914,0.0],[173.7684,-40.8908,0.0],[173.768,-40.8908,0.0],[173.7681,-40.8912,0.0],[173.7687,-40.8914,0.0]]],
[[[174.0542,-40.9144,0.0],[174.0542,-40.9147,0.0],[174.0548,-40.9145,0.0],[174.0547,-40.9142,0.0],[174.0542,-40.9144,0.0]]],
[[[174.0559,-40.9139,0.0],[174.0565,-40.9137,0.0],[174.0565,-40.9133,0.0],[174.0553,-40.9141,0.0],[174.0559,-40.9139,0.0]]],
[[[174.0571,-40.9111,1.3917],[174.0571,-40.9113,0.0],[174.0572,-40.9112,1.3917],[174.0571,-40.9111,1.3917]]],
[[[174.0571,-40.9114,0.0],[174.0568,-40.9116,0.0],[174.0569,-40.9117,0.0],[174.0574,-40.9116,0.0],[174.0571,-40.9114,0.0]]],
[[[174.0568,-40.9125,0.0],[174.0572,-40.9128,0.0],[174.0576,-40.9118,0.0],[174.0571,-40.912,0.0],[174.0568,-40.9125,0.0]]],
[[[174.0913,-40.9069,0.0],[174.0914,-40.9073,0.0],[174.0921,-40.9067,0.0],[174.0917,-40.9066,0.0],[174.0913,-40.9069,0.0]]],
[[[174.0904,-40.9063,0.0],[174.0901,-40.9065,0.0],[174.0901,-40.9066,0.0],[174.0904,-40.9065,0.0],[174.0904,-40.9063,0.0]]],
[[[174.0607,-40.9008,0.0],[174.0608,-40.9007,0.0],[174.0606,-40.9006,0.0],[174.0606,-40.9007,0.0],[174.0607,-40.9008,0.0]]],
[[[174.0556,-40.9035,10.0032],[174.0547,-40.903,0.0],[174.0541,-40.9035,0.0],[174.0566,-40.904,10.0032],[174.0556,-40.9035,10.0032]]],
[[[174.0605,-40.9016,26.4042],[174.0603,-40.9016,26.4042],[174.0602,-40.9016,26.4042],[174.0604,-40.9018,26.4042],[174.0605,-40.9016,26.4042]]],
[[[174.0938,-40.8912,0.0],[174.0937,-40.8914,0.0],[174.094,-40.8914,0.0],[174.0938,-40.8912,0.0]]],
[[[174.0929,-40.8911,0.0],[174.0929,-40.8916,0.0],[174.0935,-40.8912,0.0],[174.0933,-40.891,0.0],[174.0929,-40.8911,0.0]]],
[[[174.1035,-40.8837,25.9552],[174.1017,-40.8835,23.486],[174.1004,-40.8896,33.7117],[174.096,-40.8912,0.0],[174.105,-40.8933,27.6989],[174.1038,-40.8983,6.758],[174.1071,-40.8992,28.5783],[174.111,-40.8969,0.0],[174.1107,-40.8927,2.7654],[174.1064,-40.8913,66.316],[174.1067,-40.8834,2.4176],[174.1035,-40.8837,25.9552]]],
[[[173.8972,-40.8881,0.0],[173.897,-40.8886,0.0],[173.8991,-40.8878,0.0],[173.8983,-40.8877,0.0],[173.8972,-40.8881,0.0]]],
[[[173.7717,-40.8969,0.0],[173.7709,-40.8968,0.7438],[173.771,-40.8993,3.0625],[173.7711,-40.8977,0.7438],[173.7717,-40.8969,0.0]]],
[[[173.7853,-40.8944,0.0],[173.7852,-40.8944,0.0],[173.7852,-40.8945,0.0],[173.7853,-40.8945,0.0],[173.7853,-40.8944,0.0]]],
[[[173.855,-40.8995,12.2195],[173.855,-40.8993,12.2195],[173.8548,-40.8992,12.2195],[173.8549,-40.8995,12.2195],[173.855,-40.8995,12.2195]]],
[[[174.0621,-40.8992,2.96],[174.0622,-40.8992,2.96],[174.0622,-40.8991,2.96],[174.062,-40.8991,2.96],[174.0621,-40.8992,2.96]]],
[[[174.0623,-40.899,2.96],[174.0625,-40.899,2.96],[174.0625,-40.8989,2.96],[174.0624,-40.8989,2.96],[174.0623,-40.899,2.96]]],
[[[173.861,-40.8922,7.4778],[173.8609,-40.892,7.4778],[173.8608,-40.8921,7.4778],[173.8609,-40.8922,7.4778],[173.861,-40.8922,7.4778]]],
[[[173.9617,-40.897,8.9578],[173.9614,-40.897,8.9578],[173.9614,-40.8971,8.9578],[173.9616,-40.8971,8.9578],[173.9617,-40.897,8.9578]]],
[[[173.8696,-40.8965,0.0574],[173.869,-40.8962,0.0],[173.8686,-40.8967,0.0574],[173.8694,-40.8969,0.0574],[173.8696,-40.8965,0.0574]]],
[[[174.0923,-40.8919,0.0],[174.0923,-40.8918,0.0],[174.0923,-40.8917,0.0],[174.0921,-40.8919,0.0],[174.0923,-40.8919,0.0]]],
[[[174.0884,-40.892,10.3915],[174.0853,-40.8889,0.0],[174.0765,-40.898,92.7327],[174.07079760765549,-40.897604784688994,0.0],[174.0707,-40.8978,0.0],[174.0706,-40.8978,0.0],[174.0707,-40.8976,0.0],[174.0707285714285,-40.8976,0.0],[174.0664,-40.8973,2.117],[174.0618,-40.8994,2.96],[174.0601,-40.9027,26.4042],[174.0568,-40.9041,10.0032],[174.0572,-40.911,1.3917],[174.063,-40.9051,22.0042],[174.0686,-40.9077,3.3293],[174.0686,-40.9031,21.746],[174.0713,-40.9003,28.1847],[174.0778,-40.9038,4.9203],[174.0798,-40.9029,44.9577],[174.0809,-40.8981,6.9983],[174.0851,-40.9006,3.6419],[174.0856,-40.8979,65.1691],[174.0899,-40.8963,14.4689],[174.0896,-40.8919,10.3915],[174.0884,-40.892,10.3915]]],
[[[174.0707285714285,-40.8976,0.0],[174.07079760765549,-40.897604784688994,0.0],[174.0708,-40.8976,0.0],[174.0707285714285,-40.8976,0.0]]],
[[[173.9562,-40.6933,58.9538],[173.9513,-40.6926,16.9182],[173.9538,-40.7001,85.7408],[173.9519,-40.7025,63.4498],[173.9532,-40.7041,74.9323],[173.9509,-40.705,2.4387],[173.9544,-40.7053,42.4519],[173.9542,-40.7081,0.0],[173.959,-40.7108,18.783],[173.9576,-40.7134,15.4523],[173.9534,-40.7138,5.587],[173.9539,-40.716,24.5527],[173.9515,-40.7161,0.0],[173.9541,-40.7169,12.8033],[173.9535,-40.7198,4.041],[173.9554,-40.7198,7.5318],[173.956,-40.7218,6.0553],[173.9493,-40.728,37.499],[173.9452,-40.7275,13.1616],[173.9445,-40.7259,0.0],[173.9362,-40.7277,13.0131],[173.9418,-40.7313,0.0],[173.9426,-40.7336,66.9728],[173.9426,-40.7366,74.1142],[173.9393,-40.7361,0.7668],[173.9361,-40.7387,46.2259],[173.9375,-40.7423,17.6017],[173.9363,-40.7431,10.9295],[173.9386,-40.7443,45.6828],[173.9385,-40.7463,9.9809],[173.935,-40.7475,4.1899],[173.9292,-40.745,14.4244],[173.9266,-40.7454,18.4163],[173.9244,-40.7492,0.5095],[173.9215,-40.75,32.1273],[173.918,-40.7471,4.7242],[173.9162,-40.7524,50.2054],[173.9126,-40.7522,0.0],[173.91,-40.7544,3.2244],[173.9034,-40.7531,13.0773],[173.9009,-40.7549,0.0],[173.9005,-40.7582,52.8434],[173.8946,-40.7585,3.0181],[173.8928,-40.7613,111.5981],[173.8873,-40.7617,0.5336],[173.8875,-40.765,17.8106],[173.8837,-40.7687,7.6479],[173.885,-40.7714,0.0],[173.8902,-40.7713,0.0],[173.8955,-40.7663,9.8685],[173.8953,-40.7689,4.1891],[173.898,-40.7681,4.1934],[173.8985,-40.7697,0.0],[173.9031,-40.7706,56.83],[173.9001,-40.7732,0.0],[173.9066,-40.7742,15.2836],[173.9084,-40.7722,24.5752],[173.9144,-40.7738,19.6294],[173.9153,-40.7697,55.4962],[173.9202,-40.7709,0.0],[173.921,-40.7645,33.3108],[173.9227,-40.7654,17.1165],[173.9235,-40.7699,0.0],[173.9248,-40.7695,11.8205],[173.9252,-40.7669,31.7496],[173.9283,-40.7661,40.9415],[173.9293,-40.7683,0.0],[173.9315,-40.7671,21.6324],[173.9331,-40.7691,10.9805],[173.9289,-40.7709,0.0],[173.9317,-40.775,29.3702],[173.9275,-40.7725,1.6027],[173.9231,-40.7758,0.0],[173.9259,-40.7792,87.391],[173.9267,-40.7838,29.2978],[173.9222,-40.7837,21.9443],[173.9229,-40.7826,7.3561],[173.9185,-40.7809,0.0],[173.9163,-40.782,29.7264],[173.9151,-40.7789,4.1486],[173.911,-40.7804,6.4435],[173.9087,-40.786,12.6501],[173.9132,-40.7899,27.4017],[173.9082,-40.7886,11.4283],[173.9079,-40.7912,59.6024],[173.91,-40.7939,67.3934],[173.9075,-40.7934,12.0076],[173.9068,-40.7973,0.0],[173.9049,-40.7989,0.0],[173.9062,-40.7995,11.4388],[173.9055,-40.8035,23.1786],[173.904,-40.801,0.0],[173.9019,-40.8015,13.5132],[173.9038,-40.7947,0.0],[173.9023,-40.7938,19.7827],[173.9037,-40.7912,0.0],[173.9021,-40.7864,14.9441],[173.9031,-40.7822,0.0],[173.8938,-40.7779,0.0],[173.8933,-40.7795,32.05],[173.8908,-40.7785,8.0145],[173.8869,-40.7796,8.8715],[173.8881,-40.7823,0.0],[173.8862,-40.7834,0.0],[173.8877,-40.785,10.0157],[173.8857,-40.7855,0.0],[173.8887,-40.7887,92.3281],[173.8855,-40.7896,19.4101],[173.8842,-40.7917,31.1816],[173.8799,-40.7894,0.0],[173.8792,-40.7908,0.0],[173.8825,-40.7964,56.4374],[173.8771,-40.7946,13.2208],[173.8766,-40.7967,19.9904],[173.8786,-40.7993,36.0694],[173.8761,-40.7987,11.8057],[173.8735,-40.8003,9.9669],[173.8759,-40.8027,9.6997],[173.8727,-40.8031,49.6643],[173.8713,-40.806,0.0],[173.8658,-40.8071,32.6262],[173.8678,-40.7992,0.0],[173.8652,-40.8007,19.0912],[173.8654,-40.7967,20.767],[173.8697,-40.796,62.3812],[173.8701,-40.7923,4.695],[173.8672,-40.7914,39.3535],[173.8714,-40.7897,3.3129],[173.872,-40.7866,43.1977],[173.8687,-40.7841,26.7593],[173.8704,-40.7822,20.1572],[173.8744,-40.7819,0.0],[173.8743,-40.7803,0.0],[173.8736,-40.7754,8.0823],[173.8714,-40.7732,22.7914],[173.8613,-40.7735,39.5998],[173.863,-40.7706,11.7063],[173.8606,-40.7682,10.5075],[173.8682,-40.7626,0.0],[173.8676,-40.7608,21.2067],[173.8703,-40.7586,6.2758],[173.8722,-40.7523,5.0915],[173.8743,-40.752,0.0],[173.8727,-40.7482,0.0],[173.8764,-40.7463,0.0],[173.8751,-40.7444,16.3982],[173.8842,-40.7359,0.0],[173.8797,-40.7386,42.7752],[173.8722,-40.7376,1.0797],[173.8708,-40.7368,51.7087],[173.8709,-40.7281,5.1045],[173.8682,-40.7309,25.7606],[173.8653,-40.7311,0.0],[173.8663,-40.7328,63.7946],[173.8608,-40.7375,0.0],[173.8593,-40.743899999999996,23.8156],[173.8549,-40.7487,200.274],[173.8404,-40.7531,3.3034],[173.8415,-40.7567,0.0],[173.8441,-40.7554,10.9225],[173.8452,-40.7583,0.0],[173.8404,-40.7693,6.8876],[173.8369,-40.7688,59.2469],[173.8369,-40.7658,0.0],[173.8336,-40.7656,22.4824],[173.8353,-40.7625,3.1852],[173.8329,-40.7619,31.0086],[173.8344,-40.7574,47.871],[173.8328,-40.7546,66.2396],[173.8306,-40.7534,0.0],[173.8279,-40.7553,35.0415],[173.8298,-40.7614,24.8456],[173.8297,-40.7644,18.2824],[173.8341,-40.7671,13.596],[173.8343,-40.7709,4.6487],[173.8268,-40.7747,0.0],[173.8266,-40.7805,3.3801],[173.8158,-40.7922,10.7562],[173.8087,-40.7965,37.93],[173.8057,-40.8027,4.0807],[173.8015,-40.8035,0.8389],[173.7971,-40.8084,40.5479],[173.7976,-40.8106,36.0208],[173.7941,-40.8151,10.066],[173.7972,-40.8152,5.9562],[173.8013,-40.8116,3.983],[173.8078,-40.8149,0.0],[173.8103,-40.8213,0.0],[173.8082,-40.8237,29.2852],[173.8074,-40.8223,1.1218],[173.8054,-40.8252,20.1262],[173.8052,-40.8302,4.8654],[173.8096,-40.8281,15.5489],[173.8125,-40.8291,83.0448],[173.8146,-40.8323,125.8191],[173.8142,-40.8363,0.3976],[173.8156,-40.8382,35.2304],[173.8149,-40.843,81.0993],[173.8096,-40.8487,0.3196],[173.8169,-40.8482,8.4968],[173.8169,-40.8507,12.7162],[173.8214,-40.8507,49.9067],[173.8285,-40.8564,0.0],[173.833,-40.8544,5.9654],[173.8358,-40.851,5.8319],[173.8323,-40.8467,38.1121],[173.8342,-40.8431,9.3861],[173.8497,-40.8369,33.7737],[173.8362,-40.8456,0.0],[173.8396,-40.8465,64.7148],[173.839,-40.8486,7.0785],[173.8414,-40.85,71.9461],[173.8354,-40.8585,10.1483],[173.8442,-40.857,14.882],[173.8452,-40.8596,6.3846],[173.8437,-40.861,6.3846],[173.8453,-40.8627,5.9711],[173.8442,-40.8642,7.1709],[173.8388,-40.8619,8.3954],[173.8364,-40.8624,4.5239],[173.8342,-40.8696,50.0047],[173.832,-40.868899999999996,7.8606],[173.8309,-40.8619,5.1491],[173.8265,-40.8615,0.0],[173.8297,-40.869,55.3504],[173.8262,-40.8709,27.7731],[173.828,-40.8683,46.7764],[173.8214,-40.8623,3.4918],[173.8219,-40.8588,0.0],[173.8204,-40.8564,5.4743],[173.8128,-40.8564,81.5971],[173.8099,-40.8592,16.9235],[173.8062,-40.8564,59.7295],[173.8026,-40.856,0.9921],[173.7967,-40.8567,29.7802],[173.7957,-40.8588,10.2251],[173.7923,-40.8582,5.9405],[173.7903,-40.8554,13.8717],[173.7893,-40.8497,4.6543],[173.7912,-40.8471,10.0091],[173.791,-40.8405,31.624],[173.787,-40.8372,2.982],[173.7867,-40.8318,1.5179],[173.7818,-40.8342,3.6125],[173.7834,-40.8343,3.6125],[173.782,-40.8353,11.5404],[173.7833,-40.8366,15.0627],[173.7815,-40.8364,0.0],[173.7832,-40.8382,38.2704],[173.7808,-40.8381,0.6149],[173.7825,-40.839,38.2704],[173.7812,-40.8406,57.5575],[173.7782,-40.8402,17.955],[173.7797,-40.8429,181.1927],[173.7774,-40.847,0.0],[173.7792,-40.8528,55.0343],[173.7781,-40.8541,187.7543],[173.7754,-40.8528,0.0],[173.7723,-40.8604,8.2912],[173.7737,-40.8659,11.2469],[173.7718,-40.8662,3.1169],[173.7746,-40.872,9.8393],[173.7744,-40.8744,20.7359],[173.7724,-40.8739,9.3973],[173.7724,-40.8753,1.7526],[173.7792,-40.8748,8.1398],[173.7776,-40.8798,51.8463],[173.7793,-40.8844,7.1116],[173.7769,-40.8871,39.2927],[173.7734,-40.8871,14.7017],[173.7728,-40.8941,12.7875],[173.7714,-40.8952,11.3536],[173.7702,-40.8939,1.6541],[173.77,-40.8958,4.0109],[173.7731,-40.8957,11.3536],[173.7738,-40.8926,24.1543],[173.7795,-40.8902,0.0],[173.78,-40.8875,26.6581],[173.7835,-40.8857,42.5013],[173.7841,-40.882,3.4139],[173.7885,-40.8828,28.1593],[173.7878,-40.8844,31.3823],[173.7893,-40.8859,5.6296],[173.7874,-40.888,0.0],[173.7897,-40.89,0.0],[173.7953,-40.8881,1.9435],[173.7983,-40.8899,77.1874],[173.7958,-40.894,2.2823],[173.7887,-40.8963,4.8951],[173.7916,-40.9,0.0],[173.7957,-40.9013,0.0],[173.7959,-40.9041,0.0],[173.7928,-40.9059,0.0],[173.7948,-40.9081,3.2254],[173.7881,-40.9092,15.8702],[173.7895,-40.9116,0.0],[173.7883,-40.9172,63.9311],[173.7842,-40.9205,83.002],[173.784,-40.9246,80.2279],[173.7761,-40.9261,0.7327],[173.7764,-40.9286,87.4358],[173.7738,-40.9293,0.0],[173.7749,-40.9348,0.0],[173.7773,-40.9365,1.8408],[173.7767,-40.9397,34.5681],[173.7705,-40.9419,1.2292],[173.7731,-40.9433,0.0],[173.7815,-40.9408,37.1501],[173.7858,-40.9424,10.1308],[173.7907,-40.9411,25.3135],[173.7935,-40.9392,45.1479],[173.7934,-40.9357,47.9908],[173.7977,-40.9349,11.7712],[173.7983,-40.9315,7.4999],[173.8006,-40.9315,2.2707],[173.8033,-40.9285,10.1089],[173.8072,-40.9287,12.5758],[173.81,-40.9312,22.8506],[173.8139,-40.9305,7.7732],[173.8191,-40.9275,0.0],[173.8252,-40.9201,20.8367],[173.8336,-40.9193,20.6232],[173.8344,-40.9156,52.6576],[173.832,-40.9141,14.3984],[173.8319,-40.9108,17.217],[173.8354,-40.9086,14.6504],[173.838,-40.9031,5.0559],[173.8407,-40.9042,3.8677],[173.8401,-40.9023,14.2682],[173.8425,-40.901,10.3682],[173.8443,-40.9031,0.0],[173.849,-40.8988,9.0783],[173.8559,-40.8988,0.0],[173.8595,-40.8952,30.792],[173.8601,-40.891,22.5605],[173.8663,-40.8905,0.0],[173.8695,-40.8848,17.6513],[173.8676,-40.8801,13.2387],[173.8792,-40.8755,9.3185],[173.8722,-40.8725,2.033],[173.8838,-40.8659,15.3317],[173.8837,-40.8616,15.1265],[173.8901,-40.8578,5.4421],[173.8935,-40.8587,39.0712],[173.8923,-40.8624,6.9815],[173.903,-40.8578,49.774],[173.9065,-40.8591,6.9724],[173.9073,-40.8615,80.0834],[173.9059,-40.8633,0.0],[173.9072,-40.8646,123.1629],[173.9035,-40.8672,9.4548],[173.9039,-40.8692,13.4138],[173.9068,-40.8701,0.0],[173.9065,-40.8722,0.0],[173.8955,-40.8778,0.0],[173.9013,-40.8788,6.5183],[173.9123,-40.8686,8.8943],[173.9112,-40.8638,3.0238],[173.9154,-40.8605,0.0],[173.9111,-40.8606,30.8218],[173.905,-40.8567,49.774],[173.9083,-40.8446,1.9325],[173.9147,-40.8418,15.6529],[173.9167,-40.8339,21.6968],[173.9184,-40.8326,54.0621],[173.9218,-40.8342,18.8505],[173.924,-40.8284,34.0948],[173.9282,-40.8292,21.6355],[173.9319,-40.827,20.303],[173.9361,-40.8268,0.0],[173.9388,-40.8236,3.2933],[173.9296,-40.8231,84.585],[173.9303,-40.8135,16.3904],[173.9339,-40.812,47.9291],[173.9387,-40.8137,7.5933],[173.936,-40.8112,0.0],[173.9347,-40.8065,9.5891],[173.9376,-40.8065,0.0],[173.9422,-40.8038,0.0],[173.9415,-40.7999,83.3384],[173.9454,-40.7948,15.333],[173.9492,-40.7942,35.4675],[173.9516,-40.7977,9.9204],[173.9534,-40.7961,61.9118],[173.957,-40.7962,17.1464],[173.9558,-40.7931,29.5317],[173.953,-40.7933,60.1344],[173.9527,-40.7913,0.0],[173.9492,-40.7928,2.1805],[173.9476,-40.7915,29.0898],[173.9425,-40.7924,4.0995],[173.9403,-40.7909,0.4969],[173.9395,-40.7875,19.2414],[173.9421,-40.7807,0.0],[173.9407,-40.7792,41.2449],[173.9441,-40.7764,3.2123],[173.9425,-40.7738,14.0764],[173.9459,-40.7732,5.3312],[173.9483,-40.7686,7.9672],[173.9596,-40.7652,4.157],[173.9599,-40.7594,78.972],[173.9615,-40.7576,0.0],[173.9612,-40.7533,0.0],[173.9558,-40.7492,21.9996],[173.9546,-40.7445,9.6025],[173.9564,-40.7387,33.0403],[173.9592,-40.7374,21.9364],[173.96,-40.7321,64.4804],[173.9623,-40.7311,8.8331],[173.9609,-40.7263,0.0],[173.963,-40.7247,0.0],[173.9631,-40.7218,5.5362],[173.9661,-40.7205,13.995],[173.9633,-40.7175,6.5867],[173.9633,-40.7118,7.2462],[173.9661,-40.7107,20.1757],[173.9677,-40.708,15.0156],[173.9654,-40.7061,27.1485],[173.9671,-40.7041,1.1549],[173.9626,-40.7055,15.0746],[173.9604,-40.7041,89.2965],[173.9611,-40.7006,0.0],[173.9572,-40.6997,58.109],[173.959,-40.6951,13.6291],[173.9567,-40.6961,17.6777],[173.9562,-40.6933,58.9538]]]]}
,"properties": {"GID_1": "NZL.8_1","GID_0": "NZL","country": "NewZealand","province": "Marlborough","VARNAME_1": "NA","NL_NAME_1": "NA","TYPE_1": "Region","ENGTYPE_1": "Region","CC_1": "18","HASC_1": "NZ.MA","ISO_1": "NZ-MBH","name": "Marlborough.province","area_km2": 10466.5,"hist_schema_id": "Elevation0-9000","hist_area_km2": {"0": 258.113,"25": 275.035,"50": 274.554,"75": 272.588,"100": 264.085,"125": 259.839,"150": 251.165,"175": 249.718,"200": 225.448,"225": 219.948,"250": 211.176,"275": 202.228,"300": 203.259,"325": 190.308,"350": 184.246,"375": 175.817,"400": 170.15,"425": 165.755,"450": 164.843,"475": 160.098,"500": 155.751,"525": 151.733,"550": 149.73,"575": 145.857,"600": 143.572,"625": 136.755,"650": 137.457,"675": 137.472,"700": 134.571,"725": 133.143,"750": 135.681,"775": 135.362,"800": 136.654,"825": 139.74,"850": 141.73,"875": 144.122,"900": 143.627,"925": 148.236,"950": 151.422,"975": 147.811,"1000": 151.726,"1025": 147.108,"1050": 143.575,"1075": 140.168,"1100": 139.115,"1125": 136.975,"1150": 132.245,"1175": 131.191,"1200": 127.621,"1225": 119.846,"1250": 119.288,"1275": 115.104,"1300": 110.476,"1325": 103.418,"1350": 98.387,"1375": 96.592,"1400": 94.019,"1425": 88.528,"1450": 82.999,"1475": 82.598,"1500": 75.35,"1525": 69.997,"1550": 68.836,"1575": 65.766,"1600": 62.429,"1625": 58.113,"1650": 54.302,"1675": 51.797,"1700": 47.183,"1725": 44.157,"1750": 39.951,"1775": 35.932,"1800": 33.065,"1825": 29.127,"1850": 24.813,"1875": 22.494,"1900": 17.989,"1925": 15.467,"1950": 13.309,"1975": 9.575,"2000": 7.748,"2025": 5.354,"2050": 4.346,"2075": 3.385,"2100": 2.787,"2125": 1.748,"2150": 1.433,"2175": 1.26,"2200": 1.118,"2225": 1.024,"2250": 0.835,"2275": 0.867,"2300": 0.741,"2325": 0.741,"2350": 0.425,"2375": 0.473,"2400": 0.331,"2425": 0.378,"2450": 0.299,"2475": 0.221,"2500": 0.315,"2525": 0.095,"2550": 0.315,"2575": 0.126,"2600": 0.189,"2625": 0.173,"2650": 0.095,"2750": 0.095}}}