{"type": "Feature","bbox": [174.1622,-37.2926,175.5505,-35.8975],"geometry": {"type": "MultiPolygon","coordinates": [[[[175.0064,-36.709,0.0],[175.0063,-36.7082,0.0],[175.005,-36.7086,7.8219],[175.0052,-36.7094,7.8219],[175.0064,-36.709,0.0]]],
[[[175.0046,-36.7087,7.8219],[175.0044,-36.7088,7.8219],[175.0045,-36.7091,7.8219],[175.0048,-36.709,7.8219],[175.0046,-36.7087,7.8219]]],
[[[174.9389,-36.723,0.198],[174.939,-36.723,0.198],[174.9389,-36.7228,0.5673],[174.9388,-36.7229,0.5673],[174.9389,-36.723,0.198]]],
[[[174.9395,-36.7225,0.5673],[174.9396,-36.723,0.198],[174.94,-36.7229,0.5673],[174.94,-36.7228,0.5673],[174.9395,-36.7225,0.5673]]],
[[[174.9392,-36.7224,0.5673],[174.9391,-36.7228,0.5673],[174.9393,-36.723,0.198],[174.9393,-36.7226,0.5673],[174.9392,-36.7224,0.5673]]],
[[[174.9409,-36.7136,0.6933],[174.9408,-36.7143,0.6933],[174.9412,-36.7144,0.6933],[174.9417,-36.7138,0.6933],[174.9409,-36.7136,0.6933]]],
[[[174.9975,-36.7012,0.665],[174.9979,-36.7011,0.0],[174.9979,-36.7008,0.0],[174.9973,-36.7009,0.665],[174.9975,-36.7012,0.665]]],
[[[174.9975,-36.6983,1.6618],[174.9976,-36.6986,1.6618],[174.9982,-36.6986,0.0],[174.9979,-36.6981,0.0],[174.9975,-36.6983,1.6618]]],
[[[174.998,-36.6996,0.0],[174.9983,-36.6992,0.0],[174.9977,-36.6987,0.0],[174.998,-36.6992,0.0],[174.998,-36.6996,0.0]]],
[[[174.9988,-36.6991,0.0],[174.9987,-36.6989,0.0],[174.9982,-36.6988,0.0],[174.9986,-36.6992,0.0],[174.9988,-36.6991,0.0]]],
[[[174.9556,-36.6966,0.0],[174.9556,-36.6969,0.0],[174.9562,-36.6969,0.0],[174.9561,-36.6963,0.0],[174.9556,-36.6966,0.0]]],
[[[174.9748,-36.6938,12.2913],[174.9719,-36.6953,10.7116],[174.9733,-36.6989,0.2569],[174.9775,-36.695,0.0],[174.9748,-36.6938,12.2913]]],
[[[174.9717,-36.6941,0.3945],[174.972,-36.6944,0.3945],[174.9724,-36.694,0.3945],[174.972,-36.6937,0.3945],[174.9717,-36.6941,0.3945]]],
[[[174.9715,-36.694,0.3945],[174.9715,-36.6939,0.3945],[174.9714,-36.6939,0.3945],[174.9714,-36.694,0.3945],[174.9715,-36.694,0.3945]]],
[[[174.9775,-36.6939,0.0],[174.9779,-36.6938,0.0],[174.9776,-36.6934,0.0],[174.9773,-36.6937,0.0],[174.9775,-36.6939,0.0]]],
[[[174.9698,-36.6933,0.2207],[174.9699,-36.6939,0.2207],[174.9706,-36.6937,0.2207],[174.9704,-36.6928,0.0],[174.9698,-36.6933,0.2207]]],
[[[174.9642,-36.6877,5.1438],[174.9621,-36.687,5.4713],[174.9648,-36.6918,0.0],[174.9658,-36.691,22.8488],[174.9642,-36.6877,5.1438]]],
[[[174.9659,-36.6856,0.5583],[174.966,-36.6854,0.5583],[174.9651,-36.6851,0.5583],[174.9651,-36.686,0.5583],[174.9659,-36.6856,0.5583]]],
[[[174.4136,-36.639,1.9007],[174.4179,-36.6377,2.861],[174.4182,-36.6358,2.8667],[174.4166,-36.6349,1.9905],[174.4158,-36.6372,2.8144],[174.4136,-36.639,1.9007]]],
[[[174.3932,-36.6358,2.3456],[174.3924,-36.6357,2.1249],[174.3918,-36.6364,2.1034],[174.3922,-36.6366,2.1034],[174.3932,-36.6358,2.3456]]],
[[[174.3934,-36.6335,2.7124],[174.3937,-36.634,2.7124],[174.3952,-36.6333,2.2847],[174.3934,-36.6326,1.6449],[174.3934,-36.6335,2.7124]]],
[[[174.7809,-36.6306,0.083],[174.7806,-36.6305,0.083],[174.7811,-36.6309,0.083],[174.781,-36.6307,0.083],[174.7809,-36.6306,0.083]]],
[[[174.7877,-36.626,0.83],[174.787,-36.6265,0.0],[174.7871,-36.6266,0.0],[174.7876,-36.6261,0.83],[174.7877,-36.626,0.83]]],
[[[174.3529,-36.6185,2.2628],[174.3543,-36.6174,2.3497],[174.354,-36.6169,2.3497],[174.3526,-36.6171,2.68],[174.3529,-36.6185,2.2628]]],
[[[174.8837,-36.5922,11.1056],[174.8802,-36.5916,0.0314],[174.8811,-36.5967,52.5884],[174.8796,-36.5987,0.0],[174.8834,-36.6017,1.7657],[174.8872,-36.6022,12.6614],[174.8905,-36.6086,6.4334],[174.8996,-36.6094,12.6517],[174.8975,-36.6038,47.9712],[174.8985,-36.6024,28.5301],[174.8942,-36.5999,37.8668],[174.8915,-36.5962,8.1565],[174.8924,-36.5949,8.1565],[174.8886,-36.5951,52.1679],[174.8885,-36.5935,29.1954],[174.8837,-36.5922,11.1056]]],
[[[174.4007,-36.5673,0.0],[174.4005,-36.5659,0.0],[174.3988,-36.5661,0.0],[174.3964,-36.5686,0.4169],[174.4019,-36.5763,0.0],[174.4023,-36.5702,0.0],[174.4007,-36.5673,0.0]]],
[[[174.7189,-36.5451,0.0],[174.7186,-36.5449,0.0],[174.7177,-36.5448,0.0],[174.7186,-36.5456,0.0],[174.7189,-36.5451,0.0]]],
[[[174.3701,-36.6184,2.1696],[174.3685,-36.6146,1.8082],[174.3668,-36.6169,2.6355],[174.3688,-36.6195,2.4257],[174.3701,-36.6184,2.1696]]],
[[[174.3655,-36.6129,1.6571],[174.3648,-36.6092,1.1605],[174.3633,-36.6088,1.8782],[174.3648,-36.6086,1.1605],[174.3654,-36.6053,0.8075],[174.362,-36.6042,1.4922],[174.362,-36.6085,1.8782],[174.3574,-36.6121,0.9843],[174.3581,-36.6153,4.4803],[174.3616,-36.6135,5.3807],[174.3609,-36.612,2.9898],[174.3655,-36.6129,1.6571]]],
[[[175.507,-36.3491,4.8706],[175.5071,-36.3492,4.8706],[175.5072,-36.3491,4.8706],[175.5071,-36.3491,4.8706],[175.507,-36.3491,4.8706]]],
[[[174.7467,-36.513,0.0],[174.7474,-36.5142,0.0],[174.7484,-36.5082,0.0],[174.7463,-36.5124,0.0],[174.7467,-36.513,0.0]]],
[[[174.8033,-36.5021,0.0],[174.801,-36.4991,6.1756],[174.7933,-36.5029,19.5877],[174.7876,-36.5071,10.3794],[174.7861,-36.5129,20.7276],[174.788,-36.511,40.2863],[174.7917,-36.5109,40.4195],[174.793,-36.5084,0.0],[174.7961,-36.5077,0.0],[174.7975,-36.5042,13.9121],[174.8013,-36.5045,6.4604],[174.8033,-36.5021,0.0]]],
[[[174.7285,-36.4919,0.0],[174.7271,-36.4889,3.4577],[174.7261,-36.4884,3.4577],[174.7248,-36.4906,20.0622],[174.7285,-36.4919,0.0]]],
[[[174.7924,-36.4797,0.0],[174.7927,-36.4796,0.0],[174.792,-36.4793,0.0],[174.792,-36.4798,0.0],[174.7924,-36.4797,0.0]]],
[[[174.793,-36.4792,0.0],[174.7933,-36.4791,0.0],[174.7933,-36.4788,0.0],[174.7926,-36.479,0.0],[174.793,-36.4792,0.0]]],
[[[174.7937,-36.4785,0.0],[174.7934,-36.4785,0.0],[174.7932,-36.4787,0.0],[174.7939,-36.4788,0.0],[174.7937,-36.4785,0.0]]],
[[[174.7901,-36.4763,-0.0637],[174.7885,-36.4765,0.0],[174.7926,-36.4774,0.0],[174.7921,-36.4764,0.0],[174.7901,-36.4763,-0.0637]]],
[[[174.8104,-36.4677,0.6878],[174.8055,-36.4677,0.0],[174.8077,-36.4689,4.4324],[174.8053,-36.4733,2.0103],[174.8079,-36.4738,2.503],[174.8109,-36.472,0.0],[174.8126,-36.4695,0.0],[174.8104,-36.4677,0.6878]]],
[[[174.8001,-36.4722,-0.0929],[174.7971,-36.472,-0.0338],[174.796,-36.475,5.1219],[174.7931,-36.4747,0.2327],[174.7929,-36.476,0.2327],[174.7962,-36.4769,0.0],[174.8013,-36.4751,0.0],[174.8001,-36.4722,-0.0929]]],
[[[174.3947,-36.4218,23.9214],[174.3921,-36.4216,13.717],[174.3911,-36.4227,13.717],[174.3929,-36.4237,0.0],[174.3947,-36.4218,23.9214]]],
[[[174.8397,-36.3923,2.3462],[174.8381,-36.3924,7.276],[174.8397,-36.3938,36.0416],[174.8386,-36.3985,21.8505],[174.8302,-36.3982,4.9476],[174.8307,-36.4003,13.6046],[174.8246,-36.408,0.0],[174.8287,-36.4093,20.9729],[174.8326,-36.402,14.2873],[174.8324,-36.4064,0.0],[174.8335,-36.4068,10.2594],[174.8384,-36.4029,33.93],[174.8411,-36.4019,9.3807],[174.8407,-36.4029,9.3807],[174.8319,-36.4117,18.5831],[174.8217,-36.4121,5.4398],[174.8183,-36.4138,0.0],[174.82,-36.4161,27.1242],[174.8188,-36.4181,0.0],[174.8234,-36.4187,0.0],[174.8253,-36.4166,1.8019],[174.8276,-36.4169,21.4244],[174.829,-36.4182,37.2874],[174.8282,-36.4198,0.0],[174.8317,-36.4195,54.5401],[174.8367,-36.4217,2.2292],[174.8378,-36.4199,19.5262],[174.8422,-36.4227,0.0],[174.8431,-36.4208,17.5015],[174.8458,-36.4223,0.0],[174.8479,-36.4181,2.2728],[174.8519,-36.4187,10.6707],[174.8553,-36.4172,17.3373],[174.8544,-36.4196,28.1756],[174.8558,-36.4197,30.5022],[174.8512,-36.4199,10.4462],[174.8496,-36.4214,0.0],[174.8522,-36.4221,23.515],[174.8547,-36.4263,13.8956],[174.8486,-36.4286,6.3708],[174.8463,-36.4264,24.7355],[174.8431,-36.428,43.156],[174.8363,-36.4277,0.3392],[174.8353,-36.4286,12.5443],[174.837,-36.4297,44.738],[174.8353,-36.4287,12.5443],[174.8344,-36.4276,0.0],[174.8347,-36.4255,0.0],[174.8333,-36.4273,0.0],[174.8333,-36.4303,48.5817],[174.8302,-36.4274,0.0],[174.8301,-36.4253,0.0],[174.8275,-36.4276,11.5212],[174.8219,-36.4257,3.4212],[174.8207,-36.4264,0.0],[174.8222,-36.4288,15.2798],[174.8203,-36.4283,11.1832],[174.8181,-36.4301,11.3386],[174.8161,-36.428,0.0],[174.8156,-36.431399999999996,0.0],[174.8174,-36.4311,11.3386],[174.8213,-36.4353,3.996],[174.8293,-36.4361,45.3702],[174.8299,-36.4389,9.1189],[174.8324,-36.4393,30.272],[174.8328,-36.4412,0.0],[174.8409,-36.4403,17.1324],[174.8384,-36.443,28.3741],[174.8313,-36.4445,6.4941],[174.8335,-36.4489,17.0254],[174.8364,-36.4502,2.6116],[174.8378,-36.4472,19.6497],[174.8413,-36.4461,50.6844],[174.8513,-36.4468,3.927],[174.8534,-36.4451,26.4244],[174.8556,-36.4469,2.1773],[174.8568,-36.4452,0.0],[174.8555,-36.4421,23.2302],[174.8582,-36.4401,29.1354],[174.861,-36.442,10.1138],[174.8633,-36.4408,18.0341],[174.8696,-36.4488,1.5702],[174.8766,-36.4499,1.6712],[174.8787,-36.4474,0.6339],[174.8746,-36.4457,1.0541],[174.8741,-36.4432,28.1423],[174.8779,-36.4411,49.3931],[174.8796,-36.4373,24.279],[174.8763,-36.4272,9.8132],[174.8776,-36.4233,26.9284],[174.877,-36.4159,5.8976],[174.8703,-36.4076,1.4967],[174.8647,-36.4075,1.1721],[174.8588,-36.4037,14.0749],[174.8587,-36.4017,3.746],[174.8522,-36.3994,1.4015],[174.8524,-36.3966,4.3395],[174.8489,-36.3975,11.8628],[174.8467,-36.3948,5.0953],[174.8441,-36.3953,31.2346],[174.8397,-36.3923,2.3462]]],
[[[174.7941,-36.4146,0.0],[174.7928,-36.4143,2.3124],[174.7922,-36.4155,6.6752],[174.7936,-36.4157,6.6752],[174.7941,-36.4146,0.0]]],
[[[174.7953,-36.4252,0.8116],[174.7948,-36.424,0.0],[174.7944,-36.4267,0.0],[174.7962,-36.4265,0.0],[174.7953,-36.4252,0.8116]]],
[[[174.7939,-36.4783,0.0],[174.7938,-36.4783,0.0],[174.7937,-36.4784,0.0],[174.7939,-36.4784,0.0],[174.7939,-36.4783,0.0]]],
[[[174.7948,-36.4784,0.0],[174.7951,-36.4784,0.0],[174.7953,-36.4782,0.0],[174.7945,-36.4783,0.0],[174.7948,-36.4784,0.0]]],
[[[174.7938,-36.4782,0.0],[174.7939,-36.4783,0.0],[174.794,-36.4782,0.0],[174.7939,-36.4781,0.0],[174.7938,-36.4782,0.0]]],
[[[174.7301,-36.3887,0.0],[174.73,-36.3886,0.0],[174.7298,-36.3887,0.0],[174.7301,-36.3887,0.0]]],
[[[174.3775,-36.3878,2.7803],[174.3787,-36.3877,1.7327],[174.3768,-36.3868,2.7803],[174.377,-36.3876,2.7803],[174.3775,-36.3878,2.7803]]],
[[[174.3749,-36.3853,2.5958],[174.3755,-36.386,2.5958],[174.3753,-36.3842,1.5058],[174.3749,-36.3844,1.5058],[174.3749,-36.3853,2.5958]]],
[[[174.2444,-36.3718,11.9798],[174.2396,-36.3723,5.7373],[174.2368,-36.3762,0.0],[174.2405,-36.3819,4.7463],[174.2451,-36.38,5.8432],[174.2425,-36.3784,4.7638],[174.2452,-36.3737,7.4449],[174.2444,-36.3718,11.9798]]],
[[[174.3127,-36.3823,0.3331],[174.3119,-36.382,2.0528],[174.3107,-36.3842,1.8858],[174.3124,-36.3833,1.8858],[174.3127,-36.3823,0.3331]]],
[[[174.3082,-36.3816,3.9363],[174.3066,-36.381,1.7938],[174.3068,-36.3833,2.3992],[174.3108,-36.3831,1.8858],[174.3102,-36.382,2.5974],[174.3082,-36.3816,3.9363]]],
[[[174.7334,-37.2294,2.9067],[174.7333,-37.2292,2.9067],[174.7331,-37.2292,2.9067],[174.7332,-37.2294,2.9067],[174.7334,-37.2294,2.9067]]],
[[[174.7385,-37.2267,11.1544],[174.7384,-37.2267,9.1054],[174.7384,-37.2268,9.1054],[174.7385,-37.2267,11.1544]]],
[[[174.793,-37.0958,0.0],[174.793,-37.0958,0.0],[174.7928,-37.096,0.0],[174.793,-37.0958,0.0]]],
[[[174.793,-37.0958,0.0],[174.7934,-37.0954,0.0],[174.7929,-37.0944,0.0],[174.793,-37.0958,0.0]]],
[[[174.7758,-37.0888,0.9411],[174.7755,-37.0887,0.9411],[174.7748,-37.089,0.0],[174.776,-37.089,0.9411],[174.7758,-37.0888,0.9411]]],
[[[174.7789,-36.9572,2.1268],[174.7795,-36.9566,2.1268],[174.7786,-36.9563,2.1268],[174.7781,-36.9569,2.1268],[174.7789,-36.9572,2.1268]]],
[[[174.4665,-36.9532,0.6315],[174.465,-36.9533,0.6315],[174.4651,-36.9548,0.0],[174.4675,-36.9539,5.1934],[174.4665,-36.9532,0.6315]]],
[[[174.7641,-36.953,0.6686],[174.7634,-36.9528,3.4661],[174.7631,-36.9542,0.6686],[174.7637,-36.954,0.6686],[174.7641,-36.953,0.6686]]],
[[[175.232,-36.9507,5.8382],[175.2315,-36.9509,5.8382],[175.2313,-36.951,5.8382],[175.2318,-36.951,5.8382],[175.232,-36.9507,5.8382]]],
[[[174.7547,-36.9445,0.0],[174.7542,-36.9442,0.0],[174.754,-36.9447,0.0],[174.7544,-36.9448,0.0],[174.7547,-36.9445,0.0]]],
[[[174.82,-36.9386,0.0],[174.8198,-36.9393,0.0],[174.8201,-36.9394,0.0],[174.8205,-36.9388,0.0],[174.82,-36.9386,0.0]]],
[[[174.8138,-36.9382,0.0],[174.8134,-36.9386,0.0],[174.8134,-36.9388,0.0],[174.814,-36.9384,0.0],[174.8138,-36.9382,0.0]]],
[[[174.8703,-36.9371,4.4575],[174.8703,-36.9372,4.4575],[174.8704,-36.9371,4.4575],[174.8704,-36.937,4.4575],[174.8703,-36.9371,4.4575]]],
[[[175.1566,-36.9252,0.3572],[175.1587,-36.9251,0.0],[175.1574,-36.9229,0.0],[175.1565,-36.9242,4.1074],[175.1566,-36.9252,0.3572]]],
[[[174.8623,-36.9085,3.4519],[174.8624,-36.9085,3.4519],[174.8623,-36.9084,3.4519],[174.8623,-36.9085,3.4519]]],
[[[174.8624,-36.9083,3.4519],[174.8624,-36.9081,3.4519],[174.8624,-36.908,3.4519],[174.8622,-36.9082,3.4519],[174.8624,-36.9083,3.4519]]],
[[[174.9928,-36.9071,0.4287],[174.993,-36.9072,0.4287],[174.9931,-36.9071,0.4287],[174.9928,-36.9071,0.4287]]],
[[[174.4389,-36.8911,0.0],[174.4397,-36.8916,0.0],[174.4398,-36.8901,0.0],[174.4392,-36.8901,0.0],[174.4389,-36.8911,0.0]]],
[[[174.4367,-36.8866,5.6006],[174.4367,-36.8871,5.6006],[174.4374,-36.887,5.6006],[174.4373,-36.8863,5.6006],[174.4367,-36.8866,5.6006]]],
[[[174.9926,-36.9068,0.4287],[174.9926,-36.9069,0.4287],[174.9927,-36.9068,0.4287],[174.9926,-36.9068,0.4287]]],
[[[174.9924,-36.9064,0.4287],[174.9922,-36.9063,0.4287],[174.9924,-36.9067,0.4287],[174.9924,-36.9065,0.4287],[174.9924,-36.9064,0.4287]]],
[[[174.6738,-36.8697,7.1122],[174.6745,-36.8692,1.542],[174.6752,-36.8679,0.283],[174.675,-36.8656,0.1899],[174.6663,-36.8578,0.0],[174.6629,-36.857,0.0],[174.6746,-36.8688,1.542],[174.6738,-36.8697,7.1122]]],
[[[174.9803,-36.8785,3.3661],[174.9805,-36.8771,3.9697],[174.9789,-36.8769,8.3346],[174.9775,-36.8789,12.9252],[174.9787,-36.8795,12.9252],[174.9803,-36.8785,3.3661]]],
[[[175.1309,-36.8564,0.0],[175.1311,-36.8563,0.0],[175.1312,-36.8562,0.0],[175.131,-36.8561,0.0],[175.1309,-36.8564,0.0]]],
[[[175.1305,-36.8571,0.0],[175.1302,-36.8569,0.0],[175.1301,-36.8571,0.0],[175.1303,-36.8572,0.0],[175.1305,-36.8571,0.0]]],
[[[175.1308,-36.8569,0.0],[175.1306,-36.8568,0.0],[175.1305,-36.8569,0.0],[175.1306,-36.857,0.0],[175.1308,-36.8569,0.0]]],
[[[175.1308,-36.8567,0.0],[175.131,-36.8569,0.0],[175.1309,-36.8564,0.0],[175.1305,-36.8566,0.0],[175.1308,-36.8567,0.0]]],
[[[174.9956,-36.9202,1.6673],[174.9938,-36.9185,1.1788],[174.9925,-36.9196,3.4662],[174.9934,-36.9215,3.3018],[174.995,-36.9215,2.8276],[174.997,-36.9224,1.7281],[174.997,-36.9205,1.4602],[174.9956,-36.9202,1.6673]]],
[[[174.9966,-36.9166,1.3699],[174.9971,-36.9152,1.7136],[174.9959,-36.9137,1.0416],[174.9941,-36.9179,2.2368],[174.9966,-36.9166,1.3699]]],
[[[175.1668,-36.9036,21.2468],[175.165,-36.903,37.786],[175.1594,-36.9076,6.8669],[175.1549,-36.9076,5.4099],[175.1547,-36.9114,11.4398],[175.1512,-36.9135,0.0],[175.1547,-36.9189,7.8924],[175.1571,-36.9192,0.0],[175.157,-36.9146,0.0],[175.159,-36.9114,0.0],[175.1641,-36.9113,0.0],[175.1704,-36.9081,23.362],[175.1684,-36.9064,65.222],[175.1689,-36.9036,3.2887],[175.1668,-36.9036,21.2468]]],
[[[174.6479,-36.8125,0.0],[174.6474,-36.8127,0.0],[174.6482,-36.8124,0.0],[174.6483,-36.812,0.0],[174.6481,-36.8124,0.0],[174.6479,-36.8125,0.0]]],
[[[175.2276,-36.789,4.9373],[175.2268,-36.7877,0.0],[175.225,-36.7911,3.707],[175.228,-36.7919,2.0826],[175.2276,-36.789,4.9373]]],
[[[174.6722,-36.7876,0.0],[174.672,-36.7874,0.0],[174.6718,-36.7876,0.0],[174.6722,-36.7876,0.0]]],
[[[174.9862,-36.795,0.0],[174.9856,-36.7947,0.0],[174.9852,-36.795,0.0],[174.9858,-36.7956,0.0],[174.9862,-36.795,0.0]]],
[[[175.0463,-36.7721,0.0],[175.047,-36.7723,0.0],[175.0475,-36.7719,0.0],[175.047,-36.7713,0.0],[175.0463,-36.7721,0.0]]],
[[[174.9849,-36.7725,0.0],[174.9851,-36.7729,0.0],[174.9858,-36.7728,9.9538],[174.9854,-36.7723,9.9538],[174.9849,-36.7725,0.0]]],
[[[175.1078,-36.8163,1.1252],[175.1078,-36.8164,1.1252],[175.1082,-36.8164,1.1252],[175.1081,-36.8162,25.1109],[175.1078,-36.8163,1.1252]]],
[[[175.202,-36.8119,0.8971],[175.201,-36.8076,3.3196],[175.1988,-36.8066,12.3043],[175.1978,-36.8105,31.935],[175.1916,-36.8111,4.4129],[175.1942,-36.8157,17.6885],[175.1913,-36.8184,0.0],[175.1945,-36.8183,0.0],[175.1963,-36.8164,0.535],[175.198,-36.8173,14.0932],[175.1995,-36.8204,37.5891],[175.1974,-36.8239,25.0804],[175.1992,-36.8253,2.3809],[175.2018,-36.8245,1.1434],[175.203,-36.8212,14.3887],[175.2007,-36.8175,5.4311],[175.2033,-36.8132,6.927],[175.202,-36.8119,0.8971]]],
[[[174.7676,-36.8211,0.0],[174.7677,-36.8211,0.0],[174.7676,-36.821,0.0],[174.7676,-36.8211,0.0]]],
[[[175.032,-36.8132,0.0],[175.0328,-36.8129,0.0],[175.0293,-36.814,0.0],[175.03,-36.8143,0.0],[175.032,-36.8132,0.0]]],
[[[174.9738,-36.8113,0.0],[174.9728,-36.8108,0.0],[174.9724,-36.8122,0.0],[174.9737,-36.8125,0.0],[174.9738,-36.8113,0.0]]],
[[[174.9395,-36.8041,0.8424],[174.9365,-36.8019,1.5805],[174.9365,-36.7995,0.0],[174.9331,-36.8023,0.0],[174.9334,-36.8047,0.0],[174.9379,-36.804,3.671],[174.9421,-36.8091,0.0],[174.9431,-36.8135,28.8915],[174.9395,-36.8199,0.0],[174.9411,-36.8224,4.1377],[174.946,-36.8216,4.0007],[174.9532,-36.8134,1.4138],[174.9577,-36.8131,0.0],[174.9595,-36.8113,0.0],[174.9518,-36.8088,1.4454],[174.9518,-36.8069,0.0],[174.946,-36.8068,5.4428],[174.9395,-36.8041,0.8424]]],
[[[175.1978,-36.7957,0.0],[175.1915,-36.7922,0.5224],[175.1895,-36.794,10.3165],[175.1965,-36.7998,0.0],[175.1995,-36.7971,0.0],[175.1978,-36.7957,0.0]]],
[[[174.9182,-36.7313,7.0372],[174.9157,-36.7308,6.3677],[174.9148,-36.7338,0.0],[174.9165,-36.7412,30.2822],[174.9137,-36.7488,27.1832],[174.9078,-36.7522,12.5359],[174.8994,-36.7541,23.6247],[174.8939,-36.7593,2.3954],[174.8956,-36.7621,17.3289],[174.8932,-36.7699,16.2667],[174.8974,-36.7741,7.0303],[174.8969,-36.7753,4.8078],[174.8915,-36.7739,0.5643],[174.8899,-36.7693,0.0],[174.8797,-36.77,11.8316],[174.8766,-36.7668,1.1377],[174.8674,-36.7627,0.0],[174.8565,-36.7651,5.6397],[174.8502,-36.764,0.0],[174.8376,-36.7687,4.7943],[174.8358,-36.7744,0.1149],[174.8301,-36.7786,1.1394],[174.8283,-36.7863,6.0079],[174.8298,-36.7892,9.0379],[174.8279,-36.7903,1.2785],[174.8316,-36.7915,1.0055],[174.8332,-36.795,0.0748],[174.8355,-36.7948,0.2751],[174.8384,-36.7979,9.5146],[174.8403,-36.8015,3.5313],[174.8389,-36.8045,0.2702],[174.8443,-36.8034,2.7557],[174.843,-36.806,0.136],[174.848,-36.8091,0.3687],[174.8505,-36.8077,0.3566],[174.8494,-36.8067,1.731],[174.8507,-36.8064,0.3566],[174.8503,-36.8047,1.5607],[174.8521,-36.8053,10.1524],[174.852,-36.8076,0.9523],[174.8561,-36.8091,3.3998],[174.8612,-36.8086,4.67],[174.8624,-36.8061,13.2421],[174.8637,-36.8074,2.9526],[174.8658,-36.8065,3.2669],[174.8664,-36.8082,0.1633],[174.8716,-36.8051,5.7312],[174.8733,-36.8068,1.8963],[174.8767,-36.8059,4.0843],[174.8776,-36.8042,12.7297],[174.8794,-36.8057,2.056],[174.8799,-36.8037,8.2093],[174.8897,-36.8013,0.3048],[174.8948,-36.7977,3.3321],[174.8962,-36.7928,8.1083],[174.8964,-36.7888,3.7965],[174.8937,-36.7879,3.3629],[174.8911,-36.7839,0.7162],[174.8969,-36.7754,4.8078],[174.9006,-36.7809,21.1405],[174.9033,-36.7892,37.4619],[174.9113,-36.796,30.4244],[174.9126,-36.7955,30.4244],[174.9137,-36.7889,13.5495],[174.9284,-36.784,10.4375],[174.9278,-36.7798,0.0],[174.9299,-36.7783,0.0],[174.9305,-36.7747,7.0025],[174.9295,-36.7673,4.5289],[174.9344,-36.7661,37.5667],[174.9373,-36.7676,2.6203],[174.9357,-36.7642,25.9699],[174.9368,-36.7593,17.2681],[174.9357,-36.7538,13.4077],[174.9321,-36.7531,3.0721],[174.9324,-36.7517,19.2629],[174.9291,-36.7476,27.284],[174.9298,-36.7457,1.0246],[174.9322,-36.747,0.0],[174.9342,-36.7424,0.0],[174.9299,-36.738,28.8136],[174.9278,-36.7404,53.8197],[174.926,-36.7403,34.3263],[174.9182,-36.7313,7.0372]]],
[[[174.9516,-36.7288,0.0],[174.9515,-36.7287,0.0],[174.9513,-36.7289,0.0],[174.9515,-36.729,0.0],[174.9516,-36.7288,0.0]]],
[[[174.9512,-36.7284,0.0],[174.9514,-36.7285,0.0],[174.9516,-36.7281,0.0],[174.9513,-36.7282,0.0],[174.9512,-36.7284,0.0]]],
[[[174.9548,-36.7265,0.0],[174.9554,-36.7262,0.3703],[174.9549,-36.7257,0.3703],[174.9546,-36.7265,0.0],[174.9548,-36.7265,0.0]]],
[[[175.0145,-36.7687,0.1055],[175.0145,-36.7686,0.1055],[175.0144,-36.7684,0.1055],[175.0143,-36.7687,0.1055],[175.0145,-36.7687,0.1055]]],
[[[175.0138,-36.7683,0.0037],[175.014,-36.7683,0.0037],[175.0138,-36.7682,0.0037],[175.0138,-36.7683,0.0037]]],
[[[175.0149,-36.7677,0.2212],[175.015,-36.7677,0.2212],[175.015,-36.7676,0.2212],[175.0149,-36.7677,0.2212]]],
[[[175.0145,-36.7681,0.1055],[175.0146,-36.7682,0.1055],[175.0146,-36.768,0.1055],[175.0145,-36.768,0.1055],[175.0145,-36.7681,0.1055]]],
[[[175.1878,-36.8349,0.0],[175.1884,-36.8304,4.0137],[175.1871,-36.8334,0.0],[175.1828,-36.8345,0.0],[175.1836,-36.8355,15.0101],[175.1816,-36.8374,6.1535],[175.1757,-36.8377,3.8022],[175.1731,-36.8361,1.3692],[175.1716,-36.8398,0.0],[175.1757,-36.8392,19.6193],[175.1773,-36.8412,4.7122],[175.1725,-36.8463,0.0],[175.1748,-36.8472,21.4544],[175.174,-36.8492,1.1844],[175.1786,-36.8508,1.9785],[175.1779,-36.8548,21.5587],[175.1738,-36.8568,2.6158],[175.1778,-36.8585,6.4071],[175.1771,-36.861,1.1324],[175.1711,-36.8601,13.1276],[175.1686,-36.8613,15.5385],[175.1654,-36.8571,0.7107],[175.1628,-36.8621,23.9458],[175.154,-36.8611,0.0],[175.1528,-36.8621,13.1544],[175.1597,-36.8635,4.8805],[175.1618,-36.8664,12.5782],[175.1593,-36.8683,0.0],[175.1657,-36.8707,14.941],[175.1649,-36.8769,3.7369],[175.1677,-36.8755,17.7438],[175.1713,-36.8792,20.4543],[175.1719,-36.8814,19.8973],[175.1705,-36.8829,0.0],[175.172,-36.8828,19.8973],[175.1731,-36.8851,19.3445],[175.1716,-36.8869,11.9697],[175.1751,-36.8896,15.5082],[175.1738,-36.8907,2.9781],[175.1759,-36.8949,0.0],[175.1824,-36.8965,0.0],[175.1848,-36.8948,10.2181],[175.187,-36.8952,7.6047],[175.1895,-36.8976,33.8521],[175.1875,-36.8997,4.1375],[175.1946,-36.9017,0.0],[175.1979,-36.8964,0.0],[175.2011,-36.8975,5.4428],[175.1995,-36.888,0.0],[175.2067,-36.8789,0.0],[175.2059,-36.875,0.0],[175.2015,-36.8728,6.5124],[175.2019,-36.8707,2.2086],[175.1988,-36.8708,16.1289],[175.1966,-36.8684,17.0293],[175.1981,-36.8667,0.0],[175.1947,-36.8642,50.2327],[175.1949,-36.8601,56.6846],[175.1967,-36.8584,0.5238],[175.1947,-36.8557,43.7772],[175.197,-36.854,7.0578],[175.1971,-36.8505,25.3264],[175.1996,-36.8508,0.0],[175.2009,-36.8442,14.4584],[175.1998,-36.8427,4.5241],[175.2013,-36.8404,21.6618],[175.2064,-36.8383,7.9627],[175.2115,-36.8408,18.2911],[175.2106,-36.8382,24.7392],[175.2138,-36.835,0.0],[175.2107,-36.8326,1.0761],[175.2081,-36.8335,15.1921],[175.2034,-36.8321,0.0],[175.204,-36.8339,8.5082],[175.2022,-36.8349,8.2566],[175.1971,-36.8355,3.6598],[175.1932,-36.8342,3.8183],[175.1948,-36.8397,5.7649],[175.1935,-36.84,5.7649],[175.1873,-36.8375,0.0],[175.1878,-36.8349,0.0]]],
[[[174.8965,-36.8276,8.6221],[174.8931,-36.8268,2.9687],[174.8891,-36.8286,3.6861],[174.8915,-36.8318,2.4554],[174.8919,-36.8359,1.6344],[174.8999,-36.8314,0.0],[174.899,-36.828,0.0],[174.8965,-36.8276,8.6221]]],
[[[175.1734,-36.739,6.4839],[175.1699,-36.7387,0.0],[175.1686,-36.743,16.0708],[175.1629,-36.7419,48.8106],[175.1579,-36.7481,25.5733],[175.1511,-36.7504,0.0],[175.1517,-36.7525,0.0],[175.1495,-36.7541,0.0],[175.15,-36.7564,36.0248],[175.1483,-36.7581,14.7669],[175.1497,-36.763,3.1217],[175.1468,-36.7647,21.3914],[175.14,-36.765,37.2745],[175.1368,-36.7636,5.7733],[175.136,-36.7667,25.9416],[175.1336,-36.7655,2.0231],[175.1329,-36.7677,0.0],[175.1301,-36.7669,2.4704],[175.1286,-36.7688,39.2076],[175.1236,-36.7682,5.5568],[175.1234,-36.7653,1.9429],[175.1209,-36.7646,21.0435],[175.1194,-36.7618,5.9794],[175.1138,-36.7654,44.06],[175.1063,-36.7644,3.4349],[175.106,-36.767,22.3131],[175.1033,-36.7691,11.6705],[175.1063,-36.7718,8.3538],[175.1055,-36.7743,2.0546],[175.1082,-36.7767,0.0],[175.1064,-36.7785,0.0],[175.1062,-36.7827,0.0],[175.0984,-36.7862,9.0424],[175.0937,-36.7844,0.0],[175.0917,-36.787,36.6969],[175.0881,-36.7869,4.0413],[175.0867,-36.7882,22.251],[175.0675,-36.7857,12.7638],[175.0631,-36.7827,39.7926],[175.062,-36.7803,15.9495],[175.0632,-36.7779,21.4127],[175.0599,-36.775,1.3588],[175.0631,-36.7714,38.4691],[175.0632,-36.7679,31.9981],[175.0603,-36.7655,1.2642],[175.0593,-36.771,0.0],[175.0554,-36.7704,1.0434],[175.0554,-36.7745,40.2223],[175.054,-36.7755,16.9765],[175.0502,-36.7746,19.4689],[175.0485,-36.7762,0.0],[175.0463,-36.7758,0.0],[175.0471,-36.778,19.6658],[175.0456,-36.7796,9.9823],[175.0393,-36.7796,30.0706],[175.0364,-36.7743,0.0],[175.034,-36.7774,4.7416],[175.0305,-36.7757,0.0],[175.028,-36.7767,0.0],[175.0294,-36.7796,16.2199],[175.0271,-36.7818,20.903],[175.0237,-36.7814,42.0645],[175.0217,-36.779,1.2559],[175.0173,-36.7845,1.6466],[175.0123,-36.7828,0.0],[175.0091,-36.7792,12.178],[175.0097,-36.7769,15.5019],[175.013,-36.7759,0.0],[175.0151,-36.7715,0.0],[175.0146,-36.7689,0.1055],[175.0104,-36.7726,5.5465],[175.0094,-36.7697,7.3917],[175.0088,-36.7714,15.9455],[175.0067,-36.7716,12.288],[175.0067,-36.7683,3.604],[175.0021,-36.7698,42.7185],[174.9939,-36.7687,12.5909],[174.9958,-36.7715,3.0064],[174.9985,-36.7723,20.2996],[174.9977,-36.7744,14.3929],[174.9954,-36.7752,17.5712],[174.9881,-36.7713,27.8894],[174.986,-36.7729,9.9538],[174.9872,-36.7748,18.8016],[174.9852,-36.7776,0.0],[174.9857,-36.7802,0.0],[174.9908,-36.7776,13.61],[174.9924,-36.7825,1.1749],[174.9816,-36.7834,11.4278],[174.9829,-36.7897,0.0],[174.9905,-36.7932,8.2226],[174.9894,-36.7946,0.0],[174.9903,-36.7966,20.0431],[174.9873,-36.8016,2.9151],[174.9888,-36.8034,10.098],[174.988,-36.8115,7.6708],[174.9898,-36.8126,7.2835],[174.9927,-36.81,13.1413],[174.9952,-36.8105,2.5756],[174.9983,-36.8035,0.0],[175.0054,-36.8035,4.8465],[175.006,-36.7956,0.0],[175.0093,-36.7896,0.9577],[175.0171,-36.7905,6.0085],[175.019,-36.7952,3.083],[175.0221,-36.7933,0.6816],[175.0275,-36.7976,2.1954],[175.0263,-36.801,0.0],[175.0234,-36.8021,6.3746],[175.0252,-36.8056,16.8007],[175.018,-36.8096,0.0],[175.0203,-36.8108,0.0],[175.0183,-36.8124,10.3871],[175.0216,-36.8132,0.0],[175.023,-36.8093,11.3386],[175.0278,-36.8081,14.4279],[175.0271,-36.8055,12.3814],[175.0325,-36.8046,3.2967],[175.0322,-36.8009,9.4537],[175.0374,-36.8011,9.3887],[175.0383,-36.8045,0.0],[175.0393,-36.8022,0.0],[175.0391,-36.7992,0.0],[175.0336,-36.7976,15.2549],[175.0379,-36.7963,6.4232],[175.0379,-36.793,13.8515],[175.0388,-36.797,6.4232],[175.0398,-36.7955,9.8979],[175.0418,-36.7948,2.6496],[175.0414,-36.7928,15.8777],[175.0427,-36.7941,8.6385],[175.0475,-36.7911,15.0109],[175.042,-36.7973,4.8838],[175.0401,-36.7959,9.8979],[175.0393,-36.7979,1.8843],[175.0426,-36.8005,1.1301],[175.041,-36.8052,2.5186],[175.0454,-36.8031,3.2012],[175.0474,-36.7993,10.6438],[175.0524,-36.7997,0.6337],[175.0525,-36.7961,9.5556],[175.0544,-36.7971,1.7644],[175.0545,-36.8019,2.0089],[175.0569,-36.801,20.7421],[175.0606,-36.8031,1.3118],[175.0635,-36.8014,5.8675],[175.0704,-36.8021,5.766],[175.0676,-36.8035,9.6995],[175.0688,-36.8046,10.7199],[175.0681,-36.8046,10.7199],[175.0672,-36.8035,9.6995],[175.0643,-36.8037,6.7995],[175.0601,-36.8068,10.4542],[175.0478,-36.8059,2.9408],[175.0451,-36.8075,6.2792],[175.045,-36.81,27.9945],[175.042,-36.8097,23.3015],[175.0396,-36.8121,7.2232],[175.0336,-36.8137,2.9359],[175.0355,-36.8157,8.0238],[175.0326,-36.8183,0.0],[175.0393,-36.8195,17.8772],[175.0421,-36.8185,7.4497],[175.045,-36.8207,0.0],[175.0459,-36.8194,31.9576],[175.0486,-36.8203,7.1792],[175.0538,-36.8179,22.6974],[175.0561,-36.8191,17.0142],[175.0569,-36.8222,0.8204],[175.0583,-36.8196,0.0],[175.0633,-36.8207,13.2954],[175.0657,-36.8177,10.7441],[175.0674,-36.8178,10.7441],[175.0712,-36.8223,0.0],[175.0715,-36.8263,0.0],[175.0699,-36.8284,8.6577],[175.0669,-36.8265,9.2017],[175.0644,-36.8304,13.7777],[175.0601,-36.8294,0.0],[175.0627,-36.8317,0.0],[175.0698,-36.8341,15.1066],[175.0713,-36.8366,0.0],[175.0743,-36.8355,14.568],[175.0767,-36.8372,5.6367],[175.0783,-36.8346,0.0],[175.0811,-36.8337,20.3678],[175.0853,-36.8355,3.6435],[175.0866,-36.8385,0.0],[175.0932,-36.8369,11.411],[175.0971,-36.8414,0.0],[175.0969,-36.839,5.28],[175.0945,-36.8373,0.0],[175.0965,-36.8344,0.0],[175.0952,-36.8318,11.2922],[175.099,-36.8265,2.2749],[175.1019,-36.8276,13.4475],[175.1053,-36.8215,2.2445],[175.1057,-36.8166,3.4589],[175.1027,-36.8148,6.0998],[175.1066,-36.8164,3.4589],[175.1087,-36.8153,25.1109],[175.1071,-36.8212,2.3901],[175.1082,-36.8268,0.0],[175.1137,-36.8321,5.3177],[175.1111,-36.8328,4.9344],[175.1139,-36.835,10.1048],[175.1117,-36.8378,7.1253],[175.1142,-36.8412,3.6914],[175.1109,-36.8446,21.9108],[175.1131,-36.8474,15.8277],[175.1234,-36.8455,21.2496],[175.1267,-36.8481,0.0],[175.1264,-36.8442,0.0],[175.1223,-36.8399,7.6674],[175.1228,-36.837,24.4352],[175.1301,-36.8285,1.7835],[175.1286,-36.8232,4.101],[175.1304,-36.8227,8.4373],[175.1311,-36.8248,1.1978],[175.1336,-36.8244,4.0118],[175.1339,-36.8229,23.134],[175.1402,-36.8237,5.1778],[175.1403,-36.8252,9.7039],[175.136,-36.8255,5.731],[175.1382,-36.8301,29.1569],[175.1321,-36.8328,0.5055],[175.1301,-36.8366,1.6288],[175.1387,-36.8358,11.7558],[175.1404,-36.8391,5.9291],[175.136,-36.8418,34.3685],[175.1375,-36.8441,3.4696],[175.1364,-36.845,7.9213],[175.1381,-36.8483,1.1876],[175.1417,-36.846,37.8831],[175.144,-36.8483,0.0],[175.1488,-36.8443,1.9107],[175.1485,-36.8422,3.047],[175.1524,-36.8423,0.0],[175.1533,-36.8408,0.0],[175.1517,-36.8372,3.7493],[175.1481,-36.8378,0.0],[175.1466,-36.8331,5.7192],[175.1484,-36.8317,7.0982],[175.1517,-36.8342,2.5702],[175.1548,-36.832,4.8417],[175.1567,-36.8329,4.9685],[175.1574,-36.8315,4.9685],[175.1609,-36.8323,0.0],[175.1594,-36.8302,12.3646],[175.1634,-36.8296,0.0],[175.1627,-36.8257,0.0],[175.1646,-36.8247,0.0],[175.1631,-36.8184,0.0],[175.1655,-36.8172,0.0],[175.1624,-36.814,0.0],[175.1644,-36.813,0.0],[175.1641,-36.8095,35.2225],[175.1661,-36.8089,11.3398],[175.1671,-36.8057,7.4254],[175.159,-36.8008,8.7558],[175.1572,-36.7948,16.3896],[175.1597,-36.7916,36.1455],[175.1549,-36.7902,6.291],[175.1562,-36.7845,22.3007],[175.1539,-36.7859,10.7344],[175.1537,-36.7847,10.7344],[175.1596,-36.7832,8.5561],[175.1624,-36.7843,0.0],[175.1664,-36.7779,47.8871],[175.1716,-36.7782,0.0],[175.1745,-36.7762,34.9284],[175.1762,-36.7772,7.9623],[175.1768,-36.775,3.0325],[175.1799,-36.7733,3.4053],[175.1836,-36.7751,0.0],[175.1886,-36.7748,0.0],[175.1933,-36.7791,0.9129],[175.2033,-36.766,15.0755],[175.1999,-36.7604,0.0],[175.1968,-36.7595,0.0],[175.1962,-36.7528,0.0],[175.1938,-36.7519,11.7163],[175.1897,-36.7542,27.4177],[175.1835,-36.7525,1.8944],[175.1814,-36.7537,31.1061],[175.1702,-36.7495,1.7932],[175.1689,-36.7474,7.8133],[175.17,-36.7432,16.0708],[175.1753,-36.7416,0.0],[175.1753,-36.7384,0.4891],[175.1734,-36.739,6.4839]]],
[[[174.9509,-36.7276,9.6635],[174.9524,-36.727,9.6635],[174.9518,-36.724,12.8959],[174.9534,-36.7239,2.017],[174.9518,-36.7189,0.0],[174.9542,-36.7158,7.6967],[174.9543,-36.7127,5.8511],[174.9453,-36.7088,3.3787],[174.9442,-36.712,39.501],[174.9422,-36.7132,4.6548],[174.9452,-36.7139,17.5658],[174.9452,-36.716,12.8859],[174.9401,-36.7181,0.0],[174.9436,-36.7182,13.5599],[174.9436,-36.7286,4.5874],[174.9474,-36.7273,8.7713],[174.9484,-36.725,0.0],[174.9503,-36.7252,0.0],[174.9509,-36.7276,9.6635]]],
[[[175.5386,-36.3336,0.0],[175.5406,-36.3344,0.0],[175.5422,-36.3326,51.9337],[175.5401,-36.3317,0.0],[175.5386,-36.3336,0.0]]],
[[[175.398,-36.0403,0.0],[175.3977,-36.0403,0.0],[175.3976,-36.0405,0.0],[175.3978,-36.0405,0.0],[175.398,-36.0403,0.0]]],
[[[175.3983,-36.0401,0.0],[175.3984,-36.0396,0.0],[175.3978,-36.0399,0.0],[175.3979,-36.0401,0.0],[175.3983,-36.0401,0.0]]],
[[[175.3985,-36.0388,0.0],[175.3984,-36.0388,0.0],[175.3985,-36.0389,0.0],[175.3985,-36.0388,0.0]]],
[[[175.3976,-36.0387,0.0],[175.3978,-36.0391,0.0],[175.3981,-36.039,0.0],[175.3979,-36.0387,0.0],[175.3976,-36.0387,0.0]]],
[[[175.3995,-36.0383,2.1594],[175.3996,-36.0383,2.1594],[175.3996,-36.0382,2.1594],[175.3995,-36.0382,2.1594],[175.3995,-36.0383,2.1594]]],
[[[175.4111,-36.0332,85.8546],[175.411,-36.0337,85.8546],[175.4111,-36.0338,85.8546],[175.4114,-36.0335,53.2628],[175.4111,-36.0332,85.8546]]],
[[[175.4093,-36.0368,3.8103],[175.4098,-36.0365,3.8103],[175.4086,-36.0369,0.0],[175.4087,-36.037,0.0],[175.4093,-36.0368,3.8103]]],
[[[175.4095,-36.0372,3.8103],[175.4086,-36.0371,0.0],[175.4083,-36.0373,0.0],[175.4089,-36.0377,0.0],[175.4095,-36.0372,3.8103]]],
[[[175.3995,-36.0372,0.0],[175.3994,-36.0376,0.0],[175.3996,-36.0376,0.0],[175.4,-36.0373,0.0],[175.3995,-36.0372,0.0]]],
[[[175.3997,-36.0388,2.1594],[175.3997,-36.0389,2.1594],[175.3998,-36.0389,2.1594],[175.3998,-36.0387,2.1594],[175.3997,-36.0388,2.1594]]],
[[[175.3994,-36.0386,2.1594],[175.3994,-36.0387,2.1594],[175.3996,-36.0385,2.1594],[175.3995,-36.0385,2.1594],[175.3994,-36.0386,2.1594]]],
[[[175.3989,-36.0397,0.0],[175.3994,-36.0394,2.1594],[175.3989,-36.039,0.0],[175.3984,-36.0392,0.0],[175.3989,-36.0397,0.0]]],
[[[175.4006,-36.0408,4.2672],[175.399,-36.0408,4.2672],[175.3999,-36.0445,0.0],[175.3985,-36.0501,29.9186],[175.4038,-36.0487,36.2964],[175.4014,-36.0458,39.16],[175.4041,-36.0438,5.1734],[175.4007,-36.0431,0.0],[175.4006,-36.0408,4.2672]]],
[[[175.4031,-36.0281,0.0],[175.4029,-36.0279,0.0],[175.4027,-36.0282,0.0],[175.4029,-36.0283,0.0],[175.4031,-36.0281,0.0]]],
[[[175.4046,-36.0276,0.0],[175.4043,-36.0276,0.0],[175.4043,-36.0279,0.0],[175.4045,-36.0277,0.0],[175.4046,-36.0276,0.0]]],
[[[175.4042,-36.0273,0.0],[175.4046,-36.0272,0.0],[175.4046,-36.0271,0.0],[175.404,-36.0271,0.0],[175.4042,-36.0273,0.0]]],
[[[175.4045,-36.0282,0.0],[175.4045,-36.0283,0.0],[175.4046,-36.0281,0.0],[175.4045,-36.0282,0.0]]],
[[[175.4042,-36.0283,0.0],[175.4044,-36.0281,0.0],[175.4041,-36.028,0.0],[175.4039,-36.0282,0.0],[175.4042,-36.0283,0.0]]],
[[[175.4035,-36.028,0.0],[175.4037,-36.0283,0.0],[175.4041,-36.028,0.0],[175.4035,-36.0278,0.0],[175.4035,-36.028,0.0]]],
[[[175.4048,-36.0268,0.0],[175.4047,-36.0267,0.0],[175.4046,-36.0268,0.0],[175.4047,-36.0269,0.0],[175.4048,-36.0268,0.0]]],
[[[175.404,-36.0266,0.0],[175.4045,-36.0269,0.0],[175.4045,-36.0267,0.0],[175.4053,-36.0259,0.0],[175.4038,-36.0257,0.0],[175.404,-36.0266,0.0]]],
[[[175.4048,-36.0246,0.0],[175.4049,-36.0247,0.0],[175.405,-36.0247,0.0],[175.4049,-36.0245,0.0],[175.4048,-36.0246,0.0]]],
[[[175.4054,-36.0244,0.0],[175.4053,-36.0244,0.0],[175.4053,-36.0245,0.0],[175.4054,-36.0245,0.0],[175.4054,-36.0244,0.0]]],
[[[175.1402,-35.955,0.0],[175.14,-35.9548,0.0],[175.1399,-35.9551,0.0],[175.1402,-35.9551,0.0],[175.1402,-35.955,0.0]]],
[[[175.1579,-35.94,0.0],[175.1577,-35.9403,0.0],[175.1585,-35.9401,0.0],[175.158,-35.9399,0.0],[175.1579,-35.94,0.0]]],
[[[175.154,-35.9437,36.0904],[175.1543,-35.9436,18.4097],[175.1541,-35.9434,18.4097],[175.154,-35.9434,36.0904],[175.154,-35.9437,36.0904]]],
[[[175.1709,-35.9234,0.0],[175.171,-35.9235,0.0],[175.1711,-35.9234,0.0],[175.1709,-35.9234,0.0]]],
[[[175.1666,-35.9231,0.0],[175.1667,-35.9232,0.0],[175.1667,-35.9231,0.0],[175.1666,-35.9231,0.0]]],
[[[175.1661,-35.9228,0.0],[175.1661,-35.9229,0.0],[175.1662,-35.9229,0.0],[175.1663,-35.9228,0.0],[175.1661,-35.9228,0.0]]],
[[[175.1708,-35.9234,0.0],[175.1708,-35.9233,0.0],[175.1707,-35.9234,0.0],[175.1708,-35.9234,0.0]]],
[[[175.1706,-35.9234,0.0],[175.1706,-35.9233,0.0],[175.1704,-35.9234,0.0],[175.1706,-35.9234,0.0]]],
[[[175.1713,-35.9233,0.0],[175.1713,-35.9232,0.0],[175.1711,-35.9233,0.0],[175.1712,-35.9233,0.0],[175.1713,-35.9233,0.0]]],
[[[175.1662,-35.9219,0.0],[175.166,-35.9216,0.0],[175.1658,-35.9217,0.0],[175.166,-35.922,0.0],[175.1662,-35.9219,0.0]]],
[[[175.0989,-35.9171,0.0],[175.099,-35.9172,0.0],[175.0992,-35.9171,0.0],[175.099,-35.9169,0.0],[175.0989,-35.9171,0.0]]],
[[[175.0991,-35.9168,0.0],[175.0992,-35.9169,0.0],[175.0993,-35.9168,0.0],[175.0992,-35.9167,0.0],[175.0991,-35.9168,0.0]]],
[[[175.168,-35.9223,0.0],[175.1677,-35.9225,0.0],[175.1681,-35.9228,0.0],[175.1682,-35.9227,0.0],[175.168,-35.9223,0.0]]],
[[[175.1677,-35.9226,0.0],[175.1676,-35.9223,0.0],[175.167,-35.9224,0.0],[175.1672,-35.9226,0.0],[175.1677,-35.9226,0.0]]],
[[[175.1543,-35.9342,0.0],[175.1483,-35.9358,6.5837],[175.1457,-35.9413,64.0471],[175.1532,-35.9436,36.0904],[175.1536,-35.9431,36.0904],[175.1592,-35.9435,0.0],[175.1609,-35.9451,0.0],[175.1608,-35.9413,0.0],[175.1547,-35.9409,0.0],[175.1551,-35.938,0.0],[175.1531,-35.9361,0.0],[175.1546,-35.9361,0.0],[175.1543,-35.9342,0.0]]],
[[[175.1433,-35.9355,0.0],[175.1432,-35.9355,0.0],[175.1428,-35.9357,0.0],[175.1431,-35.9359,0.0],[175.1433,-35.9355,0.0]]],
[[[175.1028,-35.9116,9.3005],[175.1037,-35.9111,12.6518],[175.1018,-35.9109,0.0],[175.1022,-35.9115,2.4263],[175.1028,-35.9116,9.3005]]],
[[[175.1093,-35.9029,0.0],[175.1097,-35.9035,4.302],[175.1099,-35.9034,4.302],[175.1096,-35.9028,0.0],[175.1093,-35.9029,0.0]]],
[[[175.1146,-35.9089,0.4001],[175.1146,-35.909,0.4001],[175.1147,-35.909,0.4001],[175.1147,-35.9088,0.4001],[175.1146,-35.9089,0.4001]]],
[[[175.105,-35.9088,0.0351],[175.1046,-35.908,4.329],[175.1035,-35.9089,4.329],[175.1043,-35.9093,4.329],[175.105,-35.9088,0.0351]]],
[[[175.105,-35.9078,0.0],[175.1048,-35.9077,0.0],[175.1047,-35.9076,0.0],[175.1048,-35.9078,0.0],[175.105,-35.9078,0.0]]],
[[[175.1043,-35.9074,1.4858],[175.1041,-35.9076,1.4858],[175.1043,-35.9079,1.4858],[175.1044,-35.9075,1.4858],[175.1043,-35.9074,1.4858]]],
[[[175.1157,-35.9097,0.0],[175.1144,-35.9096,0.0],[175.1142,-35.9105,0.0],[175.1153,-35.9104,0.0],[175.1157,-35.9097,0.0]]],
[[[175.1062,-35.9087,0.0351],[175.1052,-35.9089,0.0351],[175.1056,-35.9096,1.9367],[175.1064,-35.9096,1.9367],[175.1062,-35.9087,0.0351]]],
[[[175.0605,-35.8984,0.0],[175.06,-35.8975,0.0],[175.0586,-35.8983,0.0],[175.0602,-35.8994,0.0],[175.0605,-35.8984,0.0]]],
[[[175.1208,-35.9017,1.3241],[175.1193,-35.9014,1.3241],[175.1191,-35.902,1.3241],[175.1205,-35.9021,1.3241],[175.1208,-35.9017,1.3241]]],
[[[175.12,-35.9009,0.5002],[175.1148,-35.9022,6.2776],[175.1178,-35.9031,9.1392],[175.114,-35.903,6.5861],[175.1146,-35.9048,55.4238],[175.1133,-35.9054,55.4238],[175.1122,-35.9041,0.0],[175.1106,-35.9042,4.302],[175.1108,-35.9059,13.5808],[175.1072,-35.9054,3.6087],[175.1094,-35.9067,10.4635],[175.1078,-35.908,0.0],[175.1092,-35.9093,0.0],[175.112,-35.9076,20.3761],[175.1158,-35.9083,0.0],[175.1163,-35.9057,37.9051],[175.121,-35.9033,0.0],[175.1187,-35.903,9.1392],[175.1189,-35.9013,10.0415],[175.12,-35.9009,0.5002]]],
[[[175.1205,-35.9012,0.5002],[175.1202,-35.9014,1.3241],[175.1208,-35.9014,1.3241],[175.1208,-35.9011,0.5002],[175.1205,-35.9012,0.5002]]],
[[[175.0954,-35.915,0.0],[175.0946,-35.9144,0.0],[175.0943,-35.9155,0.0],[175.0953,-35.9152,0.0],[175.0954,-35.915,0.0]]],
[[[175.103,-35.9147,0.0],[175.1033,-35.9148,0.0],[175.1037,-35.9147,0.0],[175.1028,-35.9146,0.0],[175.103,-35.9147,0.0]]],
[[[175.0986,-35.9117,27.3456],[175.0964,-35.9121,0.0],[175.0978,-35.9135,0.0],[175.0974,-35.9141,0.0],[175.099,-35.9141,16.5343],[175.1003,-35.9168,0.0],[175.103,-35.9171,0.0],[175.1007,-35.9126,2.4263],[175.099,-35.9135,16.5343],[175.0986,-35.9117,27.3456]]],
[[[175.0971,-35.9132,0.0],[175.0969,-35.9132,0.0],[175.0971,-35.9135,0.0],[175.0972,-35.9134,0.0],[175.0971,-35.9132,0.0]]],
[[[175.101,-35.9121,2.4263],[175.1008,-35.9121,2.4263],[175.1007,-35.9122,2.4263],[175.101,-35.9123,2.4263],[175.101,-35.9121,2.4263]]],
[[[175.1155,-35.9126,0.0],[175.1151,-35.9128,0.0],[175.1154,-35.9131,0.0],[175.1157,-35.9129,0.0],[175.1155,-35.9126,0.0]]],
[[[175.1148,-35.9128,0.0],[175.1143,-35.9131,0.0],[175.1145,-35.9134,0.0],[175.115,-35.913,0.0],[175.1148,-35.9128,0.0]]],
[[[175.1016,-35.9128,2.4263],[175.1014,-35.913,3.5151],[175.1014,-35.9133,3.5151],[175.1021,-35.9131,3.5151],[175.1016,-35.9128,2.4263]]],
[[[175.1052,-35.9101,1.9367],[175.1035,-35.91,12.6518],[175.1048,-35.9113,1.136],[175.102,-35.9138,3.5151],[175.1042,-35.9144,3.5922],[175.1045,-35.9152,0.0],[175.1041,-35.9135,3.5922],[175.1077,-35.9119,0.0],[175.1061,-35.9121,1.136],[175.1068,-35.9106,0.0],[175.1052,-35.9101,1.9367]]],
[[[175.4112,-36.0325,113.0711],[175.411,-36.0327,113.0711],[175.4114,-36.0328,90.3237],[175.4115,-36.0327,90.3237],[175.4112,-36.0325,113.0711]]],
[[[175.4093,-36.03,54.8789],[175.4043,-36.0298,0.0],[175.4046,-36.0315,7.2312],[175.4014,-36.0319,0.0],[175.3999,-36.0384,2.1594],[175.4022,-36.0395,7.9988],[175.4051,-36.036,71.9617],[175.4099,-36.0362,59.049],[175.4082,-36.0347,20.4843],[175.411,-36.0331,85.8546],[175.4093,-36.03,54.8789]]],
[[[175.4121,-36.0323,90.3237],[175.4119,-36.0326,90.3237],[175.4123,-36.0327,90.3237],[175.4122,-36.0324,90.3237],[175.4121,-36.0323,90.3237]]],
[[[175.4127,-36.0326,90.3237],[175.413,-36.0327,90.3237],[175.4132,-36.0323,90.3237],[175.413,-36.0323,90.3237],[175.4127,-36.0326,90.3237]]],
[[[174.7295,-36.3894,0.0],[174.7276,-36.3903,0.0],[174.7272,-36.3931,5.4371],[174.7255,-36.3913,12.9199],[174.7204,-36.3936,12.1689],[174.7178,-36.3921,0.0],[174.7166,-36.3961,13.5566],[174.7157,-36.3921,8.9479],[174.7103,-36.3908,11.2503],[174.7129,-36.3883,11.8823],[174.7118,-36.3849,9.313],[174.7132,-36.3856,9.313],[174.7133,-36.3876,21.1105],[174.7151,-36.3885,0.428],[174.7126,-36.3831,5.1834],[174.7111,-36.3825,7.2613],[174.7114,-36.3798,7.3677],[174.7081,-36.3781,8.9824],[174.7094,-36.3768,10.2359],[174.7089,-36.3782,8.9824],[174.7128,-36.3798,3.4366],[174.7114,-36.3778,9.111],[174.7127,-36.3741,4.2298],[174.7101,-36.3729,9.2485],[174.709,-36.3695,7.2343],[174.7094,-36.3693,7.2343],[174.7102,-36.3702,13.4377],[174.7105,-36.3728,9.2485],[174.7141,-36.3736,11.2028],[174.7125,-36.3777,4.2857],[174.7141,-36.3796,32.4276],[174.7126,-36.381,3.4366],[174.7165,-36.3825,12.1135],[174.7154,-36.3844,3.9722],[174.7141,-36.3838,3.9722],[174.7168,-36.3861,17.5434],[174.7169,-36.3884,3.1701],[174.7215,-36.3882,7.6922],[174.7213,-36.3847,20.2555],[174.7235,-36.3844,7.3453],[174.7236,-36.3815,3.2509],[174.7259,-36.3806,9.3676],[174.7234,-36.3763,4.3114],[174.726,-36.3755,5.0966],[174.7266,-36.3725,1.7384],[174.7202,-36.3709,6.7595],[174.7222,-36.3693,3.154],[174.7203,-36.3676,12.5773],[174.7261,-36.3697,3.2692],[174.7265,-36.3717,1.7384],[174.7278,-36.3692,5.0178],[174.7211,-36.3644,16.696],[174.7203,-36.3619,8.0604],[174.7217,-36.3625,8.0604],[174.7229,-36.3647,1.5165],[174.723,-36.3625,4.4432],[174.7194,-36.3575,11.1237],[174.7187,-36.3516,13.3243],[174.7199,-36.3525,14.5863],[174.7199,-36.3551,8.2974],[174.721,-36.3558,8.2974],[174.7205,-36.3572,3.8386],[174.7219,-36.3575,3.8386],[174.7214,-36.359,2.3442],[174.7236,-36.3608,7.473],[174.7234,-36.3638,3.2353],[174.7261,-36.3668,3.7714],[174.7279,-36.3665,3.7714],[174.7273,-36.3646,6.0005],[174.729,-36.3666,3.8178],[174.7277,-36.3786,0.5693],[174.7294,-36.3788,1.3675],[174.7297,-36.3709,1.753],[174.7306,-36.3718,1.9236],[174.732,-36.3673,5.5175],[174.7283,-36.3604,6.2011],[174.731,-36.3614,2.2183],[174.7318,-36.3596,2.2413],[174.7312,-36.3638,2.5498],[174.7341,-36.3653,4.435],[174.732,-36.3708,4.6985],[174.7348,-36.3709,17.6629],[174.7344,-36.3733,2.476],[174.7388,-36.3696,6.1108],[174.741,-36.3729,25.7485],[174.7401,-36.3736,0.9346],[174.7417,-36.3737,9.0044],[174.739,-36.3775,2.572],[174.7418,-36.3805,14.6316],[174.7411,-36.3807,14.6316],[174.7404,-36.3799,9.2256],[174.7368,-36.3798,13.3012],[174.734,-36.3786,6.9774],[174.7328,-36.3797,24.5004],[174.7333,-36.384,15.7202],[174.7301,-36.3864,0.0],[174.7319,-36.3883,0.0],[174.7333,-36.3867,9.0749],[174.7377,-36.3881,0.0],[174.7377,-36.3865,16.5106],[174.742,-36.3892,8.905],[174.7441,-36.3878,14.4952],[174.7429,-36.39,25.3738],[174.742,-36.3904,7.5086],[174.7363,-36.3908,0.0],[174.7429,-36.3973,5.1641],[174.7488,-36.3922,30.1447],[174.7577,-36.3921,0.0],[174.758,-36.3905,0.0],[174.755,-36.3877,2.1891],[174.7569,-36.3847,38.7508],[174.7549,-36.3817,2.9547],[174.7668,-36.384,0.9704],[174.7657,-36.3807,13.894],[174.7689,-36.3814,9.6176],[174.7705,-36.3789,12.1567],[174.7692,-36.3822,9.6176],[174.7652,-36.3867,16.7209],[174.7704,-36.3927,4.838],[174.7755,-36.3916,0.0],[174.7766,-36.3881,0.0],[174.7755,-36.3863,0.0],[174.7808,-36.3846,5.5509],[174.7811,-36.385,5.5509],[174.7806,-36.3864,0.0],[174.782,-36.3887,0.0],[174.7862,-36.3875,14.6302],[174.7881,-36.3898,0.0],[174.7915,-36.3898,0.0],[174.79,-36.3831,0.0],[174.7944,-36.3798,0.0],[174.7945,-36.3778,1.9263],[174.8045,-36.3831,0.0],[174.8094,-36.3785,8.0283],[174.8181,-36.3791,9.8326],[174.8232,-36.3752,34.57],[174.8299,-36.377,20.5634],[174.8333,-36.3759,47.3309],[174.8476,-36.3777,41.4782],[174.8593,-36.373,6.9791],[174.8607,-36.3706,42.7299],[174.867,-36.3689,-0.0185],[174.8664,-36.3638,0.0],[174.8613,-36.3622,0.4456],[174.8574,-36.3666,35.0185],[174.8453,-36.3661,0.0],[174.8428,-36.3688,3.3663],[174.8388,-36.3695,0.0],[174.8197,-36.3617,2.9893],[174.8166,-36.3577,0.0],[174.8141,-36.3573,6.4699],[174.815,-36.356,0.0],[174.8122,-36.3562,1.253],[174.8045,-36.3486,5.5706],[174.7976,-36.3512,1.4958],[174.7894,-36.3506,2.9988],[174.784,-36.345,0.0],[174.78,-36.3368,1.5338],[174.7795,-36.3192,0.0],[174.77,-36.3346,1.4345],[174.7691,-36.3401,0.7713],[174.7747,-36.3509,0.3287],[174.7827,-36.3537,3.5243],[174.7823,-36.3539,3.5243],[174.7811,-36.3539,10.2946],[174.7797,-36.3534,10.2946],[174.7777,-36.3537,10.9132],[174.7765,-36.3558,1.7673],[174.7777,-36.3576,6.7939],[174.7755,-36.3611,1.1595],[174.7662,-36.3557,2.0931],[174.7618,-36.3572,3.2275],[174.7663,-36.3526,1.5025],[174.7599,-36.3435,1.0227],[174.7595,-36.3354,0.5685],[174.7635,-36.328,0.0],[174.7582,-36.3198,1.4741],[174.755,-36.3198,2.2277],[174.7444,-36.3343,1.6809],[174.7427,-36.3348,3.4838],[174.7393,-36.3342,7.3954],[174.7433,-36.3345,1.6809],[174.7441,-36.3281,7.5479],[174.7515,-36.3226,0.7461],[174.7479,-36.3193,12.1429],[174.75,-36.3197,3.6427],[174.7502,-36.3209,3.6427],[174.7519,-36.3207,1.9882],[174.7565,-36.3153,8.2694],[174.7549,-36.3148,8.2694],[174.7575,-36.3132,1.0643],[174.7649,-36.3146,0.9738],[174.7646,-36.3163,0.0],[174.7711,-36.3145,26.4033],[174.7714,-36.3116,0.4416],[174.7772,-36.3109,6.3047],[174.7788,-36.308,0.724],[174.7867,-36.3044,18.0673],[174.7827,-36.3087,2.2356],[174.7841,-36.3102,43.6164],[174.7822,-36.3097,20.1681],[174.7791,-36.3129,0.0],[174.7851,-36.3142,19.7121],[174.786,-36.3159,35.3912],[174.7838,-36.3197,6.4175],[174.7902,-36.3216,0.0],[174.8,-36.3207,21.9624],[174.799,-36.3167,17.061],[174.795,-36.3125,0.0],[174.7962,-36.3086,0.0],[174.7948,-36.3077,0.0],[174.7946,-36.3034,0.0],[174.8018,-36.2999,3.8151],[174.8031,-36.297,5.5664],[174.8091,-36.2936,9.9387],[174.8087,-36.2914,11.9399],[174.8104,-36.2901,26.4977],[174.8041,-36.2883,31.0175],[174.8045,-36.2862,52.18],[174.8093,-36.2876,14.9303],[174.8127,-36.2831,44.4519],[174.8111,-36.2873,22.0283],[174.8168,-36.29,1.2729],[174.8157,-36.2877,24.2264],[174.8181,-36.2853,25.9625],[174.8161,-36.2838,39.1861],[174.819,-36.2825,0.0],[174.8182,-36.2812,46.3351],[174.8215,-36.2793,0.0],[174.822,-36.2774,0.0],[174.8167,-36.275,15.4293],[174.8136,-36.2756,20.529],[174.8084,-36.2717,35.0385],[174.7989,-36.2687,10.342],[174.7916,-36.2709,7.5052],[174.7833,-36.2691,4.661],[174.7791,-36.2699,69.5879],[174.7762,-36.2679,0.5079],[174.7757,-36.2656,0.0],[174.7686,-36.2611,1.2517],[174.7609,-36.2611,24.724],[174.7555,-36.259,7.1407],[174.7543,-36.2601,30.1984],[174.7471,-36.2577,0.8833],[174.7285,-36.2446,6.543],[174.6956,-36.2166,5.8716],[174.6632,-36.1845,1.6673],[174.6517,-36.168,15.4851],[174.6506,-36.1652,12.6733],[174.6531,-36.1634,0.0],[174.6465,-36.1586,1.0591],[174.6359,-36.1458,0.0],[174.6166,-36.1175,5.5812],[174.6059,-36.1216,10.1792],[174.6069,-36.1228,20.3153],[174.6045,-36.1271,25.7901],[174.6068,-36.1327,18.7675],[174.6008,-36.1332,17.3503],[174.6017,-36.1367,37.4248],[174.5986,-36.1403,53.1219],[174.5937,-36.1418,54.2785],[174.5884,-36.1405,59.353],[174.5847,-36.1431,35.2446],[174.5824,-36.1485,46.2981],[174.5839,-36.1561,54.2793],[174.5867,-36.1577,62.3705],[174.5809,-36.1664,111.1388],[174.5712,-36.1662,34.4789],[174.5703,-36.172,103.4461],[174.5657,-36.1714,104.1833],[174.5658,-36.1741,102.6586],[174.5641,-36.1738,107.057],[174.5628,-36.1791,155.4621],[174.5518,-36.1774,144.3854],[174.548,-36.1802,165.5238],[174.5459,-36.1795,143.6466],[174.5397,-36.1828,148.847],[174.5346,-36.1835,155.3926],[174.5223,-36.1972,168.4272],[174.5245,-36.2028,173.926],[174.5232,-36.2047,167.9897],[174.5254,-36.2079,169.1274],[174.523,-36.2101,175.1827],[174.5185,-36.2105,152.5069],[174.4985,-36.2243,71.0384],[174.4886,-36.2231,74.6496],[174.4858,-36.2258,55.1773],[174.4851,-36.2296,27.9467],[174.4835,-36.2302,27.9467],[174.4832,-36.228,17.3141],[174.4787,-36.2301,7.8367],[174.4743,-36.2366,2.1408],[174.4777,-36.2382,24.8643],[174.4727,-36.2387,2.1416],[174.474,-36.2415,1.6904],[174.4768,-36.2417,12.0656],[174.4773,-36.2427,26.8232],[174.4749,-36.2421,1.6904],[174.4745,-36.244,0.0],[174.4775,-36.2477,35.9082],[174.4748,-36.2489,0.0],[174.477,-36.2503,6.0065],[174.4752,-36.2537,15.0102],[174.472,-36.2547,12.5835],[174.4731,-36.2593,23.7203],[174.4765,-36.26,3.6067],[174.4824,-36.2578,16.0091],[174.4847,-36.2539,18.3683],[174.4833,-36.2512,23.1949],[174.4895,-36.248,4.9048],[174.4898,-36.2464,2.5534],[174.4881,-36.2457,25.4621],[174.4948,-36.2441,17.9573],[174.4981,-36.2401,9.6354],[174.4979,-36.2415,16.2244],[174.495,-36.2449,10.6299],[174.4915,-36.2464,8.7206],[174.4925,-36.2474,8.7206],[174.4901,-36.2495,4.9048],[174.4912,-36.2526,2.5437],[174.4938,-36.2535,4.5051],[174.499,-36.2522,13.9483],[174.5042,-36.2491,13.6763],[174.5068,-36.2494,18.9293],[174.509,-36.2526,10.7525],[174.5088,-36.2528,10.7525],[174.5077,-36.2519,9.3316],[174.5066,-36.25,6.3507999999999996],[174.5042,-36.2494,13.6763],[174.4981,-36.2531,12.2242],[174.4992,-36.2558,8.9869],[174.4966,-36.2536,7.0151],[174.4915,-36.2564,13.3098],[174.4918,-36.2546,6.4176],[174.4882,-36.2541,8.597],[174.4869,-36.2577,9.7695],[174.4827,-36.2608,2.3132],[174.4849,-36.2639,22.657],[174.4808,-36.2618,8.8402],[174.4801,-36.2655,21.4172],[174.482,-36.2688,12.7577],[174.4948,-36.2729,7.0546],[174.4884,-36.2738,10.2444],[174.4835,-36.2711,2.8511],[174.4848,-36.275,20.6435],[174.4828,-36.274,10.7887],[174.4809,-36.2768,9.323],[174.4778,-36.277,8.2878],[174.4804,-36.2759,6.0598],[174.4785,-36.2749,10.6095],[174.4826,-36.2728,13.3604],[174.4801,-36.2691,8.2429],[174.4792,-36.2636,19.6879],[174.4759,-36.2618,6.5631],[174.4751,-36.2635,14.474],[174.4727,-36.2608,2.7654],[174.4702,-36.262,10.0151],[174.4707,-36.2601,4.6215],[174.4626,-36.2618,3.3187],[174.4617,-36.2648,7.7431],[174.4551,-36.2556,6.2582],[174.4527,-36.2594,14.436],[174.4532,-36.2624,12.1003],[174.449,-36.2611,3.0865],[174.4446,-36.2641,11.2617],[174.4464,-36.2692,5.8607],[174.4452,-36.2698,11.6611],[174.4428,-36.2666,7.1012],[174.4399,-36.2686,2.0235],[174.4379,-36.2715,2.3726],[174.44,-36.2751,21.0204],[174.4365,-36.2733,9.9585],[174.4317,-36.2759,17.7755],[174.43,-36.2706,1.5683],[174.4297,-36.2734,3.5691],[174.4246,-36.2763,10.0019],[174.4271,-36.2782,5.1843],[174.4262,-36.283,10.3028],[174.4273,-36.2863,2.1428],[174.4303,-36.2875,12.4874],[174.4296,-36.2902,5.9309],[174.4319,-36.2932,2.8761],[174.437,-36.293,12.3288],[174.4393,-36.2885,13.2642],[174.4421,-36.2872,11.7358],[174.4417,-36.2859,14.094],[174.4427,-36.2865,11.7358],[174.4423,-36.2866,11.7358],[174.4418,-36.2862,14.094],[174.4423,-36.2872,11.7358],[174.4398,-36.2886,13.2642],[174.4378,-36.293,12.3288],[174.4346,-36.294,4.4958],[174.4359,-36.2967,12.4666],[174.4334,-36.2947,4.6483],[174.4321,-36.2981,3.4589],[174.4335,-36.2985,3.4589],[174.4333,-36.3023,14.7031],[174.4328,-36.3026,14.7031],[174.4325,-36.2986,3.4589],[174.4317,-36.2996,15.9723],[174.4314,-36.2941,8.9431],[174.4292,-36.2927,8.7656],[174.4287,-36.29,5.9309],[174.4251,-36.2892,3.3315],[174.4236,-36.2852,1.9262],[174.4212,-36.2903,5.2446],[174.4222,-36.294,10.4047],[174.4213,-36.2972,6.5303],[174.4201,-36.297,6.5303],[174.4212,-36.2931,7.154],[174.4205,-36.2909,5.2446],[174.4184,-36.2913,15.493],[174.4206,-36.2902,5.2446],[174.4193,-36.2858,9.6985],[174.4175,-36.2834,3.2043],[174.414,-36.2853,5.8815],[174.4158,-36.28,1.7951],[174.414,-36.28,1.9286],[174.4071,-36.2951,9.7883],[174.4017,-36.2965,22.3479],[174.3999,-36.3003,3.8084],[174.3941,-36.3018,7.595],[174.3927,-36.311,2.3804],[174.3951,-36.3151,15.7505],[174.3936,-36.3197,5.5069],[174.391,-36.3121,1.8635],[174.3794,-36.3122,0.6893],[174.3783,-36.3174,1.5964],[174.3851,-36.3219,17.0764],[174.3845,-36.3256,10.8562],[174.3821,-36.3228,2.1088],[174.3811,-36.3244,8.4035],[174.381,-36.323,8.4035],[174.3734,-36.3195,3.5882],[174.3709,-36.3137,15.1259],[174.3664,-36.3108,2.1954],[174.3656,-36.3182,7.9044],[174.3699,-36.3209,3.5383],[174.3694,-36.3236,12.1924],[174.3651,-36.3207,5.1582],[174.3586,-36.3191,6.7043],[174.3578,-36.3201,19.5365],[174.3604,-36.3239,12.9399],[174.3511,-36.323,18.0032],[174.3489,-36.3213,23.7768],[174.3443,-36.3234,9.4144],[174.3428,-36.3225,0.0],[174.3414,-36.3271,14.7661],[174.3449,-36.3308,10.5307],[174.3396,-36.3281,8.7891],[174.3325,-36.3311,13.2797],[174.3393,-36.3241,0.0],[174.3335,-36.3237,6.8391],[174.3297,-36.3213,15.1342],[174.3204,-36.3313,20.0886],[174.3254,-36.3241,5.599],[174.3245,-36.3198,39.1821],[174.32,-36.3201,17.8109],[174.32,-36.3257,16.5721],[174.3181,-36.3269,6.7959],[174.3101,-36.3278,15.9423],[174.3089,-36.3204,11.5015],[174.3049,-36.3163,0.0],[174.3011,-36.3151,25.7095],[174.2988,-36.309,5.4587],[174.2811,-36.3055,6.0019],[174.2762,-36.3068,28.4366],[174.274,-36.31,3.2383],[174.2663,-36.3112,0.0],[174.2577,-36.3254,0.6275],[174.2594,-36.3461,7.7631],[174.2587,-36.3628,2.4846],[174.2536,-36.3739,6.7537],[174.2549,-36.3785,4.7699],[174.2574,-36.3808,6.669],[174.2657,-36.3842,6.2499],[174.2745,-36.3912,2.1445],[174.2811,-36.3926,0.4558],[174.2822,-36.3923,0.0],[174.2801,-36.3913,0.4558],[174.2826,-36.3891,1.8047],[174.2781,-36.3878,1.7782],[174.28,-36.3865,2.0213],[174.2921,-36.3901,0.0],[174.3103,-36.3893,2.1804],[174.3108,-36.3874,1.8583],[174.309,-36.3871,2.1911],[174.3074,-36.3879,2.4014],[174.3037,-36.3881,1.856],[174.3006,-36.3893,2.1666],[174.3037,-36.3879,2.3935],[174.3062,-36.3875,2.132],[174.308,-36.3875,2.4014],[174.3092,-36.3852,2.0202],[174.3064,-36.3853,2.6869],[174.3006,-36.3783,3.8889],[174.3008,-36.3751,1.9252],[174.3045,-36.3758,1.5928],[174.3053,-36.3721,2.4727],[174.3036,-36.3689,3.3423],[174.3063,-36.3696,1.628],[174.3071,-36.3687,2.8823],[174.3056,-36.3673,5.7838],[174.3085,-36.3659,3.6405],[174.3059,-36.3624,7.7924],[174.3039,-36.3539,5.3276],[174.3047,-36.3543,10.2195],[174.3063,-36.3575,6.8017],[174.3074,-36.3572,6.8017],[174.3079,-36.362,2.6019],[174.3122,-36.3648,3.0431],[174.3083,-36.3716,2.2616],[174.3122,-36.3743,9.2137],[174.3105,-36.3772,4.6216],[174.3139,-36.3774,7.0266],[174.3158,-36.3799,2.7593],[174.3188,-36.3801,9.0882],[174.3203,-36.383,1.2158],[174.3329,-36.3874,6.2286],[174.3352,-36.3914,0.5161],[174.3381,-36.392,3.6135],[174.3505,-36.403,5.2162],[174.3501,-36.4057,8.6656],[174.3531,-36.4078,4.7167],[174.3536,-36.41,0.0],[174.3571,-36.4113,0.0],[174.3604,-36.409,24.3987],[174.364,-36.4094,0.0],[174.3667,-36.4053,2.3612],[174.3667,-36.4006,3.5765],[174.368,-36.3995,8.65],[174.3816,-36.406,26.403199999999998],[174.3843,-36.4034,16.6446],[174.3837,-36.3984,1.3443],[174.3851,-36.3949,0.6337],[174.3783,-36.389,1.748],[174.3733,-36.3911,2.1337],[174.3689,-36.3962,5.4181],[174.3685,-36.3953,5.4181],[174.3709,-36.3936,4.8604],[174.3712,-36.3902,17.2799],[174.3743,-36.3874,1.4713],[174.3734,-36.3838,2.1268],[174.3681,-36.3834,8.2129],[174.3714,-36.3828,6.2783],[174.3699,-36.3804,7.3894],[174.3748,-36.3814,4.9509],[174.3785,-36.3848,1.5095],[174.3866,-36.3844,17.1431],[174.3878,-36.3858,2.2555],[174.3895,-36.3852,0.0],[174.3896,-36.3803,3.5951],[174.3934,-36.3817,0.9978],[174.4022,-36.3817,0.7511],[174.4151,-36.3749,1.8168],[174.4131,-36.3718,2.3548],[174.4079,-36.3688,1.055],[174.4042,-36.3702,7.2871],[174.3996,-36.3695,2.7147],[174.4019,-36.3662,2.8196],[174.4022,-36.3592,2.1455],[174.3987,-36.3584,2.5466],[174.3953,-36.3617,12.454],[174.3956,-36.3606,2.8833],[174.3932,-36.3591,7.8962],[174.398,-36.3538,14.7042],[174.397,-36.3494,1.3533],[174.3899,-36.3527,4.461],[174.3925,-36.3502,2.8069],[174.391,-36.3494,1.5697],[174.3866,-36.3521,10.6548],[174.387,-36.3515,10.6548],[174.3884,-36.3508,12.1259],[174.3888,-36.3499,5.6149],[174.39,-36.3496,5.6149],[174.3886,-36.3498,5.6149],[174.3901,-36.3485,3.7207],[174.3921,-36.3474,3.7234],[174.3881,-36.3463,13.6886],[174.3954,-36.3448,2.1762],[174.3882,-36.3445,10.6557],[174.3887,-36.3435,12.2358],[174.3953,-36.3435,1.8817],[174.3894,-36.3406,4.5563],[174.3898,-36.3398,4.5563],[174.3882,-36.3387,23.3409],[174.3876,-36.3353,8.1258],[174.3879,-36.3364,16.3816],[174.3898,-36.3349,11.592],[174.389,-36.3382,3.3956],[174.3924,-36.3405,2.8731],[174.3935,-36.3401,1.7267],[174.3919,-36.339,7.2135],[174.3947,-36.3393,14.4549],[174.3951,-36.3373,18.1291],[174.3997,-36.3398,1.4006],[174.4022,-36.3387,4.3285],[174.4022,-36.337,15.3827],[174.4043,-36.3388,3.6255],[174.4054,-36.3372,8.111],[174.4049,-36.3406,0.9355],[174.4072,-36.3428,24.0781],[174.4047,-36.3446,0.0],[174.4077,-36.3504,2.6849],[174.4139,-36.3481,2.6324],[174.417,-36.344,11.4048],[174.4153,-36.3481,2.6324],[174.4232,-36.3486,5.5672],[174.4306,-36.3439,6.7164],[174.433,-36.3384,18.8757],[174.4357,-36.336,7.3996],[174.4351,-36.3347,7.3996],[174.4359,-36.3353,7.3996],[174.4356,-36.3364,16.9396],[174.4343,-36.3374,16.9396],[174.4344,-36.3386,36.8869],[174.4332,-36.3386,18.8757],[174.4334,-36.3411,11.4151],[174.4312,-36.3447,10.6337],[174.4247,-36.3488,8.584],[174.4301,-36.3507,7.7903],[174.4308,-36.353,14.3621],[174.4289,-36.3506,6.4565],[174.4206,-36.35,9.1639],[174.4153,-36.3556,0.0],[174.4156,-36.3576,28.192],[174.4193,-36.3583,4.909],[174.4242,-36.3623,13.9824],[174.4191,-36.3638,2.1525],[174.4196,-36.3671,10.6313],[174.4222,-36.3686,4.5176],[174.4214,-36.3716,0.0],[174.4241,-36.3731,0.6889],[174.4284,-36.3718,2.5686],[174.4218,-36.3763,0.9965],[174.4177,-36.3816,1.7099],[174.4029,-36.3867,0.0],[174.4019,-36.3887,0.7352],[174.4043,-36.3927,0.5465],[174.4085,-36.3885,0.2644],[174.4117,-36.3883,0.8582],[174.4066,-36.3928,1.0819],[174.4034,-36.3928,0.5465],[174.4,-36.3887,1.2109],[174.3942,-36.389,0.3311],[174.3927,-36.392,0.0],[174.3986,-36.3975,0.0],[174.4072,-36.4009,0.3688],[174.4099,-36.4002,0.5741],[174.4136,-36.4028,0.6629],[174.4214,-36.4012,1.5775],[174.4239,-36.3966,4.6853],[174.4237,-36.3993,1.4721],[174.4218,-36.4016,1.1122],[174.4139,-36.4045,0.0],[174.4129,-36.4107,0.0],[174.419,-36.4131,2.0482],[174.4177,-36.4167,0.2456],[174.421,-36.419,0.2593],[174.4247,-36.4193,2.0516],[174.427,-36.4168,2.4003],[174.4281,-36.4184,1.9746],[174.4252,-36.4228,0.2605],[174.4287,-36.4244,2.1912],[174.4289,-36.4279,8.6116],[174.439,-36.4256,3.7033],[174.4414,-36.4236,1.102],[174.4399,-36.4275,0.3569],[174.4297,-36.431399999999996,1.7004],[174.4249,-36.4379,5.6539],[174.4162,-36.4407,2.6714],[174.4185,-36.4446,2.0563],[174.4147,-36.4454,1.9004],[174.4104,-36.4507,2.1741],[174.4095,-36.4544,1.3678],[174.4124,-36.4562,1.516],[174.4106,-36.4627,2.0689],[174.4135,-36.4644,1.8317],[174.4126,-36.4679,1.1207],[174.4099,-36.4683,1.8661],[174.4072,-36.4729,2.0723],[174.4068,-36.4775,0.0],[174.4096,-36.486,1.4048],[174.4139,-36.4921,0.2095],[174.4211,-36.4956,3.6833],[174.4247,-36.4943,9.5064],[174.4243,-36.5039,1.2626],[174.4276,-36.5043,1.6004],[174.4313,-36.511,1.2751999999999999],[174.4271,-36.5125,2.3464],[174.4273,-36.5224,2.8326],[174.4241,-36.5282,5.6354],[174.4321,-36.5284,2.4464],[174.4277,-36.529,5.5718],[174.4222,-36.5287,0.0],[174.4235,-36.5313,0.0],[174.4229,-36.5356,0.0],[174.4268,-36.5388,0.0],[174.4318,-36.5388,1.6639],[174.4308,-36.5415,0.0],[174.4336,-36.5415,0.0],[174.4361,-36.5458,1.9508],[174.4395,-36.5465,1.816],[174.4372,-36.5481,1.5277],[174.4401,-36.5529,1.4444],[174.4452,-36.5518,1.3234],[174.4475,-36.5536,2.3206],[174.4446,-36.5544,2.514],[174.4442,-36.5596,1.2569],[174.4436,-36.5595,1.8037],[174.4429,-36.5569,1.8276],[174.4419,-36.5588,1.5258],[174.4371,-36.56,1.9441],[174.4333,-36.5592,1.4416],[174.4254,-36.5607,1.5263],[174.4244,-36.5593,0.5208],[174.4237,-36.5625,1.9899],[174.4211,-36.5628,0.1699],[174.4184,-36.5661,0.249],[174.4182,-36.5696,0.1048],[174.4259,-36.5776,2.6016],[174.4321,-36.5778,3.9431],[174.4261,-36.5795,0.0],[174.4139,-36.577,0.2346],[174.4137,-36.5791,1.0937],[174.4098,-36.5803,0.4419],[174.4104,-36.5835,1.251],[174.4091,-36.5841,0.2435],[174.4111,-36.586,0.4806],[174.4154,-36.5847,0.8161],[174.4194,-36.5868,0.0],[174.4225,-36.5853,2.1537],[174.4293,-36.5877,2.4461],[174.4374,-36.5876,2.1399],[174.4349,-36.5894,2.0555],[174.4355,-36.5941,3.5264],[174.4403,-36.5921,2.5438],[174.4445,-36.5947,2.657],[174.4426,-36.5977,1.8357],[174.4429,-36.6003,2.4055],[174.4404,-36.6035,1.2467],[174.4398,-36.6021,0.0],[174.4379,-36.6054,0.0],[174.4402,-36.6059,2.1946],[174.4402,-36.6079,2.4153],[174.4379,-36.6098,3.2966],[174.436,-36.622,11.2052],[174.4351,-36.6204,1.7055],[174.4284,-36.6232,1.8633],[174.4327,-36.6274,2.1412],[174.4339,-36.6259,2.1802],[174.4338,-36.6276,2.1412],[174.4363,-36.6272,2.1846],[174.433,-36.6305,0.3512],[174.4362,-36.6333,2.2176],[174.4344,-36.6336,1.7059],[174.4353,-36.6365,2.7781],[174.4438,-36.6445,2.0918],[174.4426,-36.6496,2.7688],[174.4489,-36.6556,5.3767],[174.4473,-36.6582,3.1105],[174.4431,-36.6582,3.6013],[174.4413,-36.6598,2.2034],[174.4478,-36.6605,2.079],[174.4499,-36.6654,2.2666],[174.442,-36.6677,1.8464],[174.4411,-36.6692,0.7708],[174.4428,-36.6706,1.3542],[174.4493,-36.6687,1.9523],[174.4498,-36.6772,0.9305],[174.4469,-36.6791,2.5282],[174.4451,-36.6751,1.9184],[174.4428,-36.6741,2.4145],[174.4411,-36.6792,0.7721],[174.4491,-36.6829,15.891],[174.4494,-36.6845,1.8309],[174.4456,-36.6854,1.442],[174.446,-36.6846,1.442],[174.4489,-36.6839,1.8309],[174.4487,-36.6833,1.8309],[174.4409,-36.6807,1.5751],[174.4406,-36.6762,1.414],[174.4385,-36.6761,3.0928],[174.4435,-36.6735,2.4145],[174.4485,-36.6777,0.9305],[174.4488,-36.6697,1.7654],[174.4422,-36.6713,2.2334],[174.4401,-36.6689,0.7708],[174.4428,-36.6666,1.1211],[174.4483,-36.6652,2.2666],[174.4479,-36.6622,1.6717],[174.4465,-36.6609,2.079],[174.4411,-36.662,1.6968],[174.4385,-36.6598,3.5853],[174.4388,-36.6585,3.5633],[174.4467,-36.6559,0.6791],[174.4427,-36.653,2.1749],[174.4438,-36.6531,2.1749],[174.4419,-36.6512,1.9978],[174.4412,-36.6452,2.3321],[174.4343,-36.6406,2.4959],[174.4314,-36.6342,2.0353],[174.4254,-36.6301,1.7032],[174.4219,-36.6222,2.4262],[174.4193,-36.6197,2.5492],[174.4175,-36.6188,0.7313],[174.415,-36.6204,0.0],[174.4146,-36.6228,0.9316],[174.414,-36.6222,0.9316],[174.4142,-36.6217,0.9316],[174.4138,-36.6216,0.9316],[174.4072,-36.6228,0.0],[174.4046,-36.6247,1.8524],[174.4055,-36.6274,2.4336],[174.41,-36.6276,1.8638],[174.4161,-36.6304,1.8899],[174.4216,-36.6368,2.014],[174.4256,-36.6388,1.7987],[174.4259,-36.6426,2.1546],[174.4215,-36.641,2.0193],[174.4238,-36.643,2.0708],[174.4214,-36.647,2.2356],[174.4192,-36.6469,1.8597],[174.4177,-36.6507,2.3176],[174.4173,-36.65,2.2242],[174.4175,-36.6488,2.0316],[174.4163,-36.6505,2.2242],[174.4159,-36.6473,2.0476],[174.4172,-36.6468,2.0476],[174.4159,-36.6452,2.1077],[174.4121,-36.6502,2.851],[174.4141,-36.6452,1.8484],[174.4168,-36.6431,2.8674],[174.416,-36.6406,2.6563],[174.4123,-36.6407,2.4724],[174.4065,-36.6438,2.1537],[174.4064,-36.6416,1.9333],[174.409,-36.6405,1.5433],[174.4072,-36.6405,1.5433],[174.4074,-36.6388,1.7739],[174.4106,-36.6399,2.2539],[174.4154,-36.6372,2.8144],[174.4162,-36.6342,2.8274],[174.4135,-36.6314,1.8894],[174.4031,-36.6295,1.3912],[174.4027,-36.6332,2.7098],[174.399,-36.635,2.0387],[174.3998,-36.6356,2.0387],[174.3999,-36.6366,2.2908],[174.3982,-36.6373,2.8352],[174.3979,-36.6409,2.1652],[174.3978,-36.6373,2.8352],[174.3996,-36.6361,2.0387],[174.397,-36.6345,2.6099],[174.3971,-36.6372,2.8352],[174.3946,-36.6386,1.4766],[174.3955,-36.6375,1.7219],[174.3967,-36.6371,1.7219],[174.3964,-36.6346,2.015],[174.4021,-36.6323,2.1256],[174.3965,-36.6329,8.0662],[174.3903,-36.6402,2.4117],[174.3895,-36.6388,2.4132],[174.3913,-36.6377,2.1034],[174.3882,-36.6368,2.2574],[174.3907,-36.6357,2.1249],[174.3874,-36.6357,2.3757],[174.3891,-36.6351,1.4227],[174.3869,-36.6349,2.3757],[174.3874,-36.6336,2.389],[174.3835,-36.6345,2.4314],[174.3857,-36.6339,2.5896],[174.3841,-36.6329,4.9705],[174.389,-36.6333,1.7619],[174.3916,-36.6349,2.1249],[174.3931,-36.6334,2.7124],[174.3903,-36.633,1.7619],[174.3925,-36.6327,1.7747],[174.392,-36.6309,2.4712],[174.3949,-36.6327,8.0662],[174.398,-36.6313,3.7828],[174.4015,-36.6321,2.1256],[174.4025,-36.6305,1.5369],[174.4016,-36.6276,2.4226],[174.3985,-36.6251,2.0742],[174.3986,-36.62,1.8685],[174.3894,-36.617,0.0],[174.3871,-36.619,2.7773],[174.3886,-36.6197,1.5745],[174.3864,-36.6201,3.3974],[174.3889,-36.6219,1.7969],[174.3861,-36.6207,3.3974],[174.3786,-36.6228,1.5983],[174.3793,-36.6219,1.5983],[174.3855,-36.62,3.3974],[174.3859,-36.6176,3.5219],[174.3823,-36.6174,5.9839],[174.381,-36.6159,1.7718],[174.3824,-36.6168,5.9839],[174.3838,-36.6127,0.0],[174.3783,-36.612,2.2697],[174.376,-36.6134,1.6078],[174.3748,-36.6123,1.8623],[174.3803,-36.6099,2.2484],[174.3753,-36.6042,0.8845],[174.3776,-36.5913,0.0],[174.3746,-36.593,2.7028],[174.3715,-36.5914,0.0],[174.3725,-36.5944,1.8025],[174.3708,-36.5983,1.8514],[174.3658,-36.6009,0.0],[174.3683,-36.6047,1.9518],[174.368,-36.6078,1.5178],[174.3729,-36.6068,1.6864],[174.3737,-36.6081,1.9029],[174.3727,-36.6097,1.9823],[174.3672,-36.6095,1.4838],[174.3668,-36.6113,1.3808],[174.3721,-36.6159,1.926],[174.3721,-36.618899999999996,2.1696],[174.3757,-36.6198,1.5972],[174.3737,-36.6217,1.4627],[174.3753,-36.6222,1.7748],[174.3764,-36.6264,3.6783],[174.3785,-36.627,7.576],[174.3753,-36.6273,3.0977],[174.3733,-36.6298,8.156],[174.3719,-36.6285,8.7134],[174.369,-36.6295,2.8448],[174.3641,-36.6278,2.5809],[174.3626,-36.6262,19.5203],[174.3655,-36.6238,9.4044],[174.3645,-36.6207,4.1051],[174.3598,-36.623,11.1975],[174.3581,-36.6217,2.7571],[174.358,-36.6248,12.8451],[174.3571,-36.6237,2.8894],[174.3545,-36.6249,5.1854],[174.355,-36.6224,2.2263],[174.3539,-36.6248,5.1854],[174.3514,-36.6242,16.6289],[174.3523,-36.6211,2.7794],[174.3492,-36.6206,5.3812],[174.3499,-36.6175,3.2194],[174.3547,-36.6104,3.3805],[174.3588,-36.6075,2.432],[174.36,-36.5995,1.8142],[174.3546,-36.6025,2.3371],[174.352,-36.6007,7.9437],[174.3427,-36.6044,11.4166],[174.3445,-36.6031,4.6453],[174.3423,-36.602,12.1092],[174.3424,-36.6002,3.3803],[174.3453,-36.6006,8.697],[174.348,-36.5986,14.9272],[174.3489,-36.6007,6.9167],[174.3523,-36.6003,7.9437],[174.3557,-36.6011,2.1338],[174.3565,-36.5997,2.1338],[174.3547,-36.6004,5.3414],[174.3527,-36.597,13.0905],[174.3636,-36.5926,21.4746],[174.3625,-36.5904,5.5156],[174.3608,-36.5909,1.933],[174.362,-36.5884,2.2498],[174.3612,-36.5838,2.4208],[174.3575,-36.5825,2.5201],[174.3515,-36.5854,2.1411],[174.3484,-36.5843,3.2657],[174.3463,-36.5858,2.5097],[174.3474,-36.5886,9.1013],[174.3456,-36.5867,2.6978],[174.3461,-36.5845,8.1549],[174.344,-36.5836,2.0423],[174.353,-36.5833,4.7952],[174.3565,-36.5812,31.3995],[174.3643,-36.5826,7.0328],[174.3703,-36.5797,0.0],[174.3782,-36.5746,0.4081],[174.3797,-36.5716,7.0234],[174.3774,-36.565,14.0831],[174.3554,-36.5524,0.5766],[174.3567,-36.549,0.0],[174.3536,-36.5451,1.0767],[174.3416,-36.5418,1.7461],[174.3401,-36.5426,1.7111],[174.3349,-36.539,1.5418],[174.3287,-36.5387,1.7329],[174.3293,-36.54,1.6267],[174.327,-36.5382,1.7329],[174.3244,-36.5383,1.7539],[174.3223,-36.5355,1.7289],[174.3159,-36.5343,2.0521],[174.3134,-36.5367,1.5383],[174.3089,-36.5344,2.1476],[174.305,-36.5296,1.1664],[174.2997,-36.5288,1.6904],[174.2964,-36.53,2.3201],[174.2996,-36.5261,12.2337],[174.3003,-36.5212,0.6523],[174.2961,-36.5184,1.8857],[174.294,-36.5106,0.0],[174.2912,-36.5084,6.5194],[174.2929,-36.5036,18.6201],[174.2844,-36.4939,0.0],[174.2742,-36.4968,9.3882],[174.2781,-36.4925,2.4189],[174.2776,-36.4939,2.2464],[174.2789,-36.4932,2.2464],[174.2787,-36.4902,7.6569],[174.2702,-36.4777,4.6782],[174.2692,-36.4716,9.5596],[174.265,-36.4666,4.1219],[174.2647,-36.4621,16.484],[174.2592,-36.4544,0.0],[174.2509,-36.4519,0.9088],[174.2511,-36.4499,0.0],[174.2396,-36.4355,37.3837],[174.2358,-36.4281,21.6431],[174.2307,-36.4277,0.0],[174.2166,-36.4363,26.8111],[174.208,-36.4385,0.8077],[174.2104,-36.4394,1.984],[174.2058,-36.4431,11.1293],[174.1996,-36.4535,21.3455],[174.1982,-36.4751,10.076599999999999],[174.1964,-36.4616,0.9938],[174.1904,-36.4552,0.5662],[174.1925,-36.451,1.6965],[174.1914,-36.4459,1.5195],[174.1944,-36.4389,0.0],[174.1991,-36.4323,0.0],[174.2131,-36.4326,1.8461],[174.219,-36.4303,0.0],[174.2184,-36.4288,2.3607],[174.1995,-36.4298,0.0],[174.1884,-36.4342,0.0],[174.1821,-36.4423,0.0],[174.1686,-36.4518,10.1023],[174.1622,-36.4634,2.0108],[174.1624,-36.4817,3.723],[174.168,-36.4935,0.0],[174.2712,-36.6079,6.5275],[174.3506,-36.7147,0.0],[174.3842,-36.7619,0.0],[174.4134,-36.8072,0.0],[174.4189,-36.8115,7.0726],[174.4179,-36.814,4.4234],[174.4247,-36.825,3.1677],[174.4257,-36.8308,18.1438],[174.4236,-36.8329,28.7083],[174.426,-36.8336,21.1683],[174.427,-36.8391,23.1313],[174.4305,-36.8438,14.2668],[174.4302,-36.8461,19.1732],[174.4322,-36.8468,25.590699999999998],[174.4282,-36.8553,40.221],[174.4336,-36.8585,14.8721],[174.4327,-36.8626,6.569],[174.4353,-36.8674,66.3391],[174.4301,-36.8789,38.8276],[174.4364,-36.8802,33.7866],[174.4391,-36.8848,8.0029],[174.438,-36.8872,18.9615],[174.4342,-36.8905,12.0997],[174.437,-36.8887,17.5638],[174.4373,-36.8903,7.4074],[174.4393,-36.889,7.1274],[174.4419,-36.8911,0.0],[174.448,-36.8903,3.9875],[174.443,-36.8922,1.3163],[174.4471,-36.9012,1.1995],[174.4493,-36.9013,40.2612],[174.4462,-36.9039,0.0],[174.4492,-36.9042,40.2463],[174.4486,-36.9064,63.2063],[174.4464,-36.9072,15.2991],[174.4494,-36.9093,60.159],[174.4436,-36.912,2.103],[174.4471,-36.9135,12.1695],[174.4475,-36.9164,2.9357],[174.4527,-36.9165,23.0401],[174.453,-36.9198,0.0],[174.4565,-36.918,27.3485],[174.4561,-36.9212,6.8236],[174.4537,-36.9218,26.0731],[174.4521,-36.9244,3.655],[174.4535,-36.9274,36.6192],[174.4507,-36.9281,35.2098],[174.4526,-36.9296,0.0],[174.4557,-36.9293,40.7393],[174.4567,-36.9313,69.4296],[174.4542,-36.935,3.4824],[174.4597,-36.9349,0.0],[174.4651,-36.9457,5.0569],[174.4668,-36.9445,15.5471],[174.4666,-36.9465,0.0],[174.4684,-36.9461,12.1797],[174.468,-36.9467,2.7093],[174.4664,-36.9474,0.0],[174.4683,-36.9573,0.0],[174.4628,-36.9603,16.106],[174.4636,-36.9618,23.6878],[174.4621,-36.9633,5.434],[174.4635,-36.9631,19.4728],[174.4648,-36.9657,73.1117],[174.464,-36.9692,22.0936],[174.467,-36.9747,42.9052],[174.4665,-36.9765,0.0],[174.4699,-36.9748,106.3001],[174.4711,-36.9759,184.2684],[174.4707,-36.9809,77.3138],[174.4683,-36.9856,0.0],[174.47,-36.9843,28.1949],[174.4735,-36.9869,4.4368],[174.4745,-36.9918,10.9483],[174.4735,-36.9934,16.4154],[174.4767,-37.0024,4.6951],[174.4761,-37.0214,2.919],[174.4767,-37.0227,2.919],[174.4786,-37.0214,4.3347],[174.4764,-37.024,2.2061],[174.4767,-37.0307,0.0],[174.4844,-37.0496,0.0],[174.4912,-37.0528,0.0],[174.5034,-37.0508,1.0511],[174.5033,-37.0485,1.8815],[174.5065,-37.047,0.0],[174.5091,-37.0468,2.1667],[174.5107,-37.0487,1.6972],[174.512,-37.0472,24.2722],[174.5105,-37.0442,40.0287],[174.5152,-37.0422,14.0149],[174.5179,-37.0382,32.9491],[174.5214,-37.0374,0.0],[174.5248,-37.0337,4.1052],[174.5359,-37.0313,0.0],[174.5411,-37.0268,12.9408],[174.547,-37.0266,0.0],[174.5497,-37.0238,20.4699],[174.5572,-37.0216,5.3506],[174.5592,-37.0191,35.8066],[174.5585,-37.0151,4.4515],[174.5649,-37.0059,8.1707],[174.5645,-37.0025,25.6198],[174.5668,-36.9989,2.9799],[174.5725,-37.0014,6.351],[174.5718,-37.0035,6.4809],[174.5744,-37.0052,18.8273],[174.573,-37.0068,0.0],[174.5735,-37.0107,0.0],[174.5804,-37.0099,0.0],[174.5843,-37.0072,10.5577],[174.5883,-37.0093,27.3218],[174.5934,-37.0093,2.6992],[174.5913,-37.0048,14.6762],[174.593,-37.0002,18.5217],[174.593,-37.0034,4.3556],[174.5973,-37.0057,24.8524],[174.5967,-37.0109,18.0536],[174.6005,-37.0142,1.2781],[174.6006,-37.0175,45.3894],[174.6051,-37.022,0.0],[174.612,-37.02,7.2825],[174.612,-37.0181,18.2027],[174.6056,-37.0131,13.5889],[174.6031,-36.9989,2.5949],[174.605,-36.9964,0.0],[174.6046,-36.9922,12.9528],[174.6115,-36.9918,0.0],[174.618,-36.9882,0.0],[174.616,-36.9827,21.768],[174.6181,-36.9802,0.0],[174.6174,-36.9774,0.2849],[174.6203,-36.9746,0.8155],[174.6179,-36.9739,6.6791],[174.6143,-36.9662,12.5064],[174.6171,-36.9649,23.2091],[174.616,-36.964,7.1617],[174.6174,-36.9647,23.2091],[174.6172,-36.9661,23.2091],[174.6194,-36.9657,26.8997],[174.6176,-36.9678,14.3295],[174.6189,-36.9697,2.2914],[174.6262,-36.9705,13.7054],[174.6263,-36.9767,4.9119],[174.633,-36.979,16.9946],[174.6348,-36.9727,49.1436],[174.6451,-36.9688,0.0],[174.6417,-36.9662,17.9861],[174.6433,-36.9654,17.9861],[174.6423,-36.9632,15.2138],[174.6438,-36.9625,0.0],[174.6421,-36.9612,21.2191],[174.6438,-36.9586,0.8083],[174.6394,-36.9576,9.7934],[174.6377,-36.9556,28.4919],[174.6418,-36.957,10.3895],[174.6453,-36.9552,7.8099],[174.6462,-36.9498,11.8448],[174.6438,-36.9485,5.6599],[174.6456,-36.9489,5.6599],[174.648,-36.9518,29.8751],[174.6486,-36.9554,21.102],[174.6464,-36.957,15.0127],[174.65,-36.9648,0.0],[174.6538,-36.9613,0.0],[174.6549,-36.9561,26.5016],[174.6578,-36.9561,31.8064],[174.6591,-36.9511,14.6847],[174.6645,-36.9547,0.0],[174.6654,-36.9492,14.0906],[174.669,-36.9476,5.7897],[174.6648,-36.9441,12.0548],[174.6693,-36.9436,6.2161],[174.6694,-36.9406,30.5117],[174.6735,-36.9396,0.0],[174.6815,-36.9338,17.1623],[174.6895,-36.9315,6.4583],[174.6964,-36.9328,38.8772],[174.7023,-36.9316,2.4633],[174.7006,-36.9298,15.3411],[174.7067,-36.9258,17.8541],[174.7086,-36.9284,2.5934],[174.7118,-36.9274,13.7225],[174.7118,-36.9312,19.1105],[174.7143,-36.9344,57.8851],[174.722,-36.9371,0.0],[174.7263,-36.9343,23.1997],[174.7294,-36.939,8.0672],[174.7323,-36.9379,0.0],[174.7335,-36.935,3.0911],[174.7374,-36.935,2.8374],[174.7401,-36.9324,47.2423],[174.7434,-36.9338,9.33],[174.7541,-36.9304,16.9323],[174.7605,-36.9313,0.0],[174.7608,-36.9299,13.068],[174.7592,-36.9292,0.0],[174.7611,-36.9263,0.0],[174.7693,-36.9262,12.3114],[174.7719,-36.9242,3.4188],[174.7815,-36.9288,0.6215],[174.7823,-36.9322,0.8814],[174.784,-36.9326,5.1155],[174.7825,-36.9334,0.0],[174.7889,-36.9313,0.3507],[174.8198,-36.9305,1.4578],[174.8215,-36.9282,3.829],[174.8249,-36.9301,3.6206],[174.8264,-36.9293,8.5856],[174.8291,-36.9309,5.75],[174.8308,-36.9418,7.9455],[174.828,-36.9406,2.5595],[174.828,-36.9453,7.0867],[174.8245,-36.9451,4.4568],[174.821,-36.9464,5.6375],[174.8194,-36.9493,6.7743],[174.8168,-36.9491,3.4178],[174.8189,-36.9497,7.4083],[174.8171,-36.9505,5.0523],[174.8186,-36.9528,3.689],[174.8228,-36.952,9.1491],[174.8212,-36.954,11.5431],[174.8207,-36.9538,7.8294],[174.8208,-36.9525,6.0736],[174.8189,-36.9531,7.8294],[174.8197,-36.9563,9.2741],[174.8174,-36.9577,7.9739],[174.8182,-36.9567,7.9739],[174.8193,-36.9561,5.4473],[174.8183,-36.9527,3.689],[174.8098,-36.9535,6.2455],[174.8096,-36.9523,6.0428],[174.8137,-36.9509,3.778],[174.8124,-36.9498,5.9445],[174.815,-36.9506,3.8826],[174.8141,-36.9486,6.4101],[174.8163,-36.9492,4.697],[174.8148,-36.9474,4.2399],[174.8166,-36.9471,4.2399],[174.817,-36.943,3.8807],[174.8103,-36.9443,0.0],[174.7971,-36.95,8.1288],[174.7981,-36.9476,6.7797],[174.7997,-36.9475,6.7797],[174.7982,-36.9432,2.2786],[174.7915,-36.9398,6.212],[174.7891,-36.9349,1.2969],[174.7864,-36.9374,3.0457],[174.7861,-36.9347,0.0],[174.7861,-36.9387,4.895],[174.7845,-36.9403,4.8258],[174.778,-36.9376,0.679],[174.7778,-36.9396,8.824],[174.7748,-36.9408,1.9948],[174.7696,-36.9399,3.086],[174.7677,-36.9412,1.4717],[174.7644,-36.9392,0.0],[174.7625,-36.9417,6.4716],[174.7618,-36.9396,1.5271],[174.7559,-36.942,0.267],[174.7562,-36.9495,0.2529],[174.7647,-36.9529,3.4661],[174.7689,-36.9566,1.5984],[174.7682,-36.9585,0.8662],[174.7742,-36.9583,0.3108],[174.774,-36.9559,5.3941],[174.7769,-36.9543,12.7952],[174.7809,-36.9554,2.0992],[174.7793,-36.9593,0.7879],[174.7745,-36.9586,0.3108],[174.7761,-36.9604,4.8636],[174.7742,-36.9659,0.6094],[174.7492,-36.9601,0.0],[174.7358,-36.9601,2.5497],[174.7354,-36.9614,18.5607],[174.7302,-36.9618,4.8298],[174.7309,-36.9632,0.2078],[174.7331,-36.962,18.8047],[174.7324,-36.9628,18.8047],[174.7346,-36.9641,6.1632],[174.7356,-36.9619,18.5607],[174.7355,-36.9656,5.1421],[174.7336,-36.9662,1.8074],[174.735,-36.9681,1.2802],[174.7434,-36.9699,3.0386],[174.7452,-36.9729,5.6324],[174.7521,-36.9691,2.5338],[174.7564,-36.9699,0.6311],[174.7567,-36.9674,5.3112],[174.7631,-36.9662,1.7529],[174.7658,-36.9675,2.1453],[174.7674,-36.9738,8.8199],[174.7628,-36.9778,0.0],[174.7553,-36.9762,0.0],[174.7524,-36.9803,1.6429],[174.747,-36.9813,4.2195],[174.7461,-36.9836,3.0595],[174.744,-36.9841,0.5221],[174.7442,-36.9903,2.2884],[174.7419,-36.9925,2.1232],[174.7444,-36.9982,0.0],[174.7528,-36.9994,9.3839],[174.7633,-37.0056,4.3277],[174.771,-37.005,3.5453],[174.7744,-37.0111,0.8195],[174.7731,-37.0133,1.9701],[174.7649,-37.0155,0.0],[174.7651,-37.0187,0.0],[174.7939,-37.0117,1.2449],[174.8016,-37.0119,2.523],[174.8019,-37.0145,0.1277],[174.8056,-37.0163,0.0],[174.8169,-37.0176,1.3701],[174.8177,-37.0165,1.3701],[174.815,-37.0141,0.248],[174.8123,-37.0156,2.2162],[174.8124,-37.0139,1.04],[174.8029,-37.0137,2.6126],[174.8022,-37.0122,1.4581],[174.8083,-37.0103,4.6181],[174.8091,-37.0061,1.433],[174.8192,-37.003,5.5435],[174.8151,-37.0066,4.8141],[174.8147,-37.0099,1.643],[174.8191,-37.0102,0.4146],[174.8225,-37.0069,7.2346],[174.8209,-37.0094,8.6043],[174.8283,-37.008,10.6539],[174.8239,-37.0113,0.0],[174.8385,-37.023,0.7468],[174.8443,-37.0296,0.0],[174.8526,-37.0289,2.6457],[174.8535,-37.025,3.5334],[174.8528,-37.0239,1.8709],[174.851,-37.0251,2.925],[174.85,-37.0217,2.3614],[174.8475,-37.0232,3.34],[174.8465,-37.0198,3.9725],[174.8416,-37.02,6.9566],[174.8406,-37.0185,6.1774],[174.8412,-37.0183,6.1774],[174.8434,-37.0196,6.0307],[174.8469,-37.0191,9.0526],[174.8479,-37.0212,4.4005],[174.851,-37.0214,2.3614],[174.8509,-37.0205,2.5345],[174.8497,-37.02,2.5345],[174.851,-37.0181,7.2794],[174.853,-37.0197,2.8455],[174.8568,-37.0165,13.6681],[174.8548,-37.019,6.9162],[174.8593,-37.0206,5.5573],[174.8541,-37.0223,9.0967],[174.8566,-37.0262,8.9189],[174.8545,-37.0321,4.1192],[174.8565,-37.0337,5.7622],[174.8553,-37.0382,1.4333],[174.8578,-37.0421,6.5233],[174.8564,-37.045,10.3831],[174.8576,-37.0511,0.4351],[174.859,-37.0518,1.3467],[174.8608,-37.0511,6.7572],[174.8643,-37.0528,1.8273],[174.8694,-37.046,11.9318],[174.8716,-37.0456,5.1067],[174.8711,-37.0414,13.5406],[174.8736,-37.0393,6.7919],[174.8734,-37.0374,11.6407],[174.875,-37.0418,3.783],[174.876,-37.0401,6.8574],[174.8836,-37.0429,10.4133],[174.8878,-37.0394,18.6781],[174.8896,-37.0416,3.7271],[174.8919,-37.0396,2.7397],[174.893,-37.0419,3.9606],[174.8897,-37.0431,6.4831],[174.8877,-37.0405,5.2102],[174.8882,-37.0439,1.6767],[174.8822,-37.049,5.6522],[174.8795,-37.0449,4.7122],[174.8717,-37.0488,0.0],[174.8696,-37.0538,0.0],[174.8726,-37.0551,0.0],[174.8792,-37.0536,3.5015],[174.8825,-37.0572,6.017],[174.8874,-37.059,5.038],[174.8877,-37.0556,12.3158],[174.891,-37.053,0.0],[174.8913,-37.0509,5.8509],[174.8958,-37.0499,0.0],[174.8954,-37.0484,7.2105],[174.9004,-37.0462,5.3974],[174.9007,-37.0446,5.3974],[174.9076,-37.0427,5.4134],[174.908,-37.0472,10.1067],[174.9042,-37.0493,0.0],[174.906,-37.0529,2.1751],[174.9163,-37.0524,4.9983],[174.92,-37.0495,4.105],[174.9184,-37.0471,9.0862],[174.9216,-37.046,9.8063],[174.9207,-37.0478,7.9912],[174.9244,-37.05,11.4428],[174.9184,-37.0533,6.0394],[174.9188,-37.0556,3.22],[174.9227,-37.0572,5.3119],[174.9265,-37.0528,8.6665],[174.9279,-37.0545,4.5324],[174.9328,-37.0549,10.8147],[174.928,-37.0569,6.2233],[174.9309,-37.0605,3.285],[174.9375,-37.0596,8.2377],[174.9339,-37.0618,13.0383],[174.9337,-37.0661,8.4099],[174.9304,-37.0622,3.0287],[174.927,-37.0631,11.1768],[174.9277,-37.062,6.5332],[174.9247,-37.0607,2.2071],[174.9112,-37.0594,0.0],[174.9075,-37.0605,2.5863],[174.9045,-37.0652,0.0],[174.9057,-37.0675,0.0],[174.9135,-37.0677,8.0134],[174.9074,-37.0717,12.0049],[174.9076,-37.0739,11.4836],[174.904,-37.0718,2.5048],[174.9039,-37.0756,8.8531],[174.9017,-37.0764,6.1223],[174.8996,-37.0812,5.9852],[174.901,-37.0817,9.4625],[174.9002,-37.0848,0.375],[174.9023,-37.0851,5.5493],[174.9023,-37.0867,2.7433],[174.9045,-37.0871,3.246],[174.9036,-37.0853,4.7743],[174.9066,-37.0816,7.9617],[174.9072,-37.0857,2.7418],[174.913,-37.084,8.6924],[174.9107,-37.0861,0.5],[174.9135,-37.0864,6.8942],[174.9149,-37.0886,2.3297],[174.9188,-37.0833,5.8915],[174.9219,-37.0843,9.3391],[174.9199,-37.0867,5.1096],[174.9211,-37.0886,2.5277],[174.924,-37.0881,11.3591],[174.9283,-37.0923,5.122],[174.9338,-37.0908,8.9424],[174.9337,-37.0924,4.4939],[174.932,-37.0931,3.3716],[174.9337,-37.0969,1.7486],[174.9358,-37.0962,3.8935],[174.9358,-37.0941,7.0274],[174.9376,-37.093,2.014],[174.9404,-37.0932,3.9798],[174.9426,-37.0964,2.3521],[174.9456,-37.0943,8.2798],[174.9432,-37.0983,3.68],[174.9443,-37.1043,8.2821],[174.9428,-37.1057,7.3418],[174.9432,-37.1089,7.3622],[174.9417,-37.1108,12.2956],[174.9414,-37.1107,12.2956],[174.9414,-37.1104,12.2956],[174.9425,-37.109,7.3622],[174.9417,-37.1074,13.5386],[174.9437,-37.104,3.4751],[174.9428,-37.1034,3.4751],[174.9432,-37.1002,2.2894],[174.9409,-37.098,2.6666],[174.9399,-37.1003,8.2112],[174.9397,-37.0952,2.459],[174.9335,-37.0988,7.8531],[174.9211,-37.0913,5.5595],[174.9177,-37.0925,4.5645],[174.9202,-37.0973,2.7306],[174.9243,-37.1004,10.0348],[174.9212,-37.1016,2.3638],[174.9219,-37.1045,9.747],[174.9196,-37.1076,6.6755],[174.9208,-37.1086,5.5676],[174.9208,-37.1089,5.5676],[174.919,-37.1081,6.3054],[174.9196,-37.104,2.1438],[174.9178,-37.1041,4.4786],[174.92,-37.1034,2.1438],[174.921,-37.1,3.489],[174.9172,-37.0943,0.964],[174.9171,-37.1,5.2237],[174.9141,-37.1034,5.1917],[174.909,-37.1023,1.7621],[174.9086,-37.1066,7.6177],[174.9053,-37.1122,7.3835],[174.902,-37.1129,2.3426],[174.9016,-37.1162,8.9362],[174.899,-37.1159,3.076],[174.9022,-37.1091,6.9732],[174.9068,-37.1044,13.2163],[174.9076,-37.1007,3.7677],[174.9124,-37.0977,4.609],[174.9095,-37.0864,1.0118],[174.9041,-37.0881,10.5678],[174.897,-37.0856,5.2686],[174.8995,-37.0827,3.787],[174.8975,-37.0803,6.3284],[174.9004,-37.0782,1.4227],[174.8987,-37.0767,15.0423],[174.9014,-37.0737,0.0],[174.9008,-37.0705,3.8846],[174.8963,-37.0702,14.1762],[174.8984,-37.0674,8.4174],[174.8969,-37.061,0.0],[174.8923,-37.0648,9.4487],[174.89,-37.0647,8.6939],[174.8873,-37.0692,5.5311],[174.8851,-37.0674,0.7603],[174.8812,-37.0716,7.1507],[174.8778,-37.0691,1.3397],[174.8778,-37.0719,0.455],[174.8801,-37.0729,7.6256],[174.8772,-37.0766,3.2438],[174.8767,-37.0813,8.1791],[174.8754,-37.0805,3.2745],[174.8727,-37.0837,12.016],[174.8673,-37.0862,1.9335],[174.8674,-37.0913,11.0516],[174.866,-37.0908,6.7364],[174.8661,-37.093,14.4824],[174.8637,-37.0951,10.7135],[174.8639,-37.0988,7.7389],[174.8671,-37.1029,18.5654],[174.8659,-37.1046,6.4283],[174.8682,-37.1094,19.2597],[174.8718,-37.1117,3.5752],[174.87,-37.112,8.9534],[174.8664,-37.1075,9.6691],[174.8655,-37.1033,5.1193],[174.8629,-37.1047,10.5449],[174.8633,-37.0988,7.7389],[174.8604,-37.0996,10.8335],[174.8627,-37.0972,17.1081],[174.8622,-37.0922,13.9027],[174.8646,-37.091,2.8069],[174.8663,-37.0875,3.465],[174.8612,-37.0889,13.5615],[174.8653,-37.0854,3.0869],[174.8637,-37.0851,13.814],[174.8691,-37.0832,2.7901],[174.8676,-37.08,6.6346],[174.871,-37.0821,1.3481],[174.8729,-37.0812,2.0245],[174.876,-37.0733,4.7289],[174.874,-37.072,2.3117],[174.8704,-37.0729,7.6233],[174.8721,-37.0706,10.3622],[174.8699,-37.0631,4.3927],[174.8656,-37.064,1.8707],[174.8664,-37.0659,7.0741],[174.862,-37.0689,6.6022],[174.8632,-37.0638,4.9895],[174.8608,-37.0627,2.9995],[174.8565,-37.0637,5.0502],[174.8587,-37.0606,4.5887],[174.8565,-37.0586,3.7464],[174.8531,-37.0608,11.0075],[174.8549,-37.057,5.6277],[174.8583,-37.0559,0.3826],[174.8564,-37.0555,1.4283],[174.8507,-37.0568,3.2554],[174.8428,-37.0633,1.0734],[174.84,-37.0703,1.0775],[174.8406,-37.0724,1.6565],[174.8392,-37.0717,0.6039],[174.8363,-37.0753,1.243],[174.8325,-37.0759,0.0],[174.8313,-37.0785,1.8202],[174.8292,-37.0783,1.5545],[174.8224,-37.0831,1.7825],[174.8162,-37.0829,0.0],[174.81,-37.0851,1.1828],[174.797,-37.0962,1.1802],[174.7991,-37.0991,3.0502],[174.7982,-37.1013,7.1591],[174.7995,-37.1055,2.4942],[174.7975,-37.1058,4.1563],[174.7942,-37.1031,2.532],[174.7921,-37.105,10.7733],[174.7912,-37.1095,2.1315],[174.7931,-37.1117,7.4884],[174.7905,-37.1143,4.1177],[174.7928,-37.117,8.5479],[174.7897,-37.1174,4.4357],[174.7889,-37.1212,4.451],[174.7901,-37.1238,13.5614],[174.7881,-37.1252,9.2903],[174.7928,-37.1325,8.1039],[174.7947,-37.1323,8.5051],[174.7935,-37.1332,4.2867],[174.7947,-37.1341,8.9764],[174.792,-37.1336,4.2867],[174.7942,-37.1366,5.2642],[174.7932,-37.1375,3.7056],[174.7908,-37.1354,4.0477],[174.7917,-37.1343,3.6615],[174.7903,-37.1339,3.6615],[174.7904,-37.1319,3.1742],[174.7877,-37.1306,2.9072],[174.7808,-37.137,4.2771],[174.7849,-37.1294,1.4588],[174.7838,-37.1279,5.5972],[174.7864,-37.1262,2.6438],[174.787,-37.1194,3.8609],[174.7839,-37.1188,5.1502],[174.7869,-37.1176,2.629],[174.787,-37.1151,3.1194],[174.7799,-37.117,6.3365],[174.7804,-37.116,7.981],[174.7876,-37.112,4.4601],[174.7877,-37.1079,2.6634],[174.7843,-37.1043,2.1668],[174.7806,-37.1039,3.2734],[174.7783,-37.1059,3.0286],[174.779,-37.1047,3.0286],[174.7762,-37.1049,4.0544],[174.7771,-37.1042,7.7657],[174.7794,-37.1042,3.3311],[174.7808,-37.1018,3.0537],[174.7814,-37.1039,3.2734],[174.7842,-37.1033,2.1668],[174.7862,-37.1008,1.9649],[174.7866,-37.1009,1.9649],[174.7871,-37.1018,1.6429],[174.7878,-37.1021,1.8952],[174.7887,-37.1048,2.4014],[174.7899,-37.1027,0.8107],[174.7866,-37.0993,1.9739],[174.786,-37.0969,0.9728],[174.7862,-37.097,0.9728],[174.7864,-37.0973,0.9728],[174.7867,-37.0987,1.9739],[174.7875,-37.0993,1.9739],[174.7879,-37.1002,0.8476],[174.789,-37.0996,0.8476],[174.7852,-37.0933,2.051],[174.7898,-37.0971,0.3707],[174.7912,-37.0934,1.7446],[174.7914,-37.0938,1.7446],[174.7915,-37.0951,1.7204],[174.7906,-37.0975,0.8325],[174.7925,-37.0964,0.0],[174.7924,-37.0921,0.0],[174.787,-37.0896,1.7958],[174.7748,-37.089,0.0],[174.7702,-37.0918,0.385],[174.7669,-37.0957,0.0],[174.7555,-37.1133,1.1698],[174.7395,-37.1264,2.1616],[174.7218,-37.1326,0.0],[174.7023,-37.1339,2.1056],[174.6899,-37.1373,6.4882],[174.6877,-37.1396,3.0194],[174.69,-37.1421,1.8153],[174.6934,-37.1389,5.6088],[174.6962,-37.1404,1.7027],[174.6968,-37.1436,0.0938],[174.7044,-37.1412,9.9352],[174.7061,-37.1438,5.3671],[174.7047,-37.151,0.0],[174.7083,-37.1522,3.2182],[174.708,-37.1493,6.2167],[174.71,-37.1479,7.9948],[174.7142,-37.1526,2.1578],[174.7186,-37.1481,6.2107],[174.7186,-37.1497,1.328],[174.7213,-37.1513,0.0],[174.7236,-37.1485,4.4966],[174.7265,-37.1476,12.592],[174.7264,-37.1514,2.3485],[174.7285,-37.1522,8.5378],[174.7415,-37.147,10.1475],[174.7409,-37.1497,9.2312],[174.7448,-37.1497,9.2918],[174.7362,-37.1509,0.176],[174.7457,-37.1574,7.1311],[174.746,-37.1634,1.9546],[174.7446,-37.1659,3.027],[174.7528,-37.1614,1.3422],[174.7521,-37.1584,9.0095],[174.7539,-37.16,3.5767],[174.7576,-37.1579,13.7369],[174.7559,-37.1594,6.4707],[174.7573,-37.16,11.2876],[174.7557,-37.1616,2.0034],[174.7566,-37.1627,2.0034],[174.7642,-37.1614,1.7431],[174.7681,-37.1589,3.344],[174.7679,-37.157,10.2374],[174.7731,-37.1588,1.9026],[174.7816,-37.1585,3.835],[174.7922,-37.1632,14.3321],[174.7935,-37.1681,13.0232],[174.7915,-37.1691,3.9551],[174.7932,-37.1721,3.7639],[174.7946,-37.1714,9.3016],[174.7941,-37.1745,8.1399],[174.7941,-37.1727,9.3016],[174.7932,-37.1742,5.5153],[174.7906,-37.1697,6.4808],[174.7905,-37.1646,6.2758],[174.7869,-37.1634,7.6168],[174.7837,-37.1639,8.2913],[174.7819,-37.1659,5.6502],[174.783,-37.1667,12.0079],[174.781,-37.166,5.2121],[174.7816,-37.1647,5.2121],[174.7764,-37.1645,0.0],[174.7756,-37.1726,15.6592],[174.7745,-37.171,14.7411],[174.775,-37.1629,0.0],[174.7689,-37.1669,4.9718],[174.7686,-37.1726,10.318],[174.7675,-37.1685,7.8506],[174.766,-37.1691,7.4849],[174.7637,-37.1666,4.4664],[174.7577,-37.1676,2.1844],[174.7573,-37.1701,9.6598],[174.7558,-37.1683,7.1375],[174.7538,-37.1687,4.6224],[174.753,-37.1714,6.1492],[174.7547,-37.1727,6.1492],[174.7534,-37.1736,8.8127],[174.7545,-37.1754,14.0482],[174.7532,-37.1746,14.0482],[174.7513,-37.1704,2.0009],[174.7458,-37.1701,1.0263],[174.7478,-37.1748,5.4356],[174.7468,-37.1777,8.8878],[174.7522,-37.1826,18.4891],[174.7492,-37.1831,25.3852],[174.75,-37.1882,14.9346],[174.7483,-37.1863,11.1249],[174.7478,-37.183,14.9896],[174.7493,-37.1822,12.3423],[174.7458,-37.1788,3.6554],[174.7397,-37.1807,11.0072],[174.7421,-37.1787,5.0225],[174.7446,-37.1775,0.814],[174.7454,-37.1754,2.0365],[174.7447,-37.1742,0.63],[174.7396,-37.1765,6.4598],[174.7441,-37.1725,1.5425],[174.7377,-37.1732,8.7467],[174.7414,-37.17,0.361],[174.7398,-37.1649,7.9517],[174.7416,-37.1619,0.0],[174.738,-37.1611,0.0],[174.733,-37.1656,2.9005],[174.7315,-37.1652,4.0332],[174.7347,-37.1606,0.7003],[174.7333,-37.158,4.8764],[174.7343,-37.1567,0.0],[174.7256,-37.1624,3.6309],[174.7273,-37.1588,3.4637],[174.7254,-37.1575,7.9831],[174.7282,-37.1547,0.9157],[174.7243,-37.1522,0.7397],[174.7176,-37.1534,6.6933],[174.7159,-37.1548,17.3144],[174.7163,-37.1566,14.5277],[174.7128,-37.1555,5.1705],[174.7099,-37.1566,10.9027],[174.7093,-37.1551,3.9002],[174.7066,-37.1574,6.9766],[174.7037,-37.1573,3.6275],[174.7025,-37.1594,0.0],[174.7113,-37.1619,4.2908],[174.7147,-37.1661,8.9231],[174.7158,-37.1739,11.7142],[174.7178,-37.1753,1.3864],[174.7156,-37.1788,1.6858],[174.7159,-37.182,9.8497],[174.7172,-37.183,0.3932],[174.7209,-37.1821,3.8053],[174.7196,-37.186,0.1094],[174.7271,-37.1883,6.6034],[174.7263,-37.1888,6.6034],[174.7244,-37.1887,4.6755],[174.7233,-37.1908,7.3018],[174.7202,-37.1901,3.8502],[174.7173,-37.1944,6.4686],[174.7175,-37.193,6.4686],[174.7154,-37.1933,8.3781],[174.7133,-37.2008,0.0],[174.72,-37.2034,11.7812],[174.719,-37.205,3.2264],[174.7215,-37.206,13.7665],[174.7223,-37.2086,34.7191],[174.7191,-37.2139,1.6733],[174.7234,-37.2131,3.4594],[174.7256,-37.2142,15.3323],[174.7244,-37.2191,28.8641],[174.727,-37.2208,16.1534],[174.7258,-37.2225,2.327],[174.728,-37.2245,2.3328],[174.7325,-37.2242,0.2427],[174.7336,-37.2222,7.5341],[174.7324,-37.2214,7.5341],[174.7367,-37.2216,9.9923],[174.7389,-37.2238,11.2683],[174.7388,-37.2268,11.1544],[174.7338,-37.2279,0.0],[174.7339,-37.2313,0.0],[174.7368,-37.2349,9.8768],[174.7366,-37.2375,8.2683],[174.7445,-37.2406,16.3219],[174.7421,-37.2402,14.2064],[174.7414,-37.2396,14.2064],[174.7401,-37.2409,10.9918],[174.7351,-37.2382,12.979],[174.7332,-37.2342,0.0],[174.7291,-37.2363,1.5907],[174.7304,-37.2421,7.3519],[174.7327,-37.2428,17.839],[174.731,-37.2441,1.1043],[174.7307,-37.2471,6.1595],[174.7354,-37.251,8.7039],[174.7325,-37.2507,6.0465],[174.7297,-37.2478,8.9995],[174.7294,-37.2439,6.4364],[174.7276,-37.244,14.0447],[174.7282,-37.2414,1.6196],[174.7261,-37.2404,5.4368],[174.7282,-37.2345,0.0],[174.7275,-37.2328,0.0],[174.7244,-37.2338,3.0661],[174.7242,-37.2357,8.8865],[174.7211,-37.2378,0.1913],[174.7187,-37.244,10.5125],[174.7187,-37.2421,6.2836],[174.7174,-37.2422,7.905],[174.72,-37.2394,2.2674],[174.7192,-37.2367,5.8931],[174.717,-37.2358,4.8406],[174.7174,-37.2356,4.8406],[174.7187,-37.2354,1.1987],[174.7176,-37.2338,5.252],[174.7191,-37.2319,2.614],[174.7186,-37.2276,0.5519],[174.7065,-37.237,9.5366],[174.7084,-37.2331,1.9837],[174.7045,-37.2334,9.0842],[174.7046,-37.233,9.0842],[174.705,-37.2328,9.209],[174.7072,-37.2324,3.8019],[174.7063,-37.2317,3.8019],[174.7085,-37.2315,0.7454],[174.7102,-37.2291,5.4811],[174.7147,-37.2274,0.7835],[174.7165,-37.2244,0.0],[174.7126,-37.2227,3.8588],[174.706,-37.2253,5.8418],[174.7169,-37.2194,7.5136],[174.7186,-37.2201,0.671],[174.719,-37.2162,0.8376],[174.7161,-37.2163,9.4373],[174.7154,-37.214,0.9186],[174.7114,-37.2126,0.3595],[174.7037,-37.2165,3.613],[174.703,-37.2184,7.1531],[174.7011,-37.2174,5.7568],[174.7071,-37.2096,0.0],[174.7061,-37.2081,0.6352],[174.6936,-37.2158,4.9269],[174.6981,-37.2109,7.1016],[174.7034,-37.2075,7.8212],[174.7064,-37.2038,0.0],[174.7032,-37.2017,3.2485],[174.7001,-37.2053,5.1478],[174.7012,-37.2008,10.2081],[174.7045,-37.1989,5.5489],[174.7036,-37.1957,1.9258],[174.7013,-37.1972,4.8156],[174.698,-37.1967,5.776],[174.6873,-37.2029,3.5119],[174.6938,-37.1954,4.4422],[174.6975,-37.1944,0.7388],[174.7025,-37.1886,2.0238],[174.7026,-37.1859,4.6161],[174.7,-37.1825,0.4373],[174.692,-37.1884,8.6945],[174.6868,-37.1894,5.3098],[174.6869,-37.188,5.3098],[174.6835,-37.1882,5.7883],[174.6865,-37.1876,8.9095],[174.6894,-37.1877,4.105],[174.6934,-37.1842,2.2192],[174.6913,-37.1811,5.5061],[174.6929,-37.1807,5.5061],[174.6927,-37.1766,3.4348],[174.6969,-37.1704,4.1158],[174.6929,-37.1706,0.5571],[174.691,-37.1731,4.8631],[174.6845,-37.1755,7.192],[174.6834,-37.1751,7.192],[174.6853,-37.1749,7.0506],[174.6886,-37.1712,4.1922],[174.6909,-37.1663,4.6993],[174.689,-37.1653,2.1444],[174.6821,-37.1681,11.3509],[174.6886,-37.1634,1.4384],[174.6907,-37.1601,3.6482],[174.6967,-37.1568,3.0806],[174.6991,-37.1513,3.0503],[174.686,-37.156,0.0181],[174.6825,-37.1598,8.6215],[174.6681,-37.1616,8.6512],[174.6798,-37.1581,0.2564],[174.6825,-37.1548,4.1763],[174.6753,-37.154,8.6551],[174.6862,-37.1519,2.454],[174.6892,-37.1495,0.0],[174.6895,-37.1469,0.0],[174.6865,-37.1479,1.0168],[174.6803,-37.1438,3.1654],[174.6733,-37.1438,1.0698],[174.6724,-37.1411,2.991],[174.6661,-37.139,0.7869],[174.6543,-37.1448,11.8877],[174.6625,-37.1375,1.9496],[174.6579,-37.1365,4.8333],[174.6546,-37.1392,9.8079],[174.6555,-37.1378,10.5187],[174.6593,-37.1351,3.4966],[174.6524,-37.1345,15.1927],[174.6623,-37.1338,1.05],[174.667,-37.1299,1.935],[174.6682,-37.1305,1.935],[174.6671,-37.1343,1.3294],[174.6699,-37.1348,0.5361],[174.6689,-37.1308,1.0007],[174.6703,-37.1275,13.7614],[174.6678,-37.1242,5.5544],[174.6687,-37.1212,1.2051],[174.6674,-37.1184,12.0546],[174.6637,-37.1172,4.5093],[174.6571,-37.1184,1.7136],[174.6528,-37.124,13.1094],[174.6513,-37.1219,17.1077],[174.6541,-37.1203,2.1575],[174.6429,-37.1205,10.652],[174.6509,-37.1178,23.6351],[174.6555,-37.1175,4.4661],[174.6546,-37.116,19.559],[174.6583,-37.1153,2.5973],[174.6595,-37.1129,17.9705],[174.6631,-37.1111,0.9262],[174.6637,-37.1089,6.6008],[174.6666,-37.1089,0.3754],[174.6667,-37.1071,3.791],[174.6689,-37.1061,0.9224],[174.6638,-37.1074,3.3444],[174.6586,-37.1043,0.0],[174.6532,-37.1052,4.1751],[174.6547,-37.1037,5.4478],[174.6568,-37.103,0.0],[174.6596,-37.0998,12.2635],[174.6557,-37.0942,11.5235],[174.6549,-37.0949,3.2559],[174.6565,-37.093,0.0],[174.6483,-37.0853,0.4655],[174.6454,-37.0867,6.5888],[174.6355,-37.087,9.648],[174.6403,-37.0845,23.6504],[174.6462,-37.0853,2.7197],[174.6582,-37.0817,0.0],[174.6556,-37.0806,6.3272],[174.6521,-37.0752,0.0],[174.6425,-37.0776,4.5304],[174.6464,-37.0733,3.7256],[174.6524,-37.0739,0.0],[174.6564,-37.0711,19.2621],[174.6616,-37.0711,17.2044],[174.6647,-37.0682,0.0],[174.6566,-37.0669,3.0213],[174.6603,-37.0665,1.0765],[174.6665,-37.0597,0.0],[174.6663,-37.0554,4.2274],[174.6583,-37.0439,3.4271],[174.6556,-37.0423,9.733],[174.6377,-37.0426,0.3728],[174.6324,-37.0401,15.1615],[174.6284,-37.0361,0.0],[174.6173,-37.0455,34.3868],[174.6084,-37.0488,5.4548],[174.6024,-37.0487,16.4438],[174.5996,-37.0472,22.7967],[174.5995,-37.0456,9.9558],[174.5959,-37.0447,32.1337],[174.5913,-37.0466,41.2606],[174.5832,-37.0466,4.1889],[174.576,-37.0428,0.0],[174.5725,-37.0436,20.0149],[174.5706,-37.0424,0.0],[174.5667,-37.0442,0.0],[174.5638,-37.0427,0.0],[174.5566,-37.0457,2.3128],[174.5454,-37.0469,34.4358],[174.5364,-37.0535,0.0],[174.5371,-37.0699,0.0],[174.5415,-37.0835,4.5721],[174.5621,-37.1153,21.6828],[174.5681,-37.1274,3.7576],[174.5714,-37.131,1.9587],[174.574,-37.1303,12.3031],[174.5721,-37.1318,9.0804],[174.5827,-37.1536,24.4384],[174.5861,-37.1595,0.0],[174.5882,-37.1591,17.0948],[174.5872,-37.1601,0.0],[174.592,-37.1692,11.9641],[174.6078,-37.1979,2.79],[174.6128,-37.2041,2.2906],[174.6202,-37.2222,10.9789],[174.6282,-37.2348,29.4721],[174.6469,-37.2712,13.6001],[174.655,-37.2827,27.8505],[174.6592,-37.2926,4.471],[174.661,-37.2918,48.8517],[174.6617,-37.2884,62.5958],[174.6577,-37.2839,51.9032],[174.6582,-37.282,53.5539],[174.6779,-37.2737,112.7793],[174.6893,-37.2662,67.3495],[174.6999,-37.2616,38.1433],[174.7092,-37.2618,33.7973],[174.713,-37.2593,30.8948],[174.7225,-37.2581,20.104],[174.726,-37.2648,12.4756],[174.7271,-37.2629,13.5855],[174.7315,-37.2629,19.298],[174.7328,-37.2686,17.0979],[174.7389,-37.2679,20.6531],[174.756,-37.2541,34.9497],[174.7568,-37.2516,46.7664],[174.7693,-37.2477,80.0089],[174.7731,-37.243,76.4316],[174.7775,-37.2413,85.4217],[174.7846,-37.2419,68.9173],[174.7916,-37.2398,73.8753],[174.7926,-37.2345,87.5871],[174.8009,-37.2325,117.1883],[174.8063,-37.2268,65.0358],[174.8117,-37.2309,59.5124],[174.8138,-37.2284,73.5071],[174.8237,-37.2326,63.8402],[174.8274,-37.2312,53.8002],[174.843,-37.2354,46.6862],[174.8435,-37.2331,58.511],[174.8481,-37.2342,61.9942],[174.8465,-37.2385,48.1966],[174.851,-37.2397,76.7308],[174.8478,-37.2471,85.2591],[174.8504,-37.2512,107.5764],[174.8553,-37.2442,66.4133],[174.8589,-37.2454,76.241],[174.8637,-37.2439,76.951],[174.869,-37.245,86.3273],[174.8726,-37.2383,90.2326],[174.8757,-37.2406,91.6435],[174.8815,-37.237,115.6597],[174.8791,-37.2346,116.021],[174.8868,-37.2306,183.9494],[174.8893,-37.2333,172.8876],[174.9165,-37.2308,69.5993],[174.9193,-37.2366,56.0604],[174.9231,-37.2343,51.7185],[174.9243,-37.2308,50.8465],[174.9308,-37.2331,57.9886],[174.9328,-37.2316,58.7932],[174.9314,-37.2289,59.8435],[174.9325,-37.225,60.074],[174.9309,-37.2246,59.212],[174.932,-37.219,59.5445],[174.9364,-37.2146,76.1851],[174.9299,-37.2062,73.6687],[174.9385,-37.2024,74.2588],[174.9378,-37.1997,91.5406],[174.9486,-37.198,99.2383],[174.948,-37.1957,131.0878],[174.9526,-37.1962,111.1398],[174.9569,-37.1986,137.7268],[174.9732,-37.1948,147.3342],[174.9796,-37.2091,157.9218],[174.9812,-37.2081,157.9218],[174.9903,-37.2166,150.3278],[175.0071,-37.2055,235.5021],[175.0075,-37.203,241.2296],[175.0111,-37.2012,249.7371],[175.0142,-37.1969,291.9894],[175.0184,-37.1955,355.6328],[175.0204,-37.1996,326.7605],[175.0296,-37.1962,285.117],[175.0292,-37.1888,214.4019],[175.0326,-37.1887,241.1629],[175.0327,-37.1908,228.454],[175.0373,-37.1921,198.7087],[175.0379,-37.1884,217.4822],[175.045,-37.1881,238.7888],[175.0453,-37.1828,271.2974],[175.0545,-37.1808,281.6049],[175.0661,-37.1819,231.5333],[175.0667,-37.1909,239.5473],[175.0722,-37.1923,241.2709],[175.0738,-37.1947,194.3611],[175.0869,-37.1923,105.9165],[175.0869,-37.1822,105.5737],[175.0896,-37.1795,138.2795],[175.0928,-37.1808,110.11],[175.0956,-37.1796,124.6693],[175.0963,-37.1822,134.4996],[175.1052,-37.1814,225.0269],[175.1103,-37.1879,189.9155],[175.1135,-37.1864,168.2531],[175.1209,-37.1896,92.2395],[175.1233,-37.1848,119.6646],[175.1307,-37.1864,67.8606],[175.1326,-37.1854,53.5991],[175.1317,-37.1817,71.8439],[175.1419,-37.1758,92.4737],[175.1398,-37.1736,97.7052],[175.1402,-37.1719,115.7779],[175.1339,-37.1682,111.5064],[175.1442,-37.1677,178.3301],[175.1463,-37.1523,231.2809],[175.1452,-37.1446,252.891],[175.1482,-37.1428,218.5822],[175.1522,-37.143,337.312],[175.1539,-37.1361,293.8506],[175.1524,-37.1275,234.8735],[175.1542,-37.121,248.3759],[175.15,-37.1197,302.1658],[175.1473,-37.1099,330.1312],[175.1434,-37.1086,295.838],[175.1446,-37.1013,287.7599],[175.1408,-37.0987,376.7672],[175.1464,-37.0898,232.1507],[175.1445,-37.0872,298.4182],[175.1447,-37.0791,358.2698],[175.146,-37.0759,321.7379],[175.1483,-37.0759,267.6251],[175.1505,-37.0703,186.8188],[175.1466,-37.0712,210.5678],[175.1477,-37.0702,210.5678],[175.1455,-37.0684,263.1481],[175.149,-37.0673,254.1955],[175.1466,-37.0632,301.5276],[175.1476,-37.0549,357.7662],[175.1556,-37.047,446.6842],[175.1535,-37.0432,453.1717],[175.1548,-37.0379,412.4593],[175.1531,-37.0373,419.8096],[175.1556,-37.0298,428.6245],[175.1516,-37.0245,409.3761],[175.1521,-37.0216,421.5718],[175.1608,-37.0159,412.8674],[175.1639,-37.0161,408.3705],[175.166,-37.0214,414.9239],[175.1677,-37.0211,405.5178],[175.1687,-37.0233,423.6285],[175.1785,-37.0303,432.0296],[175.1787,-37.034,452.1517],[175.1848,-37.0408,477.9172],[175.1898,-37.0387,456.4825],[175.1929,-37.0395,445.8693],[175.1971,-37.0359,482.2721],[175.2021,-37.0387,569.1994],[175.2067,-37.0373,585.7311],[175.2027,-37.036,438.6738],[175.2077,-37.0301,484.6054],[175.2679,-37.0274,216.0802],[175.2915,-37.0232,24.2885],[175.2883,-37.014,5.1431],[175.2907,-37.009,6.4988],[175.2838,-37.0011,0.0],[175.2868,-36.9949,0.0],[175.2839,-36.9916,0.0],[175.2833,-36.9885,6.1544],[175.269,-36.9831,22.975],[175.2605,-36.9756,1.4401],[175.2536,-36.9722,2.121],[175.2505,-36.9679,13.0224],[175.2492,-36.9578,0.0],[175.2337,-36.9561,0.0],[175.2297,-36.95,10.0787],[175.222,-36.949,0.0],[175.2185,-36.9442,1.6541],[175.2145,-36.9445,0.0],[175.2049,-36.9411,19.5001],[175.2038,-36.9372,3.8646],[175.2002,-36.9377,0.0],[175.1963,-36.9358,0.0],[175.1933,-36.9337,6.6077],[175.1921,-36.9303,2.7098],[175.1824,-36.9379,0.0],[175.1761,-36.938,2.3048],[175.1752,-36.9421,2.2088],[175.1714,-36.9472,2.266],[175.1667,-36.9485,2.736],[175.1644,-36.9469,0.4108],[175.164,-36.9497,6.548],[175.1589,-36.951,0.8232],[175.1498,-36.9458,35.3523],[175.1496,-36.9427,33.1981],[175.1521,-36.9405,0.0],[175.1479,-36.9408,13.3429],[175.144,-36.9384,0.0],[175.1425,-36.9317,16.6579],[175.1434,-36.9294,8.8221],[175.1409,-36.9274,2.9264],[175.1413,-36.9304,0.6012],[175.1376,-36.9324,8.4347],[175.1355,-36.9312,0.0],[175.1348,-36.9366,5.0336],[175.132,-36.9385,6.5793],[175.1242,-36.94,9.8374],[175.1163,-36.9386,0.0],[175.116,-36.942,0.0],[175.1113,-36.9459,0.6758],[175.1121,-36.9497,9.1358],[175.1004,-36.9467,1.1729],[175.0984,-36.9488,3.68],[175.0978,-36.9468,2.3698],[175.0993,-36.9454,1.4297],[175.0973,-36.9437,7.9432],[175.0988,-36.941,1.5417],[175.0953,-36.9402,2.6642],[175.096,-36.9419,3.3054],[175.0935,-36.9457,14.6988],[175.0811,-36.9524,1.1533],[175.0808,-36.9579,2.0558],[175.077,-36.9569,1.1546],[175.0752,-36.9552,0.7701],[175.075,-36.9503,0.9047],[175.0784,-36.9486,0.6654],[175.0773,-36.948,0.8217],[175.0785,-36.9462,1.5592],[175.0796,-36.948,0.6654],[175.0826,-36.9451,1.0286],[175.0813,-36.9401,1.4264],[175.0782,-36.9377,1.1516],[175.0866,-36.9371,0.8597],[175.0833,-36.9331,1.8671],[175.0847,-36.9325,0.5668],[175.0814,-36.9221,7.5044],[175.0785,-36.9227,1.6473],[175.0769,-36.9201,1.5703],[175.0772,-36.9147,1.4115],[175.0806,-36.911,3.2038],[175.0869,-36.9096,0.0],[175.0891,-36.9059,29.7417],[175.0939,-36.9047,0.0],[175.0957,-36.9018,17.6689],[175.0991,-36.9007,3.9491],[175.0842,-36.9008,1.8453],[175.075,-36.9056,11.1012],[175.0696,-36.9043,1.2247],[175.0639,-36.9007,14.0992],[175.0632,-36.896,24.5965],[175.0559,-36.8826,0.0],[175.0522,-36.8809,0.0],[175.0441,-36.8807,1.7383],[175.0381,-36.8743,0.0],[175.0324,-36.877,4.6405],[175.0239,-36.8781,19.1661],[175.0198,-36.8771,0.0],[175.0181,-36.881,0.0],[175.0223,-36.8837,8.3848],[175.0149,-36.8819,1.5204],[175.0139,-36.8802,6.56],[175.0104,-36.8797,9.1723],[175.0122,-36.8788,0.0],[175.0099,-36.8779,0.0],[175.0061,-36.8792,6.9234],[174.9995,-36.8765,9.2605],[174.994,-36.8806,15.2622],[174.9836,-36.8814,4.7996],[174.9846,-36.8849,0.0],[174.9896,-36.8882,5.4582],[174.9901,-36.89,12.8212],[174.9852,-36.8902,0.0],[174.9885,-36.8917,2.5874],[174.9866,-36.8992,9.4189],[174.9896,-36.9044,1.4097],[174.9917,-36.9034,1.4875],[174.9912,-36.9056,0.6376],[174.9958,-36.9078,47.7815],[174.9987,-36.9136,32.0879],[174.9978,-36.918,30.7791],[174.9963,-36.9185,2.6266],[174.9966,-36.9193,2.6266],[174.9981,-36.9196,29.2912],[174.9979,-36.9239,33.321],[174.9969,-36.9237,2.5683],[174.9951,-36.922,2.8276],[174.9923,-36.9235,1.9182],[174.993,-36.9264,8.8894],[174.9921,-36.925,7.3444],[174.9913,-36.9259,11.1683],[174.9925,-36.9152,8.6796],[174.9941,-36.9137,1.0241],[174.9917,-36.9114,1.7641],[174.9893,-36.9115,1.7261],[174.9906,-36.9101,0.5975],[174.9793,-36.9107,1.3306],[174.9756,-36.9076,0.0],[174.9687,-36.9114,0.0],[174.9692,-36.9147,2.4457],[174.9652,-36.9124,0.0],[174.9632,-36.9136,0.3576],[174.963,-36.9179,1.2967],[174.9646,-36.9173,1.2967],[174.9655,-36.9211,8.0869],[174.9673,-36.9212,25.4547],[174.9687,-36.9259,0.2268],[174.9724,-36.9295,15.7714],[174.9712,-36.9306,13.7938],[174.9722,-36.9332,3.6561],[174.9753,-36.9352,17.6325],[174.9712,-36.936,3.9505],[174.9725,-36.9407,5.359],[174.9706,-36.9403,8.0847],[174.9696,-36.9378,1.9023],[174.9663,-36.9417,2.2671],[174.9668,-36.9435,3.5917],[174.965,-36.9433,3.5917],[174.9672,-36.9439,7.8735],[174.9697,-36.9488,28.1689],[174.9678,-36.9461,2.9507],[174.9662,-36.9471,13.8564],[174.965,-36.9441,3.5917],[174.9635,-36.9451,11.0421],[174.9652,-36.9425,2.2671],[174.9641,-36.9418,12.8796],[174.9658,-36.9386,6.4763],[174.9651,-36.9372,4.6367],[174.9674,-36.9349,0.7237],[174.9647,-36.9352,10.8945],[174.968,-36.9289,1.3523],[174.9668,-36.9257,2.5835],[174.9654,-36.9246,2.5835],[174.9616,-36.927,1.2809],[174.9623,-36.9299,9.0872],[174.9603,-36.9338,7.434],[174.9605,-36.9284,4.3211],[174.9581,-36.9292,20.3257],[174.9587,-36.9253,0.6576],[174.9617,-36.9224,1.1037],[174.9596,-36.9194,9.1118],[174.961,-36.9182,0.0],[174.9594,-36.9137,0.0],[174.9517,-36.9127,0.2922],[174.9485,-36.9206,19.628],[174.9483,-36.92,19.628],[174.948,-36.9177,17.1742],[174.949,-36.9167,5.9564],[174.9479,-36.9154,3.9507],[174.9424,-36.9176,12.8423],[174.9428,-36.9206,25.1072],[174.9412,-36.9181,16.5463],[174.9393,-36.9183,6.8822],[174.937,-36.9205,8.9432],[174.937,-36.9253,21.3629],[174.9353,-36.9242,12.4342],[174.9368,-36.9197,8.9432],[174.9407,-36.915,14.888],[174.9478,-36.9139,13.709],[174.954,-36.9091,19.4611],[174.9545,-36.9103,0.0],[174.9544,-36.9017,10.5081],[174.9506,-36.8998,0.9001],[174.9513,-36.8953,0.0],[174.9409,-36.8924,8.7398],[174.9394,-36.8879,4.7486],[174.9305,-36.8834,8.8216],[174.925,-36.8781,7.2536],[174.9212,-36.8789,9.8135],[174.9164,-36.8756,0.3802],[174.9048,-36.8588,17.5484],[174.9061,-36.8554,13.3184],[174.9052,-36.8523,0.0],[174.9023,-36.8471,13.8456],[174.9005,-36.8466,12.0685],[174.9005,-36.8579,8.887],[174.899,-36.8615,4.7359],[174.9059,-36.8756,2.4635],[174.9011,-36.8782,4.7385],[174.9017,-36.8813,5.4156],[174.8991,-36.8792,0.0],[174.899,-36.8805,0.6961],[174.8966,-36.8799,0.0],[174.8942,-36.8847,17.0877],[174.8879,-36.8889,0.0],[174.8884,-36.8908,0.4166],[174.8928,-36.8926,5.8458],[174.8944,-36.891,11.0003],[174.8962,-36.8926,2.2854],[174.8929,-36.894,6.8267],[174.8873,-36.8916,8.6187],[174.8799,-36.8911,0.0],[174.8805,-36.8947,11.1857],[174.8773,-36.8978,0.8504],[174.8787,-36.9004,6.8577],[174.8765,-36.9023,7.6179],[174.8759,-36.9053,4.7933],[174.8696,-36.908,2.8391],[174.8697,-36.9107,7.3054],[174.8683,-36.9102,7.3054],[174.8695,-36.9085,2.8391],[174.8646,-36.907,3.4134],[174.8623,-36.9076,1.467],[174.8649,-36.9106,8.2206],[174.8621,-36.9108,5.5804],[174.8604,-36.9073,2.6466],[174.8583,-36.9094,3.4233],[174.8604,-36.913,4.8029],[174.8584,-36.9161,2.6916],[174.8601,-36.9177,2.7405],[174.8612,-36.9157,5.7616],[174.8651,-36.9152,4.9218],[174.8617,-36.9201,0.0],[174.8643,-36.9223,0.8081],[174.8651,-36.9205,7.2076],[174.8663,-36.9214,-0.2372],[174.8733,-36.9185,9.7096],[174.8752,-36.9209,8.1718],[174.8707,-36.9239,0.905],[174.8723,-36.9254,2.9264],[174.8728,-36.9244,6.4344],[174.8785,-36.9267,1.0206],[174.8798,-36.926,7.558],[174.8798,-36.923,4.5089],[174.8818,-36.9236,7.8482],[174.8817,-36.9254,3.5475],[174.8868,-36.9259,4.8518],[174.8869,-36.9238,6.7307],[174.8884,-36.9241,6.7307],[174.8875,-36.9225,12.0099],[174.889,-36.9229,1.012],[174.8896,-36.921,11.1958],[174.8916,-36.9205,1.3923],[174.8909,-36.9193,12.8863],[174.895,-36.9182,5.459],[174.8935,-36.9123,6.5266],[174.8918,-36.911,9.4554],[174.8931,-36.9108,8.3253],[174.8925,-36.909,11.3193],[174.8935,-36.9104,8.3253],[174.8936,-36.9123,6.5266],[174.8949,-36.9117,8.5767],[174.8952,-36.9163,4.2948],[174.8994,-36.9181,6.039],[174.8989,-36.9201,6.937],[174.9019,-36.9164,4.4338],[174.9037,-36.9162,8.6011],[174.9045,-36.9144,10.694],[174.9038,-36.9165,6.6254],[174.9027,-36.9167,4.4338],[174.9026,-36.9178,4.4338],[174.9006,-36.9183,6.039],[174.9018,-36.9204,7.2062],[174.9004,-36.9211,5.0374],[174.9018,-36.9214,4.5638],[174.9027,-36.9236,6.179],[174.9041,-36.9235,4.9171],[174.9048,-36.9243,4.9171],[174.9048,-36.9249,5.5133],[174.9033,-36.926,5.5133],[174.9045,-36.9243,4.9171],[174.9011,-36.9236,6.179],[174.9015,-36.9216,4.5638],[174.9,-36.922,6.2623],[174.8982,-36.9202,6.937],[174.8981,-36.9183,6.036],[174.8959,-36.9179,4.2948],[174.8914,-36.9222,6.2439],[174.892,-36.9242,5.2879],[174.8953,-36.9229,7.2615],[174.8924,-36.9246,4.4573],[174.893,-36.9258,11.1235],[174.8906,-36.9247,6.3411],[174.8888,-36.9262,6.3411],[174.8916,-36.9294,10.8178],[174.8891,-36.9282,7.9731],[174.8878,-36.9297,12.8141],[174.8887,-36.9277,9.0302],[174.8867,-36.9272,2.9664],[174.8841,-36.9293,10.0619],[174.8847,-36.9278,2.6255],[174.8812,-36.927,3.9932],[174.8805,-36.93,12.4665],[174.8778,-36.9297,7.1618],[174.8788,-36.9325,11.0395],[174.877,-36.9314,9.5189],[174.8777,-36.9286,3.7149],[174.8736,-36.9281,6.0744],[174.8724,-36.9294,6.0744],[174.869,-36.9275,0.7328],[174.8721,-36.9347,2.5095],[174.8748,-36.9346,10.9993],[174.8698,-36.9357,0.0],[174.8722,-36.9366,11.3003],[174.863,-36.9406,0.5237],[174.862,-36.9444,5.8701],[174.8649,-36.9428,18.0403],[174.8672,-36.9436,6.3279],[174.8671,-36.9456,5.1031],[174.8653,-36.9448,3.6167],[174.8646,-36.946,3.6167],[174.8667,-36.9478,12.0736],[174.8723,-36.9467,2.3313],[174.8763,-36.9432,7.1566],[174.8797,-36.9427,13.8623],[174.8815,-36.9436,12.8598],[174.8794,-36.9435,9.5148],[174.8785,-36.943,9.5148],[174.8765,-36.9452,9.6122],[174.88,-36.9471,6.8038],[174.8803,-36.9491,8.6085],[174.8854,-36.9496,12.4379],[174.8817,-36.9493,9.371],[174.8817,-36.9506,9.887],[174.8803,-36.9494,8.6085],[174.8809,-36.9548,9.8929],[174.8794,-36.9475,6.8038],[174.8759,-36.9464,7.3846],[174.8693,-36.948,3.7197],[174.8676,-36.949,1.2884],[174.8696,-36.9504,7.4026],[174.8681,-36.9518,10.0503],[174.8683,-36.9498,7.4026],[174.865,-36.9496,11.4868],[174.86,-36.946,0.3808],[174.8583,-36.9494,4.8658],[174.8523,-36.9523,0.9919],[174.8528,-36.9537,0.6659],[174.8557,-36.9529,8.9807],[174.8557,-36.9551,8.7807],[174.8576,-36.9548,8.7807],[174.8571,-36.9557,8.7807],[174.8563,-36.9559,8.7807],[174.8574,-36.9578,8.3027],[174.8541,-36.9554,4.7178],[174.8543,-36.9541,4.8533],[174.85,-36.9554,4.7675],[174.8511,-36.9565,6.1948],[174.8474,-36.9622,6.2285],[174.8507,-36.9636,8.9513],[174.8474,-36.9634,5.2334],[174.8455,-36.965,12.5847],[174.8454,-36.9681,12.0548],[174.8453,-36.9656,7.1849],[174.8428,-36.9644,9.5403],[174.8452,-36.9638,10.7954],[174.845,-36.965,7.1849],[174.8461,-36.9642,5.2334],[174.8471,-36.9629,6.2285],[174.8461,-36.9599,4.1743],[174.8493,-36.9573,5.6283],[174.8446,-36.9565,11.9422],[174.8478,-36.9551,4.8619],[174.8489,-36.9561,4.8619],[174.8512,-36.9538,4.2327],[174.8493,-36.9511,9.7093],[174.8545,-36.948,0.0],[174.8525,-36.9453,11.6179],[174.8549,-36.9469,2.8351],[174.8562,-36.9461,0.9575],[174.8574,-36.9435,3.9404],[174.8555,-36.9419,7.9598],[174.8573,-36.941,4.8382],[174.8575,-36.9387,6.2394],[174.8663,-36.9328,0.0],[174.8633,-36.9305,0.8552],[174.8594,-36.9318,1.4794],[174.8597,-36.9356,3.8797],[174.858,-36.934,2.9734],[174.8575,-36.9364,6.3343],[174.8555,-36.9374,7.4861],[174.8577,-36.933,3.9526],[174.8544,-36.9313,4.5347],[174.8537,-36.9337,7.682],[174.8488,-36.9352,5.6804],[174.8488,-36.9368,7.7694],[174.8481,-36.9369,7.7694],[174.8478,-36.9353,5.6804],[174.8441,-36.9363,8.3108],[174.8453,-36.9351,10.1387],[174.8521,-36.9333,5.02],[174.8537,-36.9287,6.2025],[174.8591,-36.9291,3.903],[174.8629,-36.9257,5.0622],[174.8572,-36.9181,4.359],[174.8537,-36.917,0.8214],[174.8543,-36.915,0.0],[174.8512,-36.9162,9.3894],[174.8542,-36.9121,5.6283],[174.8502,-36.9127,9.3745],[174.8544,-36.9114,5.6283],[174.8566,-36.912,0.0],[174.8555,-36.906,5.4005],[174.8474,-36.9085,10.2055],[174.8439,-36.9064,8.9147],[174.8476,-36.9026,8.0373],[174.8535,-36.9019,4.1922],[174.8576,-36.9079,8.7237],[174.8607,-36.9048,4.5899],[174.8688,-36.9021,1.3953],[174.8681,-36.8878,1.2635],[174.8777,-36.8787,4.6141],[174.8768,-36.8768,0.949],[174.8762,-36.8777,7.2614],[174.8725,-36.8789,6.8789],[174.8696,-36.8779,5.6831],[174.876,-36.8775,7.2614],[174.8763,-36.8759,3.9089],[174.8807,-36.8731,0.0],[174.892,-36.8717,0.0],[174.8855,-36.8696,1.5283],[174.8798,-36.8648,19.1511],[174.8804,-36.8623,1.0415],[174.8833,-36.8601,1.0317],[174.8828,-36.8559,0.0],[174.8808,-36.8523,0.0],[174.876,-36.8488,19.9718],[174.8754,-36.8465,8.8688],[174.864,-36.8436,4.7576],[174.8603,-36.8492,5.4661],[174.8477,-36.8507,11.0035],[174.8362,-36.847,2.6137],[174.8321,-36.8475,0.6395],[174.8242,-36.8436,0.0],[174.8219,-36.8456,5.1524],[174.8169,-36.8454,4.0029],[174.8183,-36.8494,0.0],[174.8158,-36.8514,4.9431],[174.8105,-36.8492,0.0],[174.8081,-36.8518,12.1823],[174.8006,-36.8531,0.0],[174.7893,-36.8477,2.1389],[174.7876,-36.846,2.9423],[174.788,-36.8416,0.2817],[174.7849,-36.8404,0.7096],[174.7833,-36.8403,0.0],[174.7847,-36.8456,4.3208],[174.7817,-36.843,1.6965],[174.7782,-36.844,0.8966],[174.7809,-36.8418,0.0],[174.7801,-36.841,0.0],[174.7752,-36.8432,5.2088],[174.7766,-36.8399,0.0],[174.773,-36.8399,0.0],[174.7714,-36.8439,4.2813],[174.7717,-36.8419,1.0129],[174.7704,-36.8439,3.4385],[174.77,-36.8414,0.3367],[174.7681,-36.8432,4.2756],[174.7684,-36.8399,0.0],[174.7671,-36.843,10.171],[174.7653,-36.8426,2.4334],[174.7655,-36.8392,0.0],[174.7642,-36.842,2.1862],[174.7625,-36.8405,0.0],[174.7632,-36.842,2.1862],[174.7603,-36.8416,0.2801],[174.7631,-36.8431,10.2822],[174.7604,-36.8429,0.2801],[174.7581,-36.8452,9.9457],[174.7579,-36.8423,2.8129],[174.7621,-36.8404,0.0],[174.7598,-36.8398,0.5921],[174.7567,-36.8403,3.7462],[174.7602,-36.8372,0.0],[174.7593,-36.8364,0.0],[174.7538,-36.8396,2.6005],[174.752,-36.8438,6.5198],[174.7461,-36.8415,9.9705],[174.7486,-36.8398,0.0],[174.7455,-36.8401,0.0],[174.7427,-36.8383,0.0],[174.7434,-36.8355,0.0],[174.7484,-36.8356,0.0],[174.7423,-36.835,2.4832],[174.7399,-36.8365,0.0],[174.7392,-36.8404,14.3329],[174.7317,-36.841,0.0],[174.7258,-36.8441,2.3772],[174.7233,-36.8478,10.8962],[174.7254,-36.8503,10.5917],[174.724,-36.8515,6.406],[174.7196,-36.8498,2.5837],[174.714,-36.8523,4.6053],[174.7124,-36.8565,4.2112],[174.7152,-36.8579,14.4759],[174.7177,-36.8566,5.4867],[174.7171,-36.8576,5.4867],[174.7153,-36.8585,5.0921],[174.7131,-36.8584,9.623],[174.7112,-36.8546,5.7594],[174.7095,-36.8543,0.0],[174.7092,-36.8584,5.6076],[174.7111,-36.861,7.56],[174.7085,-36.8599,13.4695],[174.7069,-36.8531,4.1525],[174.7032,-36.8509,0.0],[174.6963,-36.869,0.0],[174.6993,-36.8701,2.2968],[174.6988,-36.8713,2.7146],[174.6758,-36.8707,2.2589],[174.6738,-36.8697,7.1122],[174.6675,-36.8661,2.8061],[174.6628,-36.861,1.2724],[174.6605,-36.8627,2.6291],[174.6646,-36.8637,2.6193],[174.664,-36.8707,3.3598],[174.6656,-36.8735,3.021],[174.6682,-36.8744,3.1563],[174.6637,-36.8797,0.0],[174.6679,-36.8798,0.4862],[174.6761,-36.8846,10.8235],[174.6741,-36.8851,2.2771],[174.6721,-36.8891,2.1249],[174.6767,-36.8919,12.2214],[174.6744,-36.896,1.1573],[174.6765,-36.8958,7.9623],[174.6791,-36.8979,8.4913],[174.6803,-36.8967,8.4913],[174.6818,-36.8993,7.6527],[174.6856,-36.8984,12.1374],[174.6846,-36.9015,5.7157],[174.6879,-36.9017,5.6376],[174.6847,-36.903,10.9713],[174.6831,-36.8998,2.8781],[174.6789,-36.8999,3.6594],[174.6808,-36.9028,8.1825],[174.6782,-36.9059,15.1717],[174.6779,-36.9041,11.4491],[174.6793,-36.903,7.6469],[174.6774,-36.9028,8.4226],[174.6776,-36.8993,2.3252],[174.6757,-36.8988,1.0479],[174.6756,-36.9008,6.5836],[174.672,-36.8986,4.4669],[174.6702,-36.9,16.9447],[174.6723,-36.8965,3.0748],[174.6718,-36.8929,0.7294],[174.6671,-36.8891,1.1691],[174.6639,-36.8922,2.3575],[174.6643,-36.8938,7.9131],[174.6611,-36.8936,6.4783],[174.6585,-36.8969,12.7836],[174.6594,-36.8943,14.7642],[174.6668,-36.8864,0.958],[174.6666,-36.8847,2.8197],[174.6628,-36.885,5.3921],[174.6608,-36.8833,6.5646],[174.6613,-36.882,6.4638],[174.6587,-36.8808,2.5105],[174.6539,-36.8842,15.7624],[174.657,-36.8791,2.271],[174.6547,-36.8783,8.8551],[174.6581,-36.8773,5.7806],[174.6574,-36.8735,3.2472],[174.6532,-36.8733,9.8372],[174.6558,-36.8721,4.8727],[174.6557,-36.8703,5.2681],[174.653,-36.8682,11.7316],[174.6545,-36.8661,1.3338],[174.6519,-36.8655,20.8199],[174.6533,-36.8632,6.3946],[174.6552,-36.8643,6.884],[174.6566,-36.8629,1.1265],[174.6566,-36.8507,1.5759],[174.6619,-36.8403,7.1403],[174.6623,-36.8349,0.0],[174.6603,-36.8307,0.7932],[174.6526,-36.8265,2.1265],[174.6532,-36.8294,6.9844],[174.6502,-36.8246,7.9258],[174.6465,-36.8246,12.3951],[174.643,-36.8272,0.0],[174.6425,-36.8321,1.1645],[174.6448,-36.8335,8.8977],[174.6445,-36.8337,8.8977],[174.6411,-36.8331,4.0904],[174.6401,-36.836,10.3827],[174.6327,-36.8394,0.3856],[174.6341,-36.843,1.2917],[174.6439,-36.8432,21.5949],[174.6446,-36.8489,14.689],[174.6432,-36.8525,1.9782],[174.6454,-36.8539,6.5523],[174.6413,-36.8536,3.9309],[174.6387,-36.8586,4.8314],[174.639,-36.8623,7.4333],[174.6374,-36.8634,4.9706],[174.6384,-36.8645,9.2634],[174.6364,-36.8643,4.9706],[174.6373,-36.8697,6.8808],[174.6351,-36.8711,21.1121],[174.6368,-36.8678,6.5891],[174.6358,-36.8644,4.9706],[174.6387,-36.8619,7.4333],[174.6382,-36.8587,4.8314],[174.6402,-36.8554,4.026],[174.6403,-36.8531,3.9309],[174.6389,-36.8529,7.5511],[174.6408,-36.8512,5.2771],[174.6393,-36.8482,5.9854],[174.6404,-36.8464,2.7921],[174.6376,-36.8462,1.4322],[174.6349,-36.8484,7.7309],[174.6336,-36.8446,3.4086],[174.6313,-36.8433,3.2242],[174.6275,-36.852,12.0772],[174.6274,-36.8499,16.9912],[174.6262,-36.8507,4.0224],[174.6261,-36.8556,14.8824],[174.625,-36.8541,6.683],[174.6226,-36.8558,7.0263],[174.6248,-36.8536,6.683],[174.6239,-36.851,4.1206],[174.6167,-36.8563,9.1268],[174.6146,-36.8555,12.9998],[174.6152,-36.8551,9.1034],[174.6186,-36.8546,5.7628],[174.6279,-36.8464,4.5986],[174.6305,-36.8408,1.6201],[174.6277,-36.8419,7.45],[174.6259,-36.8401,13.0536],[174.6351,-36.8367,13.0343],[174.6391,-36.8328,13.8649],[174.6394,-36.8307,4.0457],[174.6364,-36.8312,13.9913],[174.6391,-36.8292,7.044],[174.638,-36.8262,1.3602],[174.6348,-36.8243,11.7021],[174.6334,-36.8255,18.7699],[174.6307,-36.8242,32.7937],[174.6403,-36.8227,16.0652],[174.6457,-36.8179,8.9514],[174.6439,-36.8124,0.5724],[174.6401,-36.8127,12.8703],[174.6406,-36.8109,16.1412],[174.6419,-36.8107,9.0112],[174.6449,-36.812,0.5724],[174.6472,-36.804,13.12],[174.6506,-36.8011,16.0251],[174.6533,-36.802,7.8072],[174.6539,-36.8043,4.5567],[174.6626,-36.8073,5.3464],[174.6669,-36.8073,5.6299],[174.6709,-36.8049,0.0],[174.6729,-36.8017,0.0],[174.6643,-36.7999,11.5787],[174.6709,-36.7994,1.3913],[174.666,-36.7959,10.0537],[174.6743,-36.7971,4.3975],[174.6743,-36.7937,3.1574],[174.6707,-36.7933,5.2173],[174.6736,-36.789,0.0],[174.6662,-36.7866,13.0537],[174.6658,-36.7852,2.1061],[174.6581,-36.7886,7.5971],[174.6534,-36.7882,9.5477],[174.6534,-36.7909,12.1137],[174.6517,-36.7924,13.2144],[174.6505,-36.79,7.5525],[174.6461,-36.7892,1.9417],[174.6373,-36.797,11.0638],[174.6408,-36.7918,5.2891],[174.638,-36.7908,9.712],[174.6411,-36.7907,10.2333],[174.6406,-36.7882,9.9664],[174.6456,-36.7844,6.5104],[174.6456,-36.7826,6.715],[174.6534,-36.7823,4.6894],[174.6597,-36.7802,5.7686],[174.6621,-36.7767,13.1742],[174.6604,-36.7757,5.6637],[174.6609,-36.7743,0.0],[174.6586,-36.7775,2.6627],[174.6456,-36.7824,6.715],[174.6461,-36.7787,0.7512],[174.6448,-36.7781,9.2194],[174.6431,-36.78,12.398],[174.6437,-36.7789,10.4635],[174.6414,-36.7769,12.7662],[174.6441,-36.7757,0.2538],[174.6433,-36.7747,10.4221],[174.6384,-36.7747,12.0662],[174.6344,-36.7801,12.0637],[174.6343,-36.7791,13.0588],[174.6353,-36.7772,13.2137],[174.6329,-36.7756,4.9509],[174.628,-36.7749,8.0404],[174.6274,-36.7763,13.0632],[174.6266,-36.7747,8.2493],[174.6235,-36.7767,10.1022],[174.6234,-36.7753,2.6864],[174.6212,-36.7752,4.895],[174.6168,-36.78,15.3531],[174.6178,-36.7746,1.297],[174.6151,-36.7755,10.4218],[174.6107,-36.7739,2.544],[174.6054,-36.7773,3.7917],[174.6065,-36.7798,13.7603],[174.6047,-36.778,9.9515],[174.6019,-36.78,7.2549],[174.598,-36.7877,0.2602],[174.6025,-36.795,10.7584],[174.6006,-36.7943,9.0492],[174.5967,-36.7882,4.1418],[174.5912,-36.7935,12.7751],[174.5918,-36.7882,7.654],[174.5934,-36.7886,1.4862],[174.5985,-36.7845,4.0863],[174.5988,-36.7834,4.0863],[174.5967,-36.7827,9.2725],[174.5998,-36.7815,3.2904],[174.6062,-36.773,8.425],[174.6032,-36.7725,7.173],[174.6051,-36.7703,2.308],[174.6016,-36.7696,11.5008],[174.6026,-36.769,0.7298],[174.6015,-36.768,3.2442],[174.5946,-36.7683,10.367],[174.5989,-36.7668,3.6704],[174.6004,-36.7634,7.2176],[174.6004,-36.7622,2.4435],[174.5981,-36.7635,13.971],[174.5985,-36.7609,1.4792],[174.5963,-36.7608,17.8494],[174.5981,-36.7596,7.7304],[174.5982,-36.7563,13.403],[174.5997,-36.7563,0.9082],[174.5963,-36.754,11.9283],[174.6009,-36.7561,27.1125],[174.5999,-36.7603,1.4792],[174.603,-36.7601,19.0087],[174.6021,-36.7616,4.4166],[174.6056,-36.7624,17.8504],[174.6024,-36.763,6.2993],[174.6024,-36.766,3.7169],[174.6067,-36.7672,12.5123],[174.61,-36.7711,28.5653],[174.6136,-36.7692,23.1069],[174.6127,-36.7704,16.3377],[174.6138,-36.7727,12.5084],[174.6196,-36.7697,1.5337],[174.6231,-36.7709,3.2374],[174.6299,-36.7683,4.3221],[174.6323,-36.7701,1.874],[174.6308,-36.7671,11.8183],[174.6321,-36.7647,5.578],[174.6306,-36.7645,17.6371],[174.6318,-36.7606,1.573],[174.6296,-36.7606,9.046],[174.6355,-36.7546,14.3502],[174.6348,-36.7528,39.8532],[174.6375,-36.752,16.6431],[174.6377,-36.7521,18.2929],[174.6356,-36.7527,16.6431],[174.6361,-36.7554,15.0851],[174.6349,-36.7579,1.3251],[174.6387,-36.7597,13.2746],[174.6345,-36.7602,1.4961],[174.6362,-36.7629,14.4345],[174.6336,-36.7633,6.9317],[174.6353,-36.7658,1.7924],[174.634,-36.7691,0.0],[174.636,-36.769,17.4927],[174.6338,-36.7702,3.5013],[174.6344,-36.7722,0.0],[174.6367,-36.7696,0.7158],[174.648,-36.768,0.0],[174.6467,-36.7659,13.826599999999999],[174.6485,-36.7653,14.2386],[174.6497,-36.7657,14.2386],[174.6481,-36.7665,8.3732],[174.6489,-36.7674,8.3732],[174.6598,-36.7705,20.079],[174.6653,-36.766,2.1756],[174.6618,-36.7655,33.2337],[174.6666,-36.7643,4.0728],[174.6672,-36.7624,2.8722],[174.6658,-36.7618,31.15],[174.672,-36.7556,3.2183],[174.6707,-36.7556,3.2183],[174.6748,-36.7534,0.0],[174.6757,-36.7494,10.3691],[174.6747,-36.749,10.3691],[174.6778,-36.7464,9.498],[174.6774,-36.7435,23.7816],[174.6801,-36.7416,5.2059],[174.6806,-36.7387,15.3284],[174.6866,-36.7354,15.6064],[174.6901,-36.7273,11.5811],[174.6929,-36.7276,10.3105],[174.6929,-36.7231,15.0839],[174.6932,-36.7278,6.7764],[174.692,-36.7282,7.9407],[174.6909,-36.7275,11.5811],[174.6902,-36.7279,11.5811],[174.6868,-36.7369,4.2055],[174.6836,-36.7384,8.1224],[174.6829,-36.7417,14.6293],[174.6819,-36.7405,5.5877],[174.6793,-36.7437,17.0411],[174.6805,-36.7448,12.362],[174.6787,-36.7483,0.0],[174.6816,-36.7506,18.9502],[174.6781,-36.7492,0.0],[174.6773,-36.7513,1.7651],[174.6775,-36.7546,1.2304],[174.6806,-36.7552,13.9654],[174.6764,-36.7567,1.0575],[174.677,-36.7588,12.4966],[174.6759,-36.7593,2.072],[174.6789,-36.7627,32.7884],[174.6839,-36.763,13.5303],[174.6808,-36.7639,10.5722],[174.6812,-36.7664,15.2475],[174.6789,-36.7638,5.1101],[174.6727,-36.7634,6.6228],[174.6721,-36.7686,13.0093],[174.6707,-36.7627,0.0],[174.6674,-36.7681,12.7518],[174.6659,-36.7676,0.0],[174.667,-36.7718,17.096],[174.6637,-36.7701,4.6769],[174.6624,-36.772,19.7431],[174.6665,-36.7765,16.9078],[174.6647,-36.7798,2.1234],[174.6684,-36.7803,6.8497],[174.6698,-36.7827,0.0],[174.6716,-36.7824,25.3685],[174.6702,-36.7845,0.0],[174.6761,-36.7865,0.0],[174.6798,-36.7859,0.0],[174.6843,-36.7808,37.406],[174.6871,-36.7824,3.3068],[174.6919,-36.7807,11.6269],[174.698,-36.7765,5.8609],[174.6988,-36.7733,15.4004],[174.7027,-36.7715,12.5289],[174.6975,-36.7792,13.6355],[174.7026,-36.7846,5.8201],[174.7077,-36.7846,28.0658],[174.7041,-36.7858,5.5813],[174.7065,-36.7906,22.3971],[174.7042,-36.7887,11.0759],[174.7036,-36.7857,5.5813],[174.7015,-36.785,5.8201],[174.6982,-36.7849,6.3596],[174.6971,-36.7882,23.833],[174.6952,-36.7826,1.7178],[174.6896,-36.785,14.6403],[174.6904,-36.7872,13.5071],[174.6869,-36.7857,0.0],[174.6864,-36.7883,17.7023],[174.6826,-36.7869,4.5413],[174.6787,-36.7899,0.0],[174.6834,-36.7931,18.7913],[174.6804,-36.7934,2.2135],[174.682,-36.7946,16.1272],[174.6816,-36.7977,26.2682],[174.6846,-36.7986,9.0889],[174.6843,-36.8005,0.0],[174.6875,-36.8021,37.7304],[174.6862,-36.803,0.0],[174.6868,-36.8071,0.0],[174.6915,-36.8093,22.5007],[174.6886,-36.8103,0.0],[174.6898,-36.8125,9.5399],[174.701,-36.8131,19.034],[174.6951,-36.8153,0.0],[174.6959,-36.8195,0.0],[174.698,-36.8208,34.9961],[174.697,-36.8231,0.0],[174.7055,-36.8251,0.0],[174.7074,-36.8235,12.6905],[174.71,-36.8263,0.0],[174.7184,-36.8229,40.7706],[174.724,-36.8229,6.0397],[174.7256,-36.8188,10.3514],[174.7278,-36.8178,24.3981],[174.7348,-36.8234,0.0],[174.7339,-36.8225,24.3114],[174.7397,-36.8195,8.054],[174.7381,-36.8189,33.8001],[174.7391,-36.8167,19.078],[174.7414,-36.8164,10.0418],[174.7469,-36.8206,20.113],[174.7466,-36.8266,0.0],[174.7493,-36.8267,0.0],[174.7515,-36.815,0.2462],[174.7543,-36.8138,1.4037],[174.7545,-36.8116,3.1415],[174.7584,-36.8075,2.0206],[174.7567,-36.8035,10.3191],[174.7524,-36.8042,3.7982],[174.7509,-36.801,1.9792],[174.7537,-36.7994,16.8536],[174.7585,-36.8038,4.7854],[174.7612,-36.8031,0.7862],[174.763,-36.7991,5.5235],[174.7615,-36.7986,5.5235],[174.767,-36.7952,9.1737],[174.7657,-36.7945,9.8039],[174.7669,-36.7903,15.9318],[174.7688,-36.791,13.7127],[174.7674,-36.7926,11.5431],[174.7704,-36.7933,10.0647],[174.7692,-36.7945,2.7992],[174.7707,-36.7948,6.1044],[174.7678,-36.797,6.5527],[174.7705,-36.7958,6.1044],[174.7731,-36.7973,6.7821],[174.771,-36.7971,2.8225],[174.7703,-36.7999,13.07],[174.7687,-36.8,4.5555],[174.7732,-36.8058,0.8574],[174.7753,-36.8068,1.6087],[174.7816,-36.8019,12.5221],[174.7785,-36.8077,5.1941],[174.7847,-36.8067,10.7068],[174.7826,-36.809,3.4397],[174.7792,-36.8097,0.9242],[174.7791,-36.8117,6.862],[174.7701,-36.8136,8.0074],[174.766,-36.8216,0.0],[174.7721,-36.8174,17.7228],[174.7863,-36.8141,8.5685],[174.7878,-36.8139,8.0719],[174.7836,-36.8184,0.0178],[174.79,-36.8184,3.6256],[174.793,-36.8169,6.8686],[174.7946,-36.8179,6.2153],[174.7919,-36.8199,0.4549],[174.7939,-36.8216,11.5568],[174.7912,-36.823,4.6244],[174.7894,-36.8237,3.2996],[174.7855,-36.8209,-0.1772],[174.7862,-36.8226,1.2975],[174.7848,-36.8212,-0.1772],[174.7832,-36.822,0.4859],[174.7801,-36.8237,1.8337],[174.7802,-36.8255,3.9223],[174.7745,-36.8252,3.1302],[174.7721,-36.8278,0.0],[174.7729,-36.8294,2.9105],[174.7807,-36.8267,2.1194],[174.786,-36.8325,0.0],[174.7874,-36.8307,3.4713],[174.7907,-36.8307,4.9811],[174.7961,-36.8331,0.0],[174.8032,-36.8313,0.0],[174.8071,-36.8282,0.8845],[174.81,-36.8308,0.0],[174.8096,-36.8292,2.0312],[174.8138,-36.8282,0.0],[174.8134,-36.8259,0.732],[174.8109,-36.8252,9.396],[174.8061,-36.8198,8.221],[174.8074,-36.8149,13.5819],[174.8003,-36.8119,6.3118],[174.7925,-36.8005,0.0],[174.7812,-36.7936,11.3823],[174.7753,-36.7879,16.8075],[174.775,-36.7851,17.3774],[174.7767,-36.7846,0.0],[174.778,-36.7796,0.0],[174.7765,-36.7782,7.6568],[174.776,-36.7737,0.1163],[174.7664,-36.7643,19.7993],[174.7683,-36.7598,0.0],[174.7702,-36.7599,0.492],[174.7643,-36.753,31.7322],[174.7655,-36.7484,2.7802],[174.7567,-36.7392,6.022],[174.7531,-36.7324,5.3353],[174.7575,-36.73,0.0],[174.7512,-36.7211,0.0],[174.7501,-36.7169,0.0],[174.7506,-36.7115,1.1386],[174.7544,-36.7112,3.9539],[174.7515,-36.7038,2.5758],[174.7525,-36.7019,5.4345],[174.7565,-36.7026,0.0],[174.756,-36.6987,16.8969],[174.7591,-36.6983,0.0],[174.7619,-36.6959,0.0],[174.7526,-36.6889,4.2323],[174.7483,-36.6803,7.0775],[174.7471,-36.6813,6.6784],[174.7457,-36.6804,10.4268],[174.7462,-36.6803,10.4268],[174.7473,-36.681,7.0775],[174.7485,-36.6785,33.8338],[174.7462,-36.6671,21.5495],[174.7486,-36.6645,27.135],[174.744,-36.6607,2.8143],[174.7297,-36.6616,11.6337],[174.7276,-36.6575,24.6454],[174.7277,-36.6494,3.0468],[174.7253,-36.648,8.2215],[174.7251,-36.6456,4.8066],[174.7279,-36.6429,0.0848],[174.7266,-36.6426,0.0848],[174.725,-36.6452,4.8066],[174.7242,-36.6441,1.0075],[174.7261,-36.6417,0.0848],[174.7222,-36.6438,4.9234],[174.724,-36.6392,0.1673],[174.7224,-36.6408,0.9065],[174.7226,-36.6383,0.1673],[174.7222,-36.6381,0.1673],[174.7215,-36.6389,5.0398],[174.7209,-36.6369,1.3186],[174.72,-36.6386,5.0398],[174.7168,-36.6381,17.8807],[174.7173,-36.6337,4.1816],[174.7114,-36.6373,26.9836],[174.7142,-36.635,18.001],[174.7158,-36.6305,0.0],[174.7132,-36.6305,22.3371],[174.7145,-36.6284,0.0],[174.7132,-36.6263,20.2432],[174.7111,-36.6262,18.1489],[174.7117,-36.6249,1.3231],[174.709,-36.622,5.3243],[174.7072,-36.6223,3.12],[174.7059,-36.6249,18.707],[174.7019,-36.6256,6.6623],[174.6971,-36.6326,24.0378],[174.6973,-36.6299,10.1331],[174.7048,-36.6185,10.7716],[174.7072,-36.6195,1.0544],[174.7095,-36.6191,1.1104],[174.7092,-36.6178,0.9488],[174.7028,-36.6167,8.4616],[174.6998,-36.618899999999996,10.6485],[174.6997,-36.6158,1.2898],[174.6949,-36.6212,15.191],[174.6966,-36.6167,3.8504],[174.6951,-36.6172,2.9772],[174.6945,-36.6187,10.9292],[174.6943,-36.6174,2.9772],[174.6901,-36.6195,5.2047],[174.6866,-36.6253,9.349],[174.6857,-36.6248,9.349],[174.6902,-36.6188,5.2047],[174.6845,-36.6203,8.4097],[174.6773,-36.6198,14.315],[174.6785,-36.6191,11.5073],[174.6835,-36.62,8.4097],[174.6879,-36.6181,6.6327],[174.6915,-36.6183,14.8479],[174.6968,-36.6155,2.0296],[174.6946,-36.6155,2.3367],[174.6903,-36.6174,5.5587],[174.6963,-36.613,4.2032],[174.705,-36.6132,7.8133],[174.7099,-36.615,14.4549],[174.7226,-36.6367,17.1852],[174.7267,-36.639,19.1838],[174.7296,-36.6439,0.0],[174.7326,-36.6443,41.6815],[174.7372,-36.6478,41.278],[174.7409,-36.648,0.0],[174.7497,-36.6398,0.0],[174.7595,-36.6417,0.0],[174.7626,-36.6363,3.8618],[174.7668,-36.6365,1.7066],[174.7695,-36.6338,0.0],[174.7711,-36.6304,17.5084],[174.7703,-36.6268,9.7628],[174.7725,-36.6247,0.0],[174.7764,-36.6238,22.6341],[174.7779,-36.6257,9.6074],[174.7834,-36.6232,18.807],[174.7866,-36.6259,0.83],[174.7878,-36.6246,0.0],[174.7856,-36.6234,2.2988],[174.7881,-36.6179,2.4698],[174.7918,-36.6202,0.0],[174.789,-36.6235,0.0],[174.7936,-36.6275,11.0772],[174.7935,-36.6292,4.7934],[174.7967,-36.6297,0.0],[174.8013,-36.6276,38.4053],[174.807,-36.6212,3.8703],[174.804,-36.6183,22.2098],[174.8074,-36.6122,11.7195],[174.8065,-36.6102,3.6521],[174.8079,-36.6078,17.7642],[174.8134,-36.6073,9.0547],[174.8163,-36.6176,1.848],[174.8197,-36.6147,0.3092],[174.8246,-36.6142,2.4478],[174.8299,-36.6164,23.9068],[174.8285,-36.6187,13.0166],[174.8294,-36.62,9.4225],[174.8327,-36.6195,54.9802],[174.8369,-36.6162,50.3144],[174.8387,-36.6055,16.1633],[174.8408,-36.6018,27.8586],[174.8374,-36.5976,0.1154],[174.8377,-36.5925,0.1457],[174.8368,-36.5944,0.7441],[174.8331,-36.5947,52.6535],[174.8257,-36.5926,2.6083],[174.8164,-36.5955,0.1589],[174.8161,-36.599,4.6351],[174.8136,-36.6013,7.3674],[174.7987,-36.601,2.1766],[174.7903,-36.6045,1.392],[174.7837,-36.6043,0.0],[174.7805,-36.6074,8.426],[174.7746,-36.6066,2.8378],[174.7687,-36.6104,7.3222],[174.7714,-36.618,15.8181],[174.7651,-36.6229,0.0],[174.7661,-36.6255,0.0],[174.7584,-36.6283,4.119],[174.7531,-36.6276,0.0],[174.7485,-36.6246,38.2703],[174.7487,-36.6193,0.0],[174.746,-36.6185,14.408],[174.7442,-36.6244,1.5011],[174.735,-36.623,16.4525],[174.7258,-36.6168,25.3594],[174.7218,-36.6121,28.3554],[174.7148,-36.6103,5.0745],[174.7074,-36.6015,6.8535],[174.7079,-36.6003,0.0],[174.7034,-36.599,0.0],[174.6971,-36.6004,6.1179],[174.7005,-36.5982,0.7913],[174.7009,-36.5951,4.0924],[174.6913,-36.5739,15.0788],[174.6951,-36.5717,34.7793],[174.6945,-36.5671,20.1323],[174.6966,-36.5613,3.8548],[174.7022,-36.5624,11.962],[174.7033,-36.5639,0.0],[174.7081,-36.5627,0.0],[174.7071,-36.5569,9.6404],[174.7101,-36.5552,0.0],[174.7092,-36.5517,22.8258],[174.7104,-36.5506,0.0],[174.708,-36.5473,0.0],[174.7096,-36.5442,0.0],[174.7086,-36.5427,0.0],[174.7103,-36.5412,31.3327],[174.7138,-36.5428,0.0],[174.7167,-36.5418,0.0],[174.7157,-36.5364,0.0],[174.7132,-36.5344,6.2304],[174.7143,-36.5261,50.5267],[174.7185,-36.5275,24.0976],[174.7208,-36.5267,0.0],[174.7216,-36.5253,44.6527],[174.7196,-36.5234,13.4956],[174.7213,-36.5179,1.401],[174.7288,-36.5178,20.4486],[174.7299,-36.5162,14.0339],[174.7236,-36.5136,14.0268],[174.7218,-36.5099,21.3007],[174.7223,-36.506,0.0],[174.7184,-36.5042,0.7924],[174.7188,-36.5004,8.0287],[174.7155,-36.4996,24.717],[174.7186,-36.4957,0.0],[174.7123,-36.4932,20.064],[174.7063,-36.4974,18.4118],[174.7054,-36.4949,26.0037],[174.7016,-36.4947,22.8371],[174.7082,-36.4913,0.0],[174.7078,-36.4857,0.0],[174.702,-36.4873,8.5832],[174.702,-36.4856,3.5143],[174.6996,-36.4849,13.2304],[174.6978,-36.4818,3.3406],[174.6965,-36.4833,0.6061],[174.6972,-36.4855,3.3413],[174.6942,-36.4864,3.3631],[174.6932,-36.4909,21.1212],[174.692,-36.4907,10.6108],[174.6929,-36.4888,12.2668],[174.6912,-36.4838,1.7896],[174.6786,-36.487,15.0247],[174.6804,-36.486,5.0329],[174.6764,-36.485,15.8371],[174.6766,-36.4847,15.8371],[174.6773,-36.4847,15.5061],[174.681,-36.4853,1.2791],[174.6854,-36.4805,14.5032],[174.691,-36.4798,3.1435],[174.6913,-36.4757,11.4268],[174.6941,-36.476,20.6092],[174.6954,-36.4734,4.1363],[174.7097,-36.4762,19.5796],[174.7091,-36.4786,4.0519],[174.7132,-36.4834,0.0],[174.7142,-36.4875,0.0],[174.7148,-36.4818,0.0],[174.7173,-36.4799,0.0],[174.7135,-36.4799,20.5726],[174.7124,-36.4744,2.215],[174.7075,-36.4744,5.8756],[174.7072,-36.4731,5.8756],[174.7123,-36.4697,7.097],[174.7133,-36.4712,7.097],[174.7188,-36.4719,3.4247],[174.7183,-36.4695,0.0],[174.7144,-36.4666,11.9327],[174.7163,-36.464,0.0],[174.7128,-36.4625,2.529],[174.7081,-36.4641,5.5883],[174.7072,-36.4665,16.7702],[174.6995,-36.4706,6.2336],[174.6979,-36.467,1.787],[174.6942,-36.4665,10.663],[174.6917,-36.4685,11.6378],[174.6933,-36.4659,3.2027],[174.6881,-36.4636,21.0753],[174.687,-36.4644,21.0753],[174.6872,-36.4639,21.0753],[174.6882,-36.4633,21.0753],[174.6953,-36.4647,1.3742],[174.7017,-36.4607,1.1142],[174.6996,-36.4572,10.8315],[174.7046,-36.4579,17.7671],[174.7106,-36.452,8.2942],[174.7074,-36.4501,9.408],[174.7053,-36.4514,22.3539],[174.6997,-36.45,18.774],[174.6977,-36.4469,2.3091],[174.6939,-36.4461,11.8644],[174.6947,-36.4455,11.8644],[174.6983,-36.4458,4.5497],[174.6999,-36.4441,16.9953],[174.7005,-36.4473,11.5492],[174.7088,-36.4467,0.0],[174.7091,-36.4444,3.1163],[174.7067,-36.4426,2.8526],[174.7079,-36.4386,1.2805],[174.7049,-36.4387,8.3221],[174.705,-36.4352,12.7866],[174.7016,-36.4345,1.8397],[174.6991,-36.4317,8.6098],[174.6961,-36.4321,2.467],[174.6915,-36.436,8.4013],[174.6887,-36.4333,7.031],[174.6854,-36.4359,16.7831],[174.686,-36.4337,13.1675],[174.6927,-36.4315,4.9744],[174.6937,-36.4298,2.4282],[174.6917,-36.4276,15.628],[174.6933,-36.4264,2.2757],[174.6906,-36.4241,7.1573],[174.6858,-36.4239,4.1666],[174.6814,-36.418,6.4389],[174.6897,-36.4208,4.7982],[174.6861,-36.4162,12.0339],[174.6884,-36.417,1.423],[174.6893,-36.4153,19.6323],[174.6989,-36.4253,4.604],[174.7021,-36.426,15.313],[174.7046,-36.4246,13.2106],[174.7049,-36.4256,13.2106],[174.7034,-36.4269,1.1181],[174.7068,-36.4276,14.6519],[174.7094,-36.4306,4.996],[174.7125,-36.4297,3.4331],[174.714,-36.4272,1.1692],[174.7169,-36.4276,1.1502],[174.7201,-36.4236,1.6637],[174.7177,-36.4194,9.0513],[174.7197,-36.4181,5.6797],[174.7197,-36.4163,12.0274],[174.7201,-36.4221,7.492],[174.724,-36.4243,10.1128],[174.7209,-36.4241,1.6637],[174.7209,-36.4258,4.7974],[174.7186,-36.4265,9.5899],[174.7176,-36.4333,0.6916],[174.7214,-36.4339,10.6536],[174.7283,-36.4318,4.8835],[174.7311,-36.4327,8.1022],[174.7244,-36.4352,8.5682],[174.7261,-36.4397,2.1919],[174.7313,-36.4401,7.3814],[174.7237,-36.4429,1.8163],[174.7312,-36.4488,8.2942],[174.7322,-36.4518,0.0],[174.7309,-36.4637,0.0],[174.7336,-36.4648,5.8657],[174.7347,-36.468,21.3128],[174.7312,-36.4726,12.0867],[174.7301,-36.4709,0.0],[174.7284,-36.4734,0.0],[174.731,-36.4758,1.7261],[174.7239,-36.4856,1.8926],[174.7264,-36.4876,5.9012],[174.73,-36.4809,31.2577],[174.733,-36.4798,0.0],[174.738,-36.4717,5.7891],[174.7366,-36.4705,4.6649],[174.7388,-36.469,5.6652],[174.7372,-36.4643,8.0266],[174.741,-36.4625,3.1021],[174.7365,-36.4581,1.1081],[174.7392,-36.4535,7.5456],[174.7383,-36.4519,16.9947],[174.7394,-36.4523,9.1637],[174.7397,-36.4529,9.1637],[174.7392,-36.4586,2.2628],[174.7413,-36.4615,3.1021],[174.7437,-36.4604,9.2738],[174.7472,-36.466,17.3323],[174.752,-36.4646,15.7519],[174.7478,-36.4673,6.1557],[174.7462,-36.4669,2.1629],[174.7441,-36.4706,1.8301],[174.7484,-36.4734,1.4712],[174.7475,-36.4754,4.9345],[174.7496,-36.4826,26.3437],[174.7474,-36.4831,13.479],[174.7456,-36.4787,0.5808],[174.7428,-36.4832,14.7163],[174.746,-36.4871,4.7158],[174.7357,-36.4872,4.9874],[174.7356,-36.4898,5.5369],[174.7398,-36.4931,2.3897],[174.7357,-36.4962,0.0],[174.7359,-36.5042,5.8332],[174.7376,-36.5024,17.7055],[174.7394,-36.5031,0.0],[174.7409,-36.5008,0.0],[174.7397,-36.4981,34.758],[174.7419,-36.4951,5.8406],[174.7507,-36.4935,5.5456],[174.7545,-36.4754,18.8729],[174.7612,-36.4627,11.5935],[174.7652,-36.4607,0.0],[174.7632,-36.4547,0.0],[174.7654,-36.4471,2.7021],[174.768,-36.4452,15.8239],[174.7741,-36.4453,5.6406],[174.7787,-36.4409,19.2811],[174.7789,-36.4371,0.0],[174.7738,-36.4422,3.8642],[174.7699,-36.4415,6.9019],[174.7686,-36.439,0.0],[174.7657,-36.441,0.0],[174.7631,-36.4406,1.9153],[174.7585,-36.4366,7.6949],[174.7596,-36.4328,0.0],[174.7537,-36.4355,7.1956],[174.7524,-36.4377,1.496],[174.7497,-36.4374,0.6315],[174.7432,-36.4324,0.0],[174.7392,-36.4249,20.3278],[174.7327,-36.4251,10.7209],[174.7302,-36.4198,2.452],[174.7296,-36.4109,3.4608],[174.7311,-36.407,13.3949],[174.733,-36.4069,0.0],[174.7348,-36.403,0.0],[174.7384,-36.401,28.7585],[174.7375,-36.3988,4.7441],[174.7343,-36.3987,9.325],[174.7335,-36.396,0.0],[174.7285,-36.3931,4.5541],[174.7295,-36.3894,0.0]],
[[174.9208,-37.1089,5.5676],[174.9208,-37.1098,3.6458],[174.9189,-37.111,6.0798],[174.9208,-37.1089,5.5676]]],
[[[174.7681,-36.32,0.0],[174.7687,-36.3195,0.1046],[174.7674,-36.3197,0.0],[174.7674,-36.3198,0.0],[174.7681,-36.32,0.0]]],
[[[174.7687,-36.3176,0.0],[174.7675,-36.3169,0.0],[174.7666,-36.3173,0.1734],[174.7686,-36.3191,0.1046],[174.7687,-36.3176,0.0]]],
[[[174.7983,-36.2643,9.6435],[174.7956,-36.2648,4.603],[174.7966,-36.2679,20.7605],[174.8001,-36.265,19.2491],[174.7983,-36.2643,9.6435]]],
[[[175.2982,-36.2044,0.0],[175.2983,-36.2045,0.0],[175.2984,-36.2043,0.0],[175.2983,-36.2043,0.0],[175.2982,-36.2044,0.0]]],
[[[175.2985,-36.2039,0.0],[175.2984,-36.2036,0.0],[175.2982,-36.2036,0.0],[175.2982,-36.204,0.0],[175.2985,-36.2039,0.0]]],
[[[175.2989,-36.2013,14.4958],[175.2972,-36.201,0.8255],[175.2982,-36.2032,0.0],[175.2995,-36.2022,14.4958],[175.2989,-36.2013,14.4958]]],
[[[175.2969,-36.2,0.8255],[175.2962,-36.2002,0.8255],[175.297,-36.2011,0.8255],[175.2972,-36.2007,0.8255],[175.2969,-36.2,0.8255]]],
[[[175.2943,-36.1855,0.674],[175.2939,-36.1856,1.1227],[175.2938,-36.1866,0.0],[175.2946,-36.1862,0.674],[175.2943,-36.1855,0.674]]],
[[[175.2944,-36.1852,0.674],[175.294,-36.1837,0.0],[175.2927,-36.1841,5.4716],[175.2933,-36.1852,1.1227],[175.2944,-36.1852,0.674]]],
[[[175.2967,-36.1792,0.0],[175.2965,-36.1801,0.0],[175.2973,-36.1801,0.0],[175.2973,-36.1799,0.0],[175.2967,-36.1792,0.0]]],
[[[175.3564,-36.1713,0.0],[175.3557,-36.1717,0.0],[175.3558,-36.1721,0.0],[175.3573,-36.1713,0.0],[175.3564,-36.1713,0.0]]],
[[[175.3394,-36.164,0.0],[175.3382,-36.1636,2.5299],[175.3348,-36.1687,0.0],[175.3352,-36.1705,21.7048],[175.3328,-36.1715,38.9548],[175.3259,-36.1667,0.0],[175.3257,-36.1699,24.3629],[175.3212,-36.1719,17.786],[175.32,-36.1678,0.0],[175.3161,-36.1716,57.5756],[175.3097,-36.167,17.9014],[175.3042,-36.1658,0.0],[175.3029,-36.1669,23.3022],[175.3067,-36.1733,0.0],[175.3096,-36.1747,0.0],[175.3091,-36.1773,1.9139],[175.3115,-36.1783,28.6579],[175.3106,-36.1791,28.6579],[175.3125,-36.1813,0.0],[175.3183,-36.1834,0.0],[175.3203,-36.1865,0.0],[175.325,-36.1878,20.9048],[175.3276,-36.1869,21.168],[175.331,-36.1901,0.0],[175.3347,-36.1895,23.3239],[175.3347,-36.1872,50.1176],[175.3369,-36.1856,46.4089],[175.3328,-36.1802,31.5455],[175.3372,-36.1812,20.1246],[175.3374,-36.1776,29.6346],[175.3412,-36.179,3.2341],[175.3426,-36.178,2.7317],[175.3411,-36.1739,38.2014],[175.3435,-36.1717,0.0],[175.3412,-36.1702,41.5116],[175.3413,-36.1665,28.8845],[175.3394,-36.164,0.0]]],
[[[175.2881,-36.1602,2.6548],[175.2886,-36.1591,0.0],[175.2871,-36.1608,7.2424],[175.2825,-36.1609,3.9666],[175.2893,-36.1634,25.3212],[175.2896,-36.1659,0.0],[175.2912,-36.1664,0.5376],[175.2905,-36.1674,0.5376],[175.2928,-36.1667,0.0],[175.2935,-36.1619,0.0],[175.2881,-36.1602,2.6548]]],
[[[175.301,-36.1655,38.2506],[175.3,-36.1637,0.0],[175.2967,-36.1656,27.1046],[175.3006,-36.1672,24.313],[175.301,-36.1655,38.2506]]],
[[[175.5047,-36.3488,9.9561],[175.5068,-36.3489,4.8706],[175.5073,-36.347,24.833],[175.5049,-36.3445,0.0],[175.5026,-36.3469,0.0],[175.5047,-36.3488,9.9561]]],
[[[175.3714,-36.2574,0.0],[175.3733,-36.2579,0.0],[175.374,-36.2575,0.0],[175.3701,-36.2555,0.0],[175.3714,-36.2574,0.0]]],
[[[175.4908,-36.253,0.0],[175.4912,-36.2544,0.0],[175.4935,-36.254,29.412],[175.4928,-36.2527,16.2464],[175.4908,-36.253,0.0]]],
[[[175.4924,-36.2523,16.2464],[175.4922,-36.2516,16.2464],[175.4909,-36.2518,0.0],[175.4912,-36.2522,0.0],[175.4924,-36.2523,16.2464]]],
[[[175.3147,-36.2355,0.0],[175.3139,-36.2358,0.0],[175.314,-36.2362,0.0],[175.3156,-36.2356,0.0],[175.3147,-36.2355,0.0]]],
[[[175.3176,-36.2353,0.0],[175.3189,-36.2365,0.0],[175.3182,-36.2316,0.0],[175.3173,-36.2349,0.0],[175.3176,-36.2353,0.0]]],
[[[175.2984,-36.2198,16.4254],[175.2976,-36.217,1.8144],[175.2955,-36.2185,4.5386],[175.2946,-36.2224,14.3809],[175.3037,-36.2226,30.5169],[175.3053,-36.2246,8.5513],[175.3027,-36.2252,7.2154],[175.3071,-36.2273,0.8327],[175.3064,-36.2253,8.978],[175.3099,-36.2264,0.0],[175.3101,-36.2249,15.6962],[175.3115,-36.2251,0.0],[175.3071,-36.2224,3.1066],[175.3072,-36.2199,6.483],[175.3054,-36.2183,24.573],[175.3032,-36.2202,22.222],[175.2984,-36.2198,16.4254]]],
[[[175.289,-36.22,0.0],[175.2893,-36.2199,0.0],[175.2891,-36.2196,0.0],[175.2888,-36.2197,0.0],[175.289,-36.22,0.0]]],
[[[175.3026,-36.2279,2.4125],[175.3009,-36.2286,0.0],[175.3021,-36.2321,23.5732],[175.3,-36.2312,0.0],[175.2972,-36.2345,0.0],[175.3015,-36.2374,0.0],[175.3039,-36.2352,4.2012],[175.3076,-36.2352,0.0],[175.3072,-36.2323,15.4255],[175.3026,-36.2279,2.4125]]],
[[[175.3174,-36.2294,2.0684],[175.3174,-36.2306,0.0],[175.3181,-36.2309,0.0],[175.3185,-36.2301,0.0],[175.3174,-36.2294,2.0684]]],
[[[175.3063,-36.2285,0.0],[175.3059,-36.2291,0.0],[175.3068,-36.2298,0.0],[175.3073,-36.2284,7.6405],[175.3063,-36.2285,0.0]]],
[[[175.3173,-36.228,2.0684],[175.3171,-36.2285,2.0684],[175.3176,-36.2288,2.0684],[175.3177,-36.2282,2.0684],[175.3173,-36.228,2.0684]]],
[[[175.0919,-36.1664,44.2779],[175.0897,-36.1665,0.0],[175.0849,-36.1746,109.2882],[175.0828,-36.1721,0.0],[175.0808,-36.1737,0.0],[175.0774,-36.1791,20.4807],[175.0683,-36.1777,0.0],[175.0558,-36.1847,189.8112],[175.0511,-36.1844,0.0],[175.0503,-36.1911,23.3076],[175.0477,-36.1947,33.5768],[175.0505,-36.2022,0.0],[175.0489,-36.2046,0.0],[175.0498,-36.2091,40.0614],[175.0525,-36.2151,1.4865],[175.05,-36.2206,0.9776],[175.0593,-36.2211,9.1205],[175.0788,-36.2304,16.8117],[175.0999,-36.2316,4.6802],[175.1058,-36.2281,11.3133],[175.108,-36.2247,60.4996],[175.1111,-36.2069,0.0],[175.1089,-36.1902,0.0],[175.1141,-36.1822,13.714],[175.1096,-36.1783,12.2865],[175.1089,-36.1748,0.0],[175.1072,-36.1748,96.1288],[175.1074,-36.1714,9.6308],[175.103,-36.1732,102.5699],[175.0991,-36.1726,34.7444],[175.0953,-36.1708,0.0],[175.0947,-36.1672,0.0],[175.0919,-36.1664,44.2779]]],
[[[175.2867,-36.2134,29.2992],[175.2847,-36.2141,24.4934],[175.2884,-36.2193,14.7438],[175.2936,-36.2177,1.1162],[175.2927,-36.2164,1.1162],[175.2893,-36.2164,48.4183],[175.2867,-36.2134,29.2992]]],
[[[175.3342,-36.1528,1.3885],[175.3343,-36.1519,1.3885],[175.3333,-36.1519,1.3885],[175.3332,-36.1528,1.3885],[175.3342,-36.1528,1.3885]]],
[[[175.398,-36.05,29.9186],[175.3908,-36.0504,5.8838],[175.3907,-36.0521,9.7078],[175.3861,-36.0539,6.9413],[175.388,-36.055,158.0884],[175.3788,-36.0526,0.0],[175.373,-36.057,73.8002],[175.3693,-36.056,0.0],[175.3694,-36.0633,39.7485],[175.3672,-36.0662,23.934],[175.3593,-36.067,21.2791],[175.3513,-36.0703,171.1634],[175.3467,-36.0653,5.2131],[175.3428,-36.0669,1.2537],[175.3413,-36.0702,0.0],[175.3425,-36.0724,24.5427],[175.3394,-36.0733,21.3426],[175.3398,-36.0744,21.3426],[175.3426,-36.0735,26.2064],[175.3438,-36.0758,14.4826],[175.3479,-36.0768,6.2512],[175.3438,-36.0792,1.3503],[175.347,-36.0837,19.784],[175.3448,-36.0895,0.0],[175.3387,-36.0947,0.0],[175.3419,-36.0946,5.3985],[175.3468,-36.0994,13.0782],[175.347,-36.1022,6.0979],[175.3505,-36.1064,24.0123],[175.3494,-36.1085,0.0],[175.3508,-36.11,0.9392],[175.3539,-36.1101,33.7817],[175.3546,-36.1129,6.4056],[175.3557,-36.1116,6.4056],[175.3632,-36.1151,21.4383],[175.3645,-36.1177,3.4326],[175.367,-36.1157,17.0244],[175.3725,-36.118,1.3274],[175.3765,-36.1166,5.3265],[175.3738,-36.118,1.3274],[175.3735,-36.1206,10.7013],[175.3686,-36.1223,16.8728],[175.3651,-36.1233,41.8102],[175.3604,-36.1217,7.8107],[175.36,-36.1223,7.8107],[175.367,-36.1268,5.7723],[175.3663,-36.1284,4.0281],[175.3611,-36.1283,19.6129],[175.3595,-36.1269,6.757],[175.3566,-36.1278,1.3639],[175.3548,-36.1309,13.2797],[175.3518,-36.1296,14.4975],[175.3497,-36.1308,5.12],[175.3479,-36.13,12.2738],[175.3472,-36.126,1.1369],[175.3442,-36.1251,3.5678],[175.3399,-36.1276,8.0967],[175.3395,-36.1313,74.0374],[175.3301,-36.1348,59.7479],[175.3267,-36.1342,52.0514],[175.3232,-36.1273,3.7002],[175.3204,-36.1258,0.0],[175.3148,-36.1263,35.794],[175.3134,-36.1243,0.0],[175.3137,-36.1265,0.0],[175.3154,-36.128,15.1327],[175.3109,-36.1293,0.0],[175.3149,-36.1363,77.9695],[175.3099,-36.1399,0.0],[175.3157,-36.1429,29.6126],[175.3153,-36.1471,8.1839],[175.3166,-36.1478,8.1839],[175.3194,-36.1474,0.0],[175.3215,-36.1443,0.0],[175.3196,-36.1436,4.0029],[175.319,-36.1403,0.0],[175.3251,-36.14,0.0],[175.3262,-36.1383,24.6789],[175.33,-36.1412,45.7654],[175.3346,-36.1418,3.9365],[175.3351,-36.1461,0.0],[175.3381,-36.1474,11.3275],[175.3408,-36.1452,4.7163],[175.3421,-36.1481,0.0],[175.3466,-36.1466,5.3075],[175.3513,-36.1498,0.0],[175.3536,-36.1496,0.0],[175.3547,-36.151,28.0003],[175.3536,-36.1529,0.0],[175.3456,-36.1527,8.3188],[175.3392,-36.1586,0.0],[175.3421,-36.1618,0.0],[175.3446,-36.1621,1.0935],[175.346,-36.1601,26.1551],[175.3496,-36.1626,42.2924],[175.3485,-36.1653,10.8994],[175.3514,-36.1688,6.3406],[175.3559,-36.1672,0.0],[175.3589,-36.1631,6.4895],[175.3621,-36.1616,33.4246],[175.3628,-36.1628,33.4246],[175.3597,-36.1667,0.0],[175.36,-36.1704,6.6591],[175.3629,-36.1724,11.1661],[175.3546,-36.1755,15.5674],[175.3512,-36.1736,3.7277],[175.351,-36.1765,0.0],[175.3523,-36.1788,3.5187],[175.3576,-36.1777,38.7082],[175.365,-36.1823,5.2374],[175.3699,-36.1823,10.8588],[175.3628,-36.1863,37.1058],[175.3583,-36.1851,17.1015],[175.354,-36.1869,28.1419],[175.3527,-36.1844,0.0],[175.3478,-36.1847,40.1494],[175.3465,-36.1861,14.5682],[175.3515,-36.1924,3.2626],[175.3483,-36.1929,0.0],[175.347,-36.1965,0.0],[175.3485,-36.1959,29.7053],[175.3509,-36.1984,0.0],[175.3556,-36.1959,20.0023],[175.3571,-36.1975,19.8168],[175.3551,-36.1969,25.3636],[175.3519,-36.2002,0.0],[175.3542,-36.2003,48.3142],[175.3548,-36.2032,4.6852],[175.3601,-36.2087,22.0431],[175.354,-36.2068,19.3412],[175.3506,-36.2033,45.5305],[175.3481,-36.2039,15.6866],[175.3485,-36.2062,13.6202],[175.3455,-36.2018,0.0],[175.3449,-36.2048,41.2391],[175.3417,-36.2027,0.0],[175.3421,-36.2064,37.7432],[175.3388,-36.2043,0.0],[175.3373,-36.2069,19.9737],[175.3398,-36.2082,30.9688],[175.3398,-36.2106,14.4252],[175.3428,-36.2106,13.7466],[175.3425,-36.2129,0.0],[175.3443,-36.2137,6.1416],[175.3469,-36.212,12.4006],[175.3489,-36.2145,17.403],[175.3515,-36.2145,47.8188],[175.3492,-36.2165,25.7184],[175.3395,-36.2159,6.1363],[175.337,-36.213,18.7684],[175.3361,-36.2143,18.7684],[175.335,-36.2123,47.794],[175.3363,-36.2101,14.73],[175.3329,-36.2072,28.4298],[175.3338,-36.2053,8.9569],[175.328,-36.1993,0.0],[175.3313,-36.1957,0.0],[175.3257,-36.1914,36.8775],[175.3252,-36.1886,4.4542],[175.3239,-36.1888,0.0],[175.325,-36.1912,3.6447],[175.3208,-36.1899,16.4498],[175.3194,-36.1985,17.1084],[175.3177,-36.1989,20.7956],[175.3149,-36.1913,5.6289],[175.311,-36.189,0.0],[175.3118,-36.1871,2.8092],[175.3078,-36.186,0.0],[175.312,-36.1917,14.7503],[175.3106,-36.199,25.3437],[175.3118,-36.2003,21.1431],[175.3062,-36.2006,0.0],[175.3064,-36.2024,19.9285],[175.3095,-36.2035,0.0],[175.3094,-36.2058,0.0],[175.3137,-36.2075,6.0518],[175.312,-36.2094,0.0],[175.3126,-36.2121,32.0609],[175.3087,-36.2124,0.9594],[175.313,-36.2157,41.8975],[175.312,-36.2184,2.4596],[175.3155,-36.2243,10.0781],[175.3143,-36.2255,0.0],[175.3174,-36.2274,2.1836],[175.3252,-36.2266,0.0],[175.32,-36.2224,11.2827],[175.323,-36.2195,30.4331],[175.3282,-36.223,0.0],[175.331,-36.2215,15.7963],[175.3326,-36.2236,0.5721],[175.3356,-36.2229,56.2108],[175.3363,-36.2256,0.0],[175.3415,-36.2268,16.0231],[175.3452,-36.2295,0.0],[175.3502,-36.2285,9.2594],[175.3582,-36.2377,14.7756],[175.361,-36.2388,0.9454],[175.3629,-36.246,22.2985],[175.3705,-36.2501,0.0],[175.3748,-36.2484,3.383],[175.3747,-36.2467,13.6973],[175.3757,-36.2492,3.383],[175.3777,-36.2498,16.5305],[175.3759,-36.2503,0.0],[175.3777,-36.2539,0.0],[175.3806,-36.2545,0.0],[175.3843,-36.252,0.0],[175.3863,-36.2562,1.7884],[175.3877,-36.2549,2.31],[175.391,-36.2555,0.0],[175.392,-36.2528,13.0035],[175.3937,-36.2524,2.6772],[175.3899,-36.2505,0.0],[175.3901,-36.2478,14.2939],[175.392,-36.2465,0.0],[175.3913,-36.2448,0.0],[175.3888,-36.2451,19.7824],[175.3886,-36.2427,22.7389],[175.3951,-36.2416,0.0],[175.3969,-36.239,5.8907],[175.3967,-36.2358,48.3007],[175.399,-36.2395,46.6824],[175.3973,-36.2451,2.665],[175.3998,-36.2492,52.0266],[175.3987,-36.2513,0.0],[175.4014,-36.251,45.1609],[175.4019,-36.2539,23.4503],[175.4008,-36.2544,0.6442],[175.4041,-36.2566,7.9912],[175.4036,-36.2582,21.3057],[175.3997,-36.2581,26.72],[175.3977,-36.2606,0.0],[175.4011,-36.2642,51.388],[175.4005,-36.2683,0.8795],[175.4087,-36.2638,14.7178],[175.4102,-36.2658,12.589],[175.4133,-36.2659,23.5218],[175.4152,-36.2685,0.0],[175.4185,-36.2689,3.9154],[175.4216,-36.2658,0.0],[175.4217,-36.2615,1.4294],[175.424,-36.2625,0.0],[175.4246,-36.2608,7.2543],[175.428,-36.2604,23.4008],[175.4305,-36.2626,5.7481],[175.4377,-36.2586,4.9156],[175.4402,-36.2627,19.528199999999998],[175.443,-36.2635,18.5402],[175.438,-36.2673,0.0],[175.4424,-36.27,28.4937],[175.4417,-36.271,0.0],[175.4393,-36.2712,0.8258],[175.4403,-36.2728,18.9013],[175.4379,-36.2707,5.9321],[175.434,-36.2717,81.8067],[175.4333,-36.2772,0.0],[175.4349,-36.2791,16.899],[175.4302,-36.282,43.9139],[175.4349,-36.2867,27.0747],[175.4344,-36.2934,70.2949],[175.4325,-36.2954,0.0],[175.4336,-36.2994,0.0],[175.4322,-36.3006,5.4445],[175.4345,-36.3028,36.1885],[175.4325,-36.3051,14.6723],[175.4333,-36.3093,0.0],[175.4363,-36.31,0.0],[175.4378,-36.3075,47.545],[175.4404,-36.3092,1.7463],[175.4419,-36.3072,49.9078],[175.4452,-36.3086,3.3836],[175.4472,-36.3066,2.2342],[175.4534,-36.3055,9.0245],[175.4552,-36.3108,21.9706],[175.4506,-36.3114,25.7456],[175.455,-36.3137,0.4469],[175.4562,-36.312,10.1993],[175.4601,-36.3126,7.1874],[175.4617,-36.3092,25.5869],[175.4683,-36.309,17.0649],[175.4673,-36.3047,20.9953],[175.47,-36.301,31.9779],[175.4776,-36.3031,0.0],[175.4868,-36.3011,7.1432],[175.4884,-36.3025,14.4882],[175.487,-36.3034,0.0],[175.4906,-36.3066,11.6202],[175.4884,-36.311,22.2591],[175.4927,-36.3104,18.4209],[175.495,-36.3131,12.7309],[175.4909,-36.3158,1.6085],[175.4935,-36.3231,5.7908],[175.4915,-36.3236,32.7287],[175.4853,-36.32,5.7631],[175.4833,-36.321,18.5058],[175.4796,-36.3191,0.5215],[175.4805,-36.3231,5.7407],[175.4766,-36.3241,0.0],[175.4784,-36.3285,31.0493],[175.4743,-36.3319,0.0],[175.4761,-36.3336,2.5202],[175.4828,-36.3339,19.8879],[175.4842,-36.3382,0.0],[175.4848,-36.3372,9.2403],[175.4912,-36.3398,0.2258],[175.4899,-36.3376,17.3129],[175.4909,-36.3368,17.3129],[175.4978,-36.3389,0.0],[175.4998,-36.3364,13.2706],[175.5017,-36.3411,0.0],[175.5074,-36.3415,0.6986],[175.5077,-36.3435,0.5535],[175.5111,-36.3421,30.3655],[175.5185,-36.3439,24.9866],[175.5201,-36.3479,0.0],[175.5237,-36.3489,2.8945],[175.5241,-36.3473,28.0608],[175.527,-36.3465,30.5358],[175.5297,-36.3475,0.0],[175.5294,-36.3446,0.0],[175.532,-36.3442,0.0],[175.533,-36.3404,20.2898],[175.5344,-36.3405,20.2898],[175.5336,-36.3389,26.8417],[175.537,-36.3378,36.452],[175.5337,-36.334,54.4377],[175.5385,-36.3323,33.5977],[175.5346,-36.3295,221.1202],[175.5352,-36.3267,122.9467],[175.5388,-36.3231,86.7008],[175.5375,-36.3209,49.1162],[175.5386,-36.319,17.2219],[175.5447,-36.3183,0.0],[175.5454,-36.3164,33.4304],[175.5505,-36.3147,0.0],[175.5491,-36.3109,28.553],[175.5478,-36.3116,38.8808],[175.5476,-36.3069,0.0],[175.5427,-36.3021,93.6681],[175.5432,-36.295,10.608],[175.5412,-36.2931,49.055],[175.5365,-36.2932,56.9],[175.5306,-36.2871,43.9193],[175.5276,-36.2798,50.3579],[175.5201,-36.2778,83.2381],[175.5142,-36.2686,0.0],[175.5085,-36.264,2.1845],[175.508,-36.2667,0.0],[175.5052,-36.2673,0.2001],[175.5042,-36.2692,1.7798],[175.4935,-36.2659,6.6283],[175.4893,-36.2602,3.4236],[175.4934,-36.2571,13.6558],[175.4907,-36.2575,23.9136],[175.4897,-36.2545,0.0],[175.4843,-36.2535,2.6392],[175.4777,-36.2454,0.0],[175.4795,-36.2444,0.0],[175.4768,-36.2321,0.0],[175.4774,-36.2275,0.0],[175.4813,-36.2227,0.9563],[175.4861,-36.2218,0.0],[175.4888,-36.2167,7.0571],[175.4796,-36.21,0.0],[175.4801,-36.2005,3.9689],[175.4806,-36.2007,3.9689],[175.481,-36.2031,1.5863],[175.48,-36.207,6.2113],[175.4831,-36.2041,30.4427],[175.4821,-36.1999,5.7415],[175.4847,-36.1981,11.3417],[175.4854,-36.1944,0.466],[175.4874,-36.1941,0.466],[175.4845,-36.1937,31.952],[175.4838,-36.1917,8.9443],[175.4857,-36.1898,7.0776],[175.4888,-36.1904,4.7133],[175.4867,-36.1888,11.526],[175.4867,-36.1867,8.342],[175.4957,-36.1877,0.0],[175.4947,-36.1797,20.6833],[175.4969,-36.1772,24.2244],[175.5007,-36.1765,6.4803],[175.5001,-36.1748,24.6365],[175.5014,-36.1738,48.8516],[175.5054,-36.174,18.4037],[175.5033,-36.1708,44.0884],[175.4962,-36.1674,1.3624],[175.4826,-36.1691,32.371],[175.4837,-36.168,7.979],[175.4795,-36.165,0.0],[175.4825,-36.1634,11.8923],[175.482,-36.1619,11.8552],[175.4769,-36.1628,48.8084],[175.476,-36.1578,0.3992],[175.474,-36.1593,3.2995],[175.4733,-36.1626,18.6727],[175.4715,-36.1626,2.1194],[175.4687,-36.1617,66.0147],[175.4692,-36.1599,0.0],[175.467,-36.1587,3.5746],[175.4637,-36.1597,33.5098],[175.4604,-36.1582,23.9861],[175.4603,-36.156,3.746],[175.4533,-36.1519,12.9715],[175.4471,-36.1533,10.1233],[175.4452,-36.1518,31.6669],[175.4454,-36.1497,35.0061],[175.4401,-36.1486,9.2398],[175.439,-36.1447,64.6574],[175.4351,-36.1408,0.0],[175.4331,-36.1435,20.9668],[175.4306,-36.1434,5.9965],[175.4248,-36.148,13.5419],[175.4184,-36.1415,1.6866],[175.4147,-36.1467,0.942],[175.4105,-36.1468,0.7117],[175.4118,-36.146,1.0461],[175.4081,-36.1424,0.8425],[175.411,-36.1372,1.1484],[175.4093,-36.1357,0.9398],[175.4131,-36.1333,1.007],[175.4162,-36.1331,1.2353],[175.4205,-36.138,0.0],[175.4299,-36.1429,0.0],[175.4225,-36.1282,5.9346],[175.4236,-36.1183,15.7368],[175.4253,-36.1155,12.8189],[175.427,-36.1158,1.5935],[175.4263,-36.1136,4.663],[175.4284,-36.1116,15.8033],[175.4397,-36.1148,0.0],[175.4404,-36.1117,18.14],[175.4374,-36.1102,29.2668],[175.4377,-36.1088,0.0],[175.4352,-36.1097,43.6056],[175.4359,-36.1079,0.0],[175.4339,-36.1087,5.0031],[175.4338,-36.1075,0.0],[175.4316,-36.1096,55.8011],[175.4296,-36.1083,61.7948],[175.4315,-36.1054,9.9957],[175.4306,-36.1045,0.0],[175.4263,-36.1079,5.6741],[175.4245,-36.1068,28.933],[175.4234,-36.0998,76.6909],[175.425,-36.0998,14.3978],[175.4242,-36.0985,27.4753],[175.4258,-36.0962,0.0],[175.4238,-36.0952,18.8403],[175.4264,-36.0918,6.1407],[175.4256,-36.0899,10.7368],[175.4223,-36.0898,135.1439],[175.4234,-36.089,117.7061],[175.422,-36.0884,117.7061],[175.4223,-36.0859,0.7351],[175.4195,-36.0848,0.0],[175.4149,-36.0873,0.0],[175.4154,-36.0896,7.2958],[175.4115,-36.0906,0.0],[175.4108,-36.0926,0.0],[175.4069,-36.0922,41.257],[175.4058,-36.0886,38.6718],[175.4082,-36.0879,0.0],[175.4044,-36.0841,82.3805],[175.4058,-36.0822,49.9547],[175.4076,-36.0826,0.0],[175.4021,-36.0796,35.1934],[175.4084,-36.0767,3.6128999999999998],[175.408,-36.0749,4.097],[175.4101,-36.0714,9.6474],[175.4035,-36.0701,22.8853],[175.4071,-36.068,5.5826],[175.4055,-36.0668,44.816],[175.4118,-36.0642,38.1297],[175.4129,-36.0616,69.652],[175.411,-36.0609,57.597],[175.412,-36.0582,0.0],[175.4089,-36.0584,50.4594],[175.4085,-36.0563,3.7307],[175.4057,-36.0566,38.9111],[175.4024,-36.0543,10.5266],[175.4041,-36.0537,5.3734],[175.3973,-36.0541,33.0414],[175.3967,-36.0518,71.9619],[175.398,-36.05,29.9186]]],
[[[175.3366,-36.1522,0.0],[175.3363,-36.152,0.0],[175.3361,-36.1521,0.0],[175.3367,-36.1524,0.0],[175.3366,-36.1522,0.0]]],
[[[175.3135,-36.1473,0.0],[175.3131,-36.1474,0.0],[175.3139,-36.1477,0.0],[175.3139,-36.1475,0.0],[175.3135,-36.1473,0.0]]],
[[[175.4968,-36.1161,0.0],[175.4923,-36.1174,0.0],[175.4938,-36.1213,39.678],[175.4901,-36.1191,-0.1601],[175.4903,-36.1222,1.1482],[175.4922,-36.1222,24.9068],[175.4911,-36.1248,35.51],[175.4862,-36.1258,9.9702],[175.4875,-36.1274,124.8626],[175.4856,-36.1282,44.1853],[175.4869,-36.1339,0.0],[175.4908,-36.1382,0.0],[175.4945,-36.1373,0.0],[175.494,-36.1354,15.2709],[175.4989,-36.1355,7.7926],[175.5005,-36.134,1.2036],[175.4998,-36.1318,0.0],[175.5039,-36.1308,0.0],[175.5056,-36.1284,13.8786],[175.5099,-36.128,0.0],[175.5077,-36.1248,71.6568],[175.5137,-36.1234,0.0],[175.5108,-36.1235,20.5068],[175.5121,-36.1216,19.54],[175.5088,-36.1189,12.4404],[175.5022,-36.1181,96.9826],[175.5021,-36.117,4.823],[175.4971,-36.1183,40.6251],[175.4968,-36.1161,0.0]]],
[[[175.3173,-36.1253,7.4342],[175.3174,-36.1254,7.4342],[175.3177,-36.1255,7.4342],[175.3176,-36.1253,7.4342],[175.3173,-36.1253,7.4342]]],
[[[175.3597,-36.1222,0.0],[175.3596,-36.1223,0.0],[175.3598,-36.1224,0.0],[175.3598,-36.1223,0.0],[175.3597,-36.1222,0.0]]],
[[[175.3068,-36.1437,0.0],[175.3091,-36.1443,21.1032],[175.3102,-36.1427,23.6391],[175.3071,-36.1417,0.0],[175.3068,-36.1437,0.0]]],
[[[175.325,-36.142,0.0],[175.3246,-36.142,0.0],[175.3245,-36.1426,0.0],[175.3249,-36.1425,0.0],[175.325,-36.142,0.0]]],
[[[175.3091,-36.1419,23.6391],[175.3089,-36.1417,23.6391],[175.3087,-36.1418,23.6391],[175.309,-36.142,23.6391],[175.3091,-36.1419,23.6391]]]]}
,"properties": {"GID_2": "NZL.1.1_1","GID_0": "NZL","country": "NewZealand","GID_1": "NZL.1_1","province": "Auckland","NL_NAME_1": "NA","county": "Auckland","VARNAME_2": "NA","NL_NAME_2": "NA","TYPE_2": "District","ENGTYPE_2": "District","CC_2": "076","HASC_2": "NZ.AU.AL","name": "Auckland.county","area_km2": 4946.697,"hist_schema_id": "Elevation0-9000","hist_area_km2": {"0": 546.255,"25": 1160.499,"50": 931.632,"75": 691.152,"100": 454.041,"125": 321.273,"150": 213.263,"175": 165.101,"200": 126.578,"225": 94.264,"250": 66.559,"275": 49.147,"300": 37.672,"325": 29.556,"350": 20.041,"375": 13.724,"400": 8.566,"425": 5.391,"450": 3.492,"475": 2.387,"500": 2.098,"525": 1.158,"550": 0.988,"575": 0.716,"600": 0.563,"625": 0.308,"650": 0.154,"675": 0.103}}}